date,asset,close,volume
2017-09-04,ABEV3,19.73,241157365.0
2017-09-04,BBAS3,31.84,131657322.0
2017-09-04,BBDC3,32.5,21465083.0
2017-09-04,BBDC4,34.25,144471903.0
2017-09-04,BBSE3,27.93,62636989.0
2017-09-04,BRAP4,27.75,30331105.0
2017-09-04,BRFS3,44.39,103608267.0
2017-09-04,BRKM5,38.99,40363593.0
2017-09-04,BRML3,13.31,37712798.0
2017-09-04,BVMF3,22.55,55862864.0
2017-09-04,CCRO3,17.5,29235200.0
2017-09-04,CIEL3,22.16,58633164.0
2017-09-04,CMIG4,8.55,19715073.0
2017-09-04,CPFE3,27.15,11341997.0
2017-09-04,CPLE6,29.21,6294176.0
2017-09-04,CSAN3,39.24,33763134.0
2017-09-04,CSNA3,9.46,83131980.0
2017-09-04,CYRE3,13.34,17499571.0
2017-09-04,ECOR3,10.66,13013301.0
2017-09-04,EGIE3,35.87,10101124.0
2017-09-04,ELET3,18.01,27931082.0
2017-09-04,ELET6,20.95,11685430.0
2017-09-04,EMBR3,17.67,19254834.0
2017-09-04,ENBR3,15.28,14477265.0
2017-09-04,EQTL3,62.53,23363278.0
2017-09-04,ESTC3,26.52,47278393.0
2017-09-04,FIBR3,43.2,34126096.0
2017-09-04,GGBR4,12.91,74211230.0
2017-09-04,GOAU4,6.27,106463942.0
2017-09-04,HYPE3,29.4,28121729.0
2017-09-04,ITSA4,10.34,65291730.0
2017-09-04,ITUB4,40.97,162090035.0
2017-09-04,JBSS3,8.58,83742065.0
2017-09-04,KLBN11,17.88,28444104.0
2017-09-04,KROT3,17.88,40986429.0
2017-09-04,LAME4,18.11,56292117.0
2017-09-04,LREN3,31.39,36450531.0
2017-09-04,MRFG3,7.26,24614044.0
2017-09-04,MRVE3,13.6,29610401.0
2017-09-04,MULT3,72.31,34204355.0
2017-09-04,NATU3,29.51,17157277.0
2017-09-04,PCAR4,70.61,96258366.0
2017-09-04,PETR3,14.72,47147061.0
2017-09-04,PETR4,14.17,256032446.0
2017-09-04,QUAL3,34.63,57897658.0
2017-09-04,RADL3,70.2,50004416.0
2017-09-04,RAIL3,10.1,74456485.0
2017-09-04,RENT3,61.19,28325497.0
2017-09-04,SANB11,28.45,22747739.0
2017-09-04,SBSP3,32.58,17808541.0
2017-09-04,SMLE3,75.15,76108984.0
2017-09-04,SUZB5,17.69,77598537.0
2017-09-04,TAEE11,22.95,23751894.0
2017-09-04,TIMP3,11.21,7665256.0
2017-09-04,UGPA3,74.51,91191366.0
2017-09-04,USIM5,8.2,245185733.0
2017-09-04,VALE3,36.1,537441143.0
2017-09-04,VIVT4,49.07,20393063.0
2017-09-04,WEGE3,21.12,21694565.0
2017-09-05,ABEV3,19.82,364192966.0
2017-09-05,BBAS3,32.0,360299262.0
2017-09-05,BBDC3,32.52,50121846.0
2017-09-05,BBDC4,33.76,602492825.0
2017-09-05,BBSE3,28.32,156118981.0
2017-09-05,BRAP4,27.54,56050718.0
2017-09-05,BRFS3,44.5,135238195.0
2017-09-05,BRKM5,38.85,67632228.0
2017-09-05,BRML3,13.52,81284677.0
2017-09-05,BVMF3,22.6,198624832.0
2017-09-05,CCRO3,17.62,69617978.0
2017-09-05,CIEL3,22.11,135683774.0
2017-09-05,CMIG4,8.53,52402453.0
2017-09-05,CPFE3,27.17,26630964.0
2017-09-05,CPLE6,28.89,15213690.0
2017-09-05,CSAN3,39.15,38584510.0
2017-09-05,CSNA3,9.66,189689496.0
2017-09-05,CYRE3,13.67,37168934.0
2017-09-05,ECOR3,10.91,23969779.0
2017-09-05,EGIE3,36.2,38745661.0
2017-09-05,ELET3,18.8,57777490.0
2017-09-05,ELET6,21.5,45812608.0
2017-09-05,EMBR3,17.69,64312446.0
2017-09-05,ENBR3,15.26,20217494.0
2017-09-05,EQTL3,62.44,39877127.0
2017-09-05,ESTC3,26.52,65580123.0
2017-09-05,FIBR3,42.97,60472946.0
2017-09-05,GGBR4,12.62,240076273.0
2017-09-05,GOAU4,6.15,139742753.0
2017-09-05,HYPE3,29.85,65654192.0
2017-09-05,ITSA4,10.4,192186373.0
2017-09-05,ITUB4,40.99,629512801.0
2017-09-05,JBSS3,7.87,293820883.0
2017-09-05,KLBN11,17.75,43347091.0
2017-09-05,KROT3,17.8,108806070.0
2017-09-05,LAME4,18.13,100762347.0
2017-09-05,LREN3,32.0,76249885.0
2017-09-05,MRFG3,7.22,16184437.0
2017-09-05,MRVE3,13.81,47534334.0
2017-09-05,MULT3,72.54,59661998.0
2017-09-05,NATU3,29.63,30497757.0
2017-09-05,PCAR4,71.78,103653289.0
2017-09-05,PETR3,14.85,161660259.0
2017-09-05,PETR4,14.41,815730730.0
2017-09-05,QUAL3,35.4,60059255.0
2017-09-05,RADL3,72.4,119864756.0
2017-09-05,RAIL3,10.14,120967323.0
2017-09-05,RENT3,61.85,58757483.0
2017-09-05,SANB11,28.3,50768358.0
2017-09-05,SBSP3,32.43,32979493.0
2017-09-05,SMLE3,76.66,92523660.0
2017-09-05,SUZB5,18.07,133030072.0
2017-09-05,TAEE11,23.07,27439586.0
2017-09-05,TIMP3,11.33,41060589.0
2017-09-05,UGPA3,73.0,99925471.0
2017-09-05,USIM5,8.07,298058798.0
2017-09-05,VALE3,35.6,868431080.0
2017-09-05,VIVT4,49.0,59650246.0
2017-09-05,WEGE3,21.65,38744355.0
2017-09-06,ABEV3,20.13,404548186.0
2017-09-06,BBAS3,32.76,371244466.0
2017-09-06,BBDC3,33.2,48628364.0
2017-09-06,BBDC4,34.27,517425070.0
2017-09-06,BBSE3,28.72,118883647.0
2017-09-06,BRAP4,27.7,77796290.0
2017-09-06,BRFS3,44.98,103132568.0
2017-09-06,BRKM5,40.24,101573861.0
2017-09-06,BRML3,13.97,118743517.0
2017-09-06,BVMF3,22.76,187307937.0
2017-09-06,CCRO3,17.63,140003027.0
2017-09-06,CIEL3,22.4,119568744.0
2017-09-06,CMIG4,8.47,70387434.0
2017-09-06,CPFE3,27.16,41564450.0
2017-09-06,CPLE6,29.12,20233454.0
2017-09-06,CSAN3,39.0,100795797.0
2017-09-06,CSNA3,9.83,86263002.0
2017-09-06,CYRE3,13.83,62973449.0
2017-09-06,ECOR3,10.92,36487293.0
2017-09-06,EGIE3,36.0,37531978.0
2017-09-06,ELET3,19.07,63534918.0
2017-09-06,ELET6,22.0,32428575.0
2017-09-06,EMBR3,18.25,173375996.0
2017-09-06,ENBR3,15.25,18784930.0
2017-09-06,EQTL3,63.25,50632871.0
2017-09-06,ESTC3,28.09,96473625.0
2017-09-06,FIBR3,42.97,42703708.0
2017-09-06,GGBR4,12.91,136263158.0
2017-09-06,GOAU4,6.24,72001150.0
2017-09-06,HYPE3,30.65,147845794.0
2017-09-06,ITSA4,10.69,282510744.0
2017-09-06,ITUB4,42.09,603662643.0
2017-09-06,JBSS3,7.97,125894437.0
2017-09-06,KLBN11,17.66,46775515.0
2017-09-06,KROT3,18.16,201967116.0
2017-09-06,LAME4,18.7,123801003.0
2017-09-06,LREN3,33.18,140886891.0
2017-09-06,MRFG3,7.24,10521266.0
2017-09-06,MRVE3,14.28,66633991.0
2017-09-06,MULT3,74.81,77684887.0
2017-09-06,NATU3,29.7,34799621.0
2017-09-06,PCAR4,73.95,113870958.0
2017-09-06,PETR3,15.5,185901271.0
2017-09-06,PETR4,15.02,1012719618.0
2017-09-06,QUAL3,35.87,71642446.0
2017-09-06,RADL3,73.38,71626716.0
2017-09-06,RAIL3,9.75,288547522.0
2017-09-06,RENT3,61.98,86575051.0
2017-09-06,SANB11,29.07,56830482.0
2017-09-06,SBSP3,33.04,57368909.0
2017-09-06,SMLE3,76.89,110112187.0
2017-09-06,SUZB5,18.11,86881125.0
2017-09-06,TAEE11,22.78,45324725.0
2017-09-06,TIMP3,11.29,37744655.0
2017-09-06,UGPA3,73.74,136690655.0
2017-09-06,USIM5,8.33,201423982.0
2017-09-06,VALE3,35.8,648197585.0
2017-09-06,VIVT4,48.76,92419509.0
2017-09-06,WEGE3,21.43,62057378.0
2017-09-08,ABEV3,20.1,292266930.0
2017-09-08,BBAS3,32.66,219562435.0
2017-09-08,BBDC3,33.3,27439756.0
2017-09-08,BBDC4,34.0,287185826.0
2017-09-08,BBSE3,29.1,95071950.0
2017-09-08,BRAP4,26.66,55094506.0
2017-09-08,BRFS3,43.93,113052482.0
2017-09-08,BRKM5,39.5,56271203.0
2017-09-08,BRML3,14.1,37399590.0
2017-09-08,BVMF3,22.94,139082533.0
2017-09-08,CCRO3,18.16,112988693.0
2017-09-08,CIEL3,22.18,196591899.0
2017-09-08,CMIG4,8.49,63378151.0
2017-09-08,CPFE3,27.21,13823537.0
2017-09-08,CPLE6,29.12,13645597.0
2017-09-08,CSAN3,38.69,39285870.0
2017-09-08,CSNA3,10.0,90074543.0
2017-09-08,CYRE3,13.95,33462218.0
2017-09-08,ECOR3,11.02,16326099.0
2017-09-08,EGIE3,36.81,113781273.0
2017-09-08,ELET3,19.7,81908544.0
2017-09-08,ELET6,22.96,58724478.0
2017-09-08,EMBR3,18.32,30330953.0
2017-09-08,ENBR3,15.33,22364472.0
2017-09-08,EQTL3,63.92,55451355.0
2017-09-08,ESTC3,27.8,98831059.0
2017-09-08,FIBR3,43.24,37193543.0
2017-09-08,GGBR4,12.22,188906261.0
2017-09-08,GOAU4,5.97,124200112.0
2017-09-08,HYPE3,31.12,74254302.0
2017-09-08,ITSA4,10.72,261833780.0
2017-09-08,ITUB4,42.04,331573546.0
2017-09-08,JBSS3,8.19,116834275.0
2017-09-08,KLBN11,17.65,23442244.0
2017-09-08,KROT3,18.18,129716331.0
2017-09-08,LAME4,18.8,78440574.0
2017-09-08,LREN3,33.41,110009304.0
2017-09-08,MRFG3,7.25,16184940.0
2017-09-08,MRVE3,14.41,33230957.0
2017-09-08,MULT3,75.32,53671880.0
2017-09-08,NATU3,30.35,34350147.0
2017-09-08,PCAR4,74.63,60045005.0
2017-09-08,PETR3,15.19,110849980.0
2017-09-08,PETR4,14.71,539496795.0
2017-09-08,QUAL3,36.36,75564697.0
2017-09-08,RADL3,74.5,38620566.0
2017-09-08,RAIL3,9.86,85374204.0
2017-09-08,RENT3,63.25,78973678.0
2017-09-08,SANB11,28.63,43704578.0
2017-09-08,SBSP3,33.45,41321220.0
2017-09-08,SMLE3,79.0,85372698.0
2017-09-08,SUZB5,18.1,54770226.0
2017-09-08,TAEE11,23.0,30825560.0
2017-09-08,TIMP3,11.1,37771587.0
2017-09-08,UGPA3,74.21,74341086.0
2017-09-08,USIM5,8.13,122515772.0
2017-09-08,VALE3,34.48,804134835.0
2017-09-08,VIVT4,49.1,91355526.0
2017-09-08,WEGE3,21.13,57111358.0
2017-09-11,ABEV3,20.26,226188816.0
2017-09-11,BBAS3,33.83,422937675.0
2017-09-11,BBDC3,34.0,44112644.0
2017-09-11,BBDC4,35.31,389455415.0
2017-09-11,BBSE3,28.9,102973540.0
2017-09-11,BRAP4,26.95,49939766.0
2017-09-11,BRFS3,44.47,101038744.0
2017-09-11,BRKM5,40.78,52799696.0
2017-09-11,BRML3,14.21,44881824.0
2017-09-11,BVMF3,22.97,297691351.0
2017-09-11,CCRO3,18.54,135052496.0
2017-09-11,CIEL3,23.01,153538108.0
2017-09-11,CMIG4,8.72,74069455.0
2017-09-11,CPFE3,27.21,60056570.0
2017-09-11,CPLE6,29.39,17961635.0
2017-09-11,CSAN3,38.86,35651558.0
2017-09-11,CSNA3,10.5,109554845.0
2017-09-11,CYRE3,14.51,45063336.0
2017-09-11,ECOR3,11.42,25083294.0
2017-09-11,EGIE3,37.84,32812727.0
2017-09-11,ELET3,21.09,91190615.0
2017-09-11,ELET6,24.33,64832886.0
2017-09-11,EMBR3,18.29,33533905.0
2017-09-11,ENBR3,15.46,20081819.0
2017-09-11,EQTL3,64.0,100208023.0
2017-09-11,ESTC3,28.5,87764011.0
2017-09-11,FIBR3,43.08,49653388.0
2017-09-11,GGBR4,12.36,148584781.0
2017-09-11,GOAU4,6.14,83779544.0
2017-09-11,HYPE3,31.49,79761556.0
2017-09-11,ITSA4,10.86,286154440.0
2017-09-11,ITUB4,42.75,410498522.0
2017-09-11,JBSS3,8.13,127404699.0
2017-09-11,KLBN11,18.18,36331383.0
2017-09-11,KROT3,18.13,161077769.0
2017-09-11,LAME4,19.06,74876512.0
2017-09-11,LREN3,33.69,124904995.0
2017-09-11,MRFG3,7.25,10455051.0
2017-09-11,MRVE3,14.74,58313714.0
2017-09-11,MULT3,75.32,64693381.0
2017-09-11,NATU3,31.54,131434389.0
2017-09-11,PCAR4,75.7,76953055.0
2017-09-11,PETR3,15.52,115859606.0
2017-09-11,PETR4,14.99,522219026.0
2017-09-11,QUAL3,36.5,105795555.0
2017-09-11,RADL3,75.5,66579633.0
2017-09-11,RAIL3,9.9,71313917.0
2017-09-11,RENT3,63.79,43934215.0
2017-09-11,SANB11,29.11,90608651.0
2017-09-11,SBSP3,33.68,26582352.0
2017-09-11,SMLE3,79.76,90832715.0
2017-09-11,SUZB5,18.19,37866213.0
2017-09-11,TAEE11,23.2,23938896.0
2017-09-11,TIMP3,11.3,54754553.0
2017-09-11,UGPA3,74.74,65808067.0
2017-09-11,USIM5,8.53,168331125.0
2017-09-11,VALE3,35.09,670106618.0
2017-09-11,VIVT4,50.05,97786462.0
2017-09-11,WEGE3,21.57,56279304.0
2017-09-12,ABEV3,21.01,595515442.0
2017-09-12,BBAS3,33.38,244742845.0
2017-09-12,BBDC3,33.68,83460558.0
2017-09-12,BBDC4,35.26,349849563.0
2017-09-12,BBSE3,28.9,131166911.0
2017-09-12,BRAP4,27.07,47799892.0
2017-09-12,BRFS3,44.45,112258856.0
2017-09-12,BRKM5,41.68,54803540.0
2017-09-12,BRML3,14.08,41866035.0
2017-09-12,BVMF3,22.9,266562813.0
2017-09-12,CCRO3,18.45,67617042.0
2017-09-12,CIEL3,23.2,121393025.0
2017-09-12,CMIG4,9.03,136383772.0
2017-09-12,CPFE3,27.17,23145371.0
2017-09-12,CPLE6,29.44,8591974.0
2017-09-12,CSAN3,38.87,29588867.0
2017-09-12,CSNA3,10.63,143442496.0
2017-09-12,CYRE3,14.3,39458142.0
2017-09-12,ECOR3,11.14,20770579.0
2017-09-12,EGIE3,37.59,48871812.0
2017-09-12,ELET3,21.47,115899995.0
2017-09-12,ELET6,24.69,77599628.0
2017-09-12,EMBR3,18.5,30065655.0
2017-09-12,ENBR3,15.69,17244971.0
2017-09-12,EQTL3,64.24,66176130.0
2017-09-12,ESTC3,28.08,114616948.0
2017-09-12,FIBR3,42.0,103247004.0
2017-09-12,GGBR4,12.2,181168337.0
2017-09-12,GOAU4,5.99,122721194.0
2017-09-12,HYPE3,31.41,67363293.0
2017-09-12,ITSA4,10.91,166199098.0
2017-09-12,ITUB4,42.63,318798413.0
2017-09-12,JBSS3,8.08,82882831.0
2017-09-12,KLBN11,18.52,51650953.0
2017-09-12,KROT3,18.41,237253520.0
2017-09-12,LAME4,18.9,104586433.0
2017-09-12,LREN3,34.6,491502386.0
2017-09-12,MRFG3,7.19,18769793.0
2017-09-12,MRVE3,14.42,35525863.0
2017-09-12,MULT3,75.5,40657099.0
2017-09-12,NATU3,32.5,85020768.0
2017-09-12,PCAR4,76.06,66162602.0
2017-09-12,PETR3,15.4,77933150.0
2017-09-12,PETR4,14.87,746802173.0
2017-09-12,QUAL3,36.27,59541679.0
2017-09-12,RADL3,76.15,47745725.0
2017-09-12,RAIL3,9.82,79131284.0
2017-09-12,RENT3,63.72,35749605.0
2017-09-12,SANB11,28.8,97469596.0
2017-09-12,SBSP3,33.97,23392835.0
2017-09-12,SMLE3,79.68,39531823.0
2017-09-12,SUZB5,18.1,57569961.0
2017-09-12,TAEE11,23.04,23265010.0
2017-09-12,TIMP3,11.26,26040954.0
2017-09-12,UGPA3,75.86,81946041.0
2017-09-12,USIM5,8.5,222766066.0
2017-09-12,VALE3,35.26,572245115.0
2017-09-12,VIVT4,50.53,62722711.0
2017-09-12,WEGE3,21.53,23938581.0
2017-09-13,ABEV3,21.18,233631848.0
2017-09-13,BBAS3,33.59,262160525.0
2017-09-13,BBDC3,34.0,40753622.0
2017-09-13,BBDC4,35.41,363463602.0
2017-09-13,BBSE3,28.69,202609439.0
2017-09-13,BRAP4,26.79,41106474.0
2017-09-13,BRFS3,45.33,156038607.0
2017-09-13,BRKM5,41.0,61029800.0
2017-09-13,BRML3,14.42,78952194.0
2017-09-13,BVMF3,22.9,461082028.0
2017-09-13,CCRO3,18.5,87966635.0
2017-09-13,CIEL3,23.3,186462331.0
2017-09-13,CMIG4,8.85,70721647.0
2017-09-13,CPFE3,27.19,20737054.0
2017-09-13,CPLE6,29.48,7960046.0
2017-09-13,CSAN3,39.22,39164441.0
2017-09-13,CSNA3,10.42,93311800.0
2017-09-13,CYRE3,14.2,42467530.0
2017-09-13,ECOR3,11.16,24542854.0
2017-09-13,EGIE3,37.63,60585225.0
2017-09-13,ELET3,21.02,61532188.0
2017-09-13,ELET6,24.16,45448143.0
2017-09-13,EMBR3,18.69,37720074.0
2017-09-13,ENBR3,15.49,17973342.0
2017-09-13,EQTL3,63.92,33707330.0
2017-09-13,ESTC3,28.45,150740437.0
2017-09-13,FIBR3,41.2,88738431.0
2017-09-13,GGBR4,12.03,151019028.0
2017-09-13,GOAU4,5.9,132855298.0
2017-09-13,HYPE3,31.74,135756331.0
2017-09-13,ITSA4,10.94,173863695.0
2017-09-13,ITUB4,42.93,386002715.0
2017-09-13,JBSS3,8.27,95136100.0
2017-09-13,KLBN11,18.69,29424785.0
2017-09-13,KROT3,19.0,227329130.0
2017-09-13,LAME4,19.08,97015442.0
2017-09-13,LREN3,34.28,89522834.0
2017-09-13,MRFG3,7.18,7251363.0
2017-09-13,MRVE3,14.27,36558895.0
2017-09-13,MULT3,75.55,61375448.0
2017-09-13,NATU3,33.49,78722663.0
2017-09-13,PCAR4,75.19,49773044.0
2017-09-13,PETR3,15.68,110732944.0
2017-09-13,PETR4,15.03,554233269.0
2017-09-13,QUAL3,35.85,53166078.0
2017-09-13,RADL3,75.5,47743216.0
2017-09-13,RAIL3,9.84,50901990.0
2017-09-13,RENT3,61.65,109286793.0
2017-09-13,SANB11,28.82,77836179.0
2017-09-13,SBSP3,33.53,36068049.0
2017-09-13,SMLE3,79.6,70605883.0
2017-09-13,SUZB5,18.15,46488055.0
2017-09-13,TAEE11,23.01,18943841.0
2017-09-13,TIMP3,11.39,23305171.0
2017-09-13,UGPA3,76.7,86558310.0
2017-09-13,USIM5,8.46,127673537.0
2017-09-13,VALE3,34.77,761740408.0
2017-09-13,VIVT4,51.25,65501829.0
2017-09-13,WEGE3,21.85,35976277.0
2017-09-14,ABEV3,21.19,171456071.0
2017-09-14,BBAS3,33.62,174286891.0
2017-09-14,BBDC3,33.92,46957064.0
2017-09-14,BBDC4,35.14,287782404.0
2017-09-14,BBSE3,28.96,89669285.0
2017-09-14,BRAP4,25.7,107365404.0
2017-09-14,BRFS3,45.4,187790872.0
2017-09-14,BRKM5,40.9,37308336.0
2017-09-14,BRML3,14.59,34672112.0
2017-09-14,BVMF3,23.37,296904038.0
2017-09-14,CCRO3,18.69,81840374.0
2017-09-14,CIEL3,23.32,138812313.0
2017-09-14,CMIG4,8.85,92914290.0
2017-09-14,CPFE3,27.18,15380250.0
2017-09-14,CPLE6,29.41,6645033.0
2017-09-14,CSAN3,38.8,50181679.0
2017-09-14,CSNA3,10.39,86469023.0
2017-09-14,CYRE3,14.49,25378678.0
2017-09-14,ECOR3,11.32,18720375.0
2017-09-14,EGIE3,37.35,36438803.0
2017-09-14,ELET3,21.4,53689122.0
2017-09-14,ELET6,24.54,39013457.0
2017-09-14,EMBR3,18.49,52329744.0
2017-09-14,ENBR3,15.52,20737011.0
2017-09-14,EQTL3,64.28,77992218.0
2017-09-14,ESTC3,28.4,215459598.0
2017-09-14,FIBR3,40.7,106186009.0
2017-09-14,GGBR4,11.94,106172648.0
2017-09-14,GOAU4,5.75,116486223.0
2017-09-14,HYPE3,32.05,162494004.0
2017-09-14,ITSA4,10.98,249770761.0
2017-09-14,ITUB4,42.83,288231444.0
2017-09-14,JBSS3,8.59,127624036.0
2017-09-14,KLBN11,18.5,32604606.0
2017-09-14,KROT3,19.45,289591118.0
2017-09-14,LAME4,19.51,110749983.0
2017-09-14,LREN3,34.27,174382999.0
2017-09-14,MRFG3,7.1,23055444.0
2017-09-14,MRVE3,14.21,32091798.0
2017-09-14,MULT3,76.13,41289997.0
2017-09-14,NATU3,33.89,84223800.0
2017-09-14,PCAR4,74.56,101277529.0
2017-09-14,PETR3,15.65,85310685.0
2017-09-14,PETR4,15.04,520943158.0
2017-09-14,QUAL3,35.9,66529809.0
2017-09-14,RADL3,76.1,56470771.0
2017-09-14,RAIL3,9.95,114667516.0
2017-09-14,RENT3,61.36,60561703.0
2017-09-14,SANB11,28.16,111073106.0
2017-09-14,SBSP3,32.96,63599303.0
2017-09-14,SMLE3,79.22,48206755.0
2017-09-14,SUZB5,17.86,54117543.0
2017-09-14,TAEE11,23.01,19075242.0
2017-09-14,TIMP3,11.24,52552915.0
2017-09-14,UGPA3,77.09,78594484.0
2017-09-14,USIM5,8.43,106273625.0
2017-09-14,VALE3,33.62,818373746.0
2017-09-14,VIVT4,50.93,64530503.0
2017-09-14,WEGE3,22.35,35834477.0
2017-09-15,ABEV3,21.46,560856670.0
2017-09-15,BBAS3,34.11,411078027.0
2017-09-15,BBDC3,34.89,146042672.0
2017-09-15,BBDC4,35.89,626519798.0
2017-09-15,BBSE3,29.67,147771193.0
2017-09-15,BRAP4,25.75,126186736.0
2017-09-15,BRFS3,46.37,197601736.0
2017-09-15,BRKM5,41.2,80692005.0
2017-09-15,BRML3,15.23,217064535.0
2017-09-15,BVMF3,23.63,406789399.0
2017-09-15,CCRO3,19.22,159690263.0
2017-09-15,CIEL3,23.35,283805757.0
2017-09-15,CMIG4,8.94,101669752.0
2017-09-15,CPFE3,27.24,62142280.0
2017-09-15,CPLE6,29.59,18774281.0
2017-09-15,CSAN3,39.36,55717657.0
2017-09-15,CSNA3,10.85,87886216.0
2017-09-15,CYRE3,14.54,32388968.0
2017-09-15,ECOR3,11.35,14890386.0
2017-09-15,EGIE3,36.56,76842372.0
2017-09-15,ELET3,21.54,88538318.0
2017-09-15,ELET6,24.63,58112053.0
2017-09-15,EMBR3,18.6,83204384.0
2017-09-15,ENBR3,16.1,45750885.0
2017-09-15,EQTL3,63.63,119072041.0
2017-09-15,ESTC3,28.5,122633871.0
2017-09-15,FIBR3,41.55,184834057.0
2017-09-15,GGBR4,12.16,186629047.0
2017-09-15,GOAU4,5.84,113731486.0
2017-09-15,HYPE3,32.8,144428050.0
2017-09-15,ITSA4,11.22,311492764.0
2017-09-15,ITUB4,43.63,884035444.0
2017-09-15,JBSS3,8.85,156375202.0
2017-09-15,KLBN11,19.4,69105003.0
2017-09-15,KROT3,19.69,330081682.0
2017-09-15,LAME4,19.91,271704892.0
2017-09-15,LREN3,35.49,177344494.0
2017-09-15,MRFG3,7.17,12112905.0
2017-09-15,MRVE3,14.54,34581625.0
2017-09-15,MULT3,79.13,124277398.0
2017-09-15,NATU3,34.66,58409419.0
2017-09-15,PCAR4,75.21,114462795.0
2017-09-15,PETR3,15.58,287773315.0
2017-09-15,PETR4,15.04,720622312.0
2017-09-15,QUAL3,36.8,252308203.0
2017-09-15,RADL3,76.63,122478447.0
2017-09-15,RAIL3,10.2,105275473.0
2017-09-15,RENT3,61.7,193214027.0
2017-09-15,SANB11,28.76,92771444.0
2017-09-15,SBSP3,33.49,78163240.0
2017-09-15,SMLE3,82.04,71317838.0
2017-09-15,SUZB5,18.1,92849829.0
2017-09-15,TAEE11,23.33,32277799.0
2017-09-15,TIMP3,11.39,61017133.0
2017-09-15,UGPA3,77.75,222631817.0
2017-09-15,USIM5,8.68,134934648.0
2017-09-15,VALE3,33.8,1158181592.0
2017-09-15,VIVT4,51.9,118623626.0
2017-09-15,WEGE3,22.88,82672962.0
2017-09-18,ABEV3,21.2,295902196.0
2017-09-18,BBAS3,34.58,233464897.0
2017-09-18,BBDC3,34.62,48715845.0
2017-09-18,BBDC4,36.2,342305891.0
2017-09-18,BBSE3,29.48,58305338.0
2017-09-18,BRAP4,25.88,68791285.0
2017-09-18,BRFS3,46.45,79259091.0
2017-09-18,BRKM5,41.3,41915686.0
2017-09-18,BRML3,15.18,56823250.0
2017-09-18,BVMF3,23.78,164247309.0
2017-09-18,CCRO3,18.85,75877470.0
2017-09-18,CIEL3,22.63,164592262.0
2017-09-18,CMIG4,9.12,93843071.0
2017-09-18,CPFE3,27.24,22173212.0
2017-09-18,CPLE6,29.55,8744792.0
2017-09-18,CSAN3,38.63,54361819.0
2017-09-18,CSNA3,11.22,101442567.0
2017-09-18,CYRE3,14.8,35544573.0
2017-09-18,ECOR3,11.2,37331442.0
2017-09-18,EGIE3,37.13,21538445.0
2017-09-18,ELET3,21.84,64827489.0
2017-09-18,ELET6,24.8,36448084.0
2017-09-18,EMBR3,18.56,36880452.0
2017-09-18,ENBR3,15.77,17615691.0
2017-09-18,EQTL3,64.07,84995685.0
2017-09-18,ESTC3,27.87,147813542.0
2017-09-18,FIBR3,41.35,172240027.0
2017-09-18,GGBR4,12.26,123948464.0
2017-09-18,GOAU4,5.96,117624035.0
2017-09-18,HYPE3,32.95,72840483.0
2017-09-18,ITSA4,11.29,154064841.0
2017-09-18,ITUB4,43.94,426014636.0
2017-09-18,JBSS3,8.5,191480993.0
2017-09-18,KLBN11,19.05,45099631.0
2017-09-18,KROT3,19.5,122736538.0
2017-09-18,LAME4,20.14,116466004.0
2017-09-18,LREN3,35.8,100635187.0
2017-09-18,MRFG3,7.1,9414290.0
2017-09-18,MRVE3,14.46,31602679.0
2017-09-18,MULT3,77.26,55947981.0
2017-09-18,NATU3,34.92,53566337.0
2017-09-18,PCAR4,78.3,83772390.0
2017-09-18,PETR3,15.73,88949919.0
2017-09-18,PETR4,15.04,717027544.0
2017-09-18,QUAL3,37.08,87996651.0
2017-09-18,RADL3,76.5,69299546.0
2017-09-18,RAIL3,10.5,256768026.0
2017-09-18,RENT3,61.05,144889729.0
2017-09-18,SANB11,28.78,66094822.0
2017-09-18,SBSP3,33.29,31914767.0
2017-09-18,SMLE3,81.25,54107863.0
2017-09-18,SUZB5,18.36,67535521.0
2017-09-18,TAEE11,23.3,22345136.0
2017-09-18,TIMP3,11.64,48373647.0
2017-09-18,UGPA3,77.38,73574740.0
2017-09-18,USIM5,9.3,263446586.0
2017-09-18,VALE3,34.25,635846965.0
2017-09-18,VIVT4,51.92,63707975.0
2017-09-18,WEGE3,23.63,38116158.0
2017-09-19,ABEV3,21.4,215376546.0
2017-09-19,BBAS3,34.54,203699280.0
2017-09-19,BBDC3,34.91,48040939.0
2017-09-19,BBDC4,36.31,333069812.0
2017-09-19,BBSE3,29.0,128086646.0
2017-09-19,BRAP4,25.71,41460108.0
2017-09-19,BRFS3,46.5,88451594.0
2017-09-19,BRKM5,42.12,46082465.0
2017-09-19,BRML3,15.19,61576898.0
2017-09-19,BVMF3,24.27,158270593.0
2017-09-19,CCRO3,18.85,61269366.0
2017-09-19,CIEL3,22.48,167183003.0
2017-09-19,CMIG4,8.83,95068369.0
2017-09-19,CPFE3,27.24,18344008.0
2017-09-19,CPLE6,29.21,9771135.0
2017-09-19,CSAN3,38.59,62273765.0
2017-09-19,CSNA3,10.9,86477191.0
2017-09-19,CYRE3,14.47,38044838.0
2017-09-19,ECOR3,11.33,19355902.0
2017-09-19,EGIE3,36.8,32118620.0
2017-09-19,ELET3,21.55,57800577.0
2017-09-19,ELET6,25.21,33943684.0
2017-09-19,EMBR3,18.54,49392160.0
2017-09-19,ENBR3,15.7,17970799.0
2017-09-19,EQTL3,63.97,41908909.0
2017-09-19,ESTC3,27.86,124827033.0
2017-09-19,FIBR3,41.88,77827048.0
2017-09-19,GGBR4,11.9,170334838.0
2017-09-19,GOAU4,5.81,110010291.0
2017-09-19,HYPE3,33.53,98925651.0
2017-09-19,ITSA4,11.25,161431584.0
2017-09-19,ITUB4,43.78,401130583.0
2017-09-19,JBSS3,8.42,85166342.0
2017-09-19,KLBN11,19.31,26157824.0
2017-09-19,KROT3,19.24,96879029.0
2017-09-19,LAME4,20.12,61883688.0
2017-09-19,LREN3,34.9,131629699.0
2017-09-19,MRFG3,6.97,8728805.0
2017-09-19,MRVE3,14.58,26568457.0
2017-09-19,MULT3,77.33,54369088.0
2017-09-19,NATU3,33.33,81562167.0
2017-09-19,PCAR4,79.48,100129552.0
2017-09-19,PETR3,15.78,71695651.0
2017-09-19,PETR4,15.14,539409231.0
2017-09-19,QUAL3,37.72,63960984.0
2017-09-19,RADL3,76.76,45485360.0
2017-09-19,RAIL3,10.57,181702232.0
2017-09-19,RENT3,62.22,42737474.0
2017-09-19,SANB11,28.6,48315915.0
2017-09-19,SBSP3,32.55,44588246.0
2017-09-19,SMLE3,80.1,77943878.0
2017-09-19,SUZB5,19.04,68152213.0
2017-09-19,TAEE11,22.67,40917343.0
2017-09-19,TIMP3,11.89,66304640.0
2017-09-19,UGPA3,77.5,102912814.0
2017-09-19,USIM5,9.2,258038834.0
2017-09-19,VALE3,33.92,576516887.0
2017-09-19,VIVT4,52.58,82101227.0
2017-09-19,WEGE3,23.45,36579725.0
2017-09-20,ABEV3,21.48,364475168.0
2017-09-20,BBAS3,34.76,421063585.0
2017-09-20,BBDC3,34.63,32349214.0
2017-09-20,BBDC4,36.1,330914353.0
2017-09-20,BBSE3,28.93,67408982.0
2017-09-20,BRAP4,25.19,50649535.0
2017-09-20,BRFS3,46.89,149685863.0
2017-09-20,BRKM5,44.94,113871562.0
2017-09-20,BRML3,14.88,37136344.0
2017-09-20,BVMF3,24.79,358765214.0
2017-09-20,CCRO3,18.6,61160098.0
2017-09-20,CIEL3,21.92,156830019.0
2017-09-20,CMIG4,8.97,50269584.0
2017-09-20,CPFE3,27.22,24967377.0
2017-09-20,CPLE6,29.64,13472575.0
2017-09-20,CSAN3,39.0,37350654.0
2017-09-20,CSNA3,10.55,107389198.0
2017-09-20,CYRE3,14.79,32642061.0
2017-09-20,ECOR3,11.11,32263331.0
2017-09-20,EGIE3,36.5,51068762.0
2017-09-20,ELET3,22.0,72336760.0
2017-09-20,ELET6,25.64,38529392.0
2017-09-20,EMBR3,18.16,44828418.0
2017-09-20,ENBR3,15.65,13851086.0
2017-09-20,EQTL3,63.3,54380753.0
2017-09-20,ESTC3,28.6,318932694.0
2017-09-20,FIBR3,41.8,58257910.0
2017-09-20,GGBR4,11.83,205241865.0
2017-09-20,GOAU4,5.7,124269792.0
2017-09-20,HYPE3,33.67,75562492.0
2017-09-20,ITSA4,11.14,176572788.0
2017-09-20,ITUB4,43.32,368403539.0
2017-09-20,JBSS3,8.33,97625775.0
2017-09-20,KLBN11,19.24,38773619.0
2017-09-20,KROT3,19.67,205681917.0
2017-09-20,LAME4,19.67,93389609.0
2017-09-20,LREN3,34.73,63968343.0
2017-09-20,MRFG3,6.92,8915574.0
2017-09-20,MRVE3,14.37,42395919.0
2017-09-20,MULT3,75.52,57560492.0
2017-09-20,NATU3,33.0,44612353.0
2017-09-20,PCAR4,79.36,117328900.0
2017-09-20,PETR3,16.38,182269504.0
2017-09-20,PETR4,15.87,1242227628.0
2017-09-20,QUAL3,38.21,66227875.0
2017-09-20,RADL3,75.3,59263752.0
2017-09-20,RAIL3,10.49,98500857.0
2017-09-20,RENT3,61.09,64033932.0
2017-09-20,SANB11,28.42,65788208.0
2017-09-20,SBSP3,33.58,35544699.0
2017-09-20,SMLE3,80.0,82587609.0
2017-09-20,SUZB5,18.98,70659800.0
2017-09-20,TAEE11,22.7,20783778.0
2017-09-20,TIMP3,12.01,75507721.0
2017-09-20,UGPA3,78.1,81056622.0
2017-09-20,USIM5,9.35,244521313.0
2017-09-20,VALE3,33.17,806842275.0
2017-09-20,VIVT4,52.44,108792640.0
2017-09-20,WEGE3,22.66,62331200.0
2017-09-21,ABEV3,21.36,193220882.0
2017-09-21,BBAS3,35.52,588783782.0
2017-09-21,BBDC3,34.3,40645323.0
2017-09-21,BBDC4,36.11,272235168.0
2017-09-21,BBSE3,28.69,150173596.0
2017-09-21,BRAP4,24.5,72736705.0
2017-09-21,BRFS3,47.12,100400950.0
2017-09-21,BRKM5,44.33,57993303.0
2017-09-21,BRML3,14.7,41015744.0
2017-09-21,BVMF3,24.98,180098058.0
2017-09-21,CCRO3,18.38,71754661.0
2017-09-21,CIEL3,21.58,238353101.0
2017-09-21,CMIG4,8.92,84742355.0
2017-09-21,CPFE3,27.21,45324329.0
2017-09-21,CPLE6,29.49,9153606.0
2017-09-21,CSAN3,38.91,40329542.0
2017-09-21,CSNA3,10.24,80668079.0
2017-09-21,CYRE3,14.73,12620508.0
2017-09-21,ECOR3,11.22,24738386.0
2017-09-21,EGIE3,36.19,27719489.0
2017-09-21,ELET3,21.25,59652496.0
2017-09-21,ELET6,24.71,30532423.0
2017-09-21,EMBR3,18.15,30092250.0
2017-09-21,ENBR3,15.49,21192992.0
2017-09-21,EQTL3,62.0,63876226.0
2017-09-21,ESTC3,29.73,246062878.0
2017-09-21,FIBR3,41.4,35713331.0
2017-09-21,GGBR4,11.55,95703066.0
2017-09-21,GOAU4,5.62,80544479.0
2017-09-21,HYPE3,33.6,69627409.0
2017-09-21,ITSA4,11.15,195523751.0
2017-09-21,ITUB4,43.38,364474291.0
2017-09-21,JBSS3,8.24,76004595.0
2017-09-21,KLBN11,19.15,35362640.0
2017-09-21,KROT3,19.49,166361443.0
2017-09-21,LAME4,19.36,100358967.0
2017-09-21,LREN3,34.61,103830752.0
2017-09-21,MRFG3,6.82,11823034.0
2017-09-21,MRVE3,14.37,23673850.0
2017-09-21,MULT3,75.2,71366485.0
2017-09-21,NATU3,32.24,52558627.0
2017-09-21,PCAR4,77.93,103915410.0
2017-09-21,PETR3,16.18,133940379.0
2017-09-21,PETR4,15.67,729603953.0
2017-09-21,QUAL3,37.6,51910772.0
2017-09-21,RADL3,75.67,61116120.0
2017-09-21,RAIL3,10.39,159533419.0
2017-09-21,RENT3,61.71,86417104.0
2017-09-21,SANB11,28.13,57445584.0
2017-09-21,SBSP3,33.51,42880337.0
2017-09-21,SMLE3,79.81,97815263.0
2017-09-21,SUZB5,18.7,66630896.0
2017-09-21,TAEE11,22.37,22183881.0
2017-09-21,TIMP3,12.0,27094748.0
2017-09-21,UGPA3,77.75,71822463.0
2017-09-21,USIM5,9.52,197159771.0
2017-09-21,VALE3,32.51,849043437.0
2017-09-21,VIVT4,52.0,55171613.0
2017-09-21,WEGE3,22.45,49033095.0
2017-09-22,ABEV3,21.52,266033397.0
2017-09-22,BBAS3,35.3,190946531.0
2017-09-22,BBDC3,34.31,21770950.0
2017-09-22,BBDC4,36.02,190683283.0
2017-09-22,BBSE3,28.75,88091270.0
2017-09-22,BRAP4,24.2,56682519.0
2017-09-22,BRFS3,47.08,133574116.0
2017-09-22,BRKM5,43.65,40359927.0
2017-09-22,BRML3,14.5,88696230.0
2017-09-22,BVMF3,24.99,233694871.0
2017-09-22,CCRO3,18.12,72836126.0
2017-09-22,CIEL3,21.4,131278337.0
2017-09-22,CMIG4,8.67,54662641.0
2017-09-22,CPFE3,27.22,20503555.0
2017-09-22,CPLE6,29.25,9973723.0
2017-09-22,CSAN3,37.8,34346727.0
2017-09-22,CSNA3,9.72,106497546.0
2017-09-22,CYRE3,14.57,23374490.0
2017-09-22,ECOR3,11.06,38576209.0
2017-09-22,EGIE3,36.05,21007892.0
2017-09-22,ELET3,21.0,33679405.0
2017-09-22,ELET6,24.58,14273352.0
2017-09-22,EMBR3,18.04,20038005.0
2017-09-22,ENBR3,15.27,20272968.0
2017-09-22,EQTL3,62.05,57699971.0
2017-09-22,ESTC3,30.4,136832827.0
2017-09-22,FIBR3,41.11,18391905.0
2017-09-22,GGBR4,11.31,76078846.0
2017-09-22,GOAU4,5.52,66103950.0
2017-09-22,HYPE3,33.05,63802071.0
2017-09-22,ITSA4,11.13,189492094.0
2017-09-22,ITUB4,43.53,257592935.0
2017-09-22,JBSS3,8.32,66517711.0
2017-09-22,KLBN11,19.28,23786846.0
2017-09-22,KROT3,19.28,94446784.0
2017-09-22,LAME4,19.53,75202282.0
2017-09-22,LREN3,34.61,185611888.0
2017-09-22,MRFG3,6.75,10367879.0
2017-09-22,MRVE3,14.18,28962195.0
2017-09-22,MULT3,74.95,55602945.0
2017-09-22,NATU3,32.01,62143729.0
2017-09-22,PCAR4,78.09,56766501.0
2017-09-22,PETR3,16.2,77001007.0
2017-09-22,PETR4,15.69,639585597.0
2017-09-22,QUAL3,37.52,36775308.0
2017-09-22,RADL3,74.65,88564915.0
2017-09-22,RAIL3,10.84,202221050.0
2017-09-22,RENT3,60.99,226103043.0
2017-09-22,SANB11,28.71,32718887.0
2017-09-22,SBSP3,34.23,37020646.0
2017-09-22,SMLE3,80.4,28533134.0
2017-09-22,SUZB5,18.72,93067149.0
2017-09-22,TAEE11,22.43,15435015.0
2017-09-22,TIMP3,11.9,18305361.0
2017-09-22,UGPA3,78.17,126269175.0
2017-09-22,USIM5,9.4,143462956.0
2017-09-22,VALE3,31.91,543114980.0
2017-09-22,VIVT4,51.3,87549802.0
2017-09-22,WEGE3,21.96,158035095.0
2017-09-25,ABEV3,21.5,178130680.0
2017-09-25,BBAS3,34.8,185931260.0
2017-09-25,BBDC3,33.8,74744165.0
2017-09-25,BBDC4,35.41,337164334.0
2017-09-25,BBSE3,28.72,158129043.0
2017-09-25,BRAP4,23.48,41466525.0
2017-09-25,BRFS3,45.75,173224186.0
2017-09-25,BRKM5,42.51,49031875.0
2017-09-25,BRML3,14.25,145303596.0
2017-09-25,BVMF3,24.32,257839936.0
2017-09-25,CCRO3,17.93,57794606.0
2017-09-25,CIEL3,20.95,231626198.0
2017-09-25,CMIG4,8.24,108459827.0
2017-09-25,CPFE3,27.22,21887127.0
2017-09-25,CPLE6,28.85,9483462.0
2017-09-25,CSAN3,37.81,32930622.0
2017-09-25,CSNA3,9.4,110711299.0
2017-09-25,CYRE3,13.87,40604429.0
2017-09-25,ECOR3,10.89,18196155.0
2017-09-25,EGIE3,35.84,20149507.0
2017-09-25,ELET3,20.47,41630175.0
2017-09-25,ELET6,24.14,15995060.0
2017-09-25,EMBR3,18.0,32553841.0
2017-09-25,ENBR3,15.1,16745199.0
2017-09-25,EQTL3,61.08,59530645.0
2017-09-25,ESTC3,28.6,185795791.0
2017-09-25,FIBR3,40.1,25090964.0
2017-09-25,GGBR4,10.97,89722308.0
2017-09-25,GOAU4,5.24,121777605.0
2017-09-25,HYPE3,32.9,43820288.0
2017-09-25,ITSA4,11.01,159750996.0
2017-09-25,ITUB4,43.1,255747997.0
2017-09-25,JBSS3,8.23,74074303.0
2017-09-25,KLBN11,19.13,19838916.0
2017-09-25,KROT3,19.0,110739540.0
2017-09-25,LAME4,19.02,55513706.0
2017-09-25,LREN3,34.5,68867661.0
2017-09-25,MRFG3,6.67,19370058.0
2017-09-25,MRVE3,13.6,54351744.0
2017-09-25,MULT3,73.6,45756220.0
2017-09-25,NATU3,31.3,42977790.0
2017-09-25,PCAR4,76.3,39981391.0
2017-09-25,PETR3,16.32,102606797.0
2017-09-25,PETR4,15.84,580667693.0
2017-09-25,QUAL3,38.3,103915137.0
2017-09-25,RADL3,74.23,33120740.0
2017-09-25,RAIL3,11.14,288147761.0
2017-09-25,RENT3,60.43,59764234.0
2017-09-25,SANB11,28.26,35964627.0
2017-09-25,SBSP3,33.85,45389884.0
2017-09-25,SMLE3,78.69,41007975.0
2017-09-25,SUZB5,18.36,30573721.0
2017-09-25,TAEE11,22.13,25492203.0
2017-09-25,TIMP3,11.8,14328886.0
2017-09-25,UGPA3,77.97,49153386.0
2017-09-25,USIM5,8.23,403012529.0
2017-09-25,VALE3,31.09,660191230.0
2017-09-25,VIVT4,51.13,62876867.0
2017-09-25,WEGE3,21.82,29991427.0
2017-09-26,ABEV3,21.18,517486184.0
2017-09-26,BBAS3,35.0,268782480.0
2017-09-26,BBDC3,33.61,54199193.0
2017-09-26,BBDC4,35.37,259256707.0
2017-09-26,BBSE3,28.85,139063639.0
2017-09-26,BRAP4,23.65,50837887.0
2017-09-26,BRFS3,45.75,188964243.0
2017-09-26,BRKM5,42.88,44186975.0
2017-09-26,BRML3,14.3,77627601.0
2017-09-26,BVMF3,24.02,165600404.0
2017-09-26,CCRO3,17.6,115375067.0
2017-09-26,CIEL3,21.64,261149506.0
2017-09-26,CMIG4,8.05,154924104.0
2017-09-26,CPFE3,27.2,19770702.0
2017-09-26,CPLE6,28.57,11577587.0
2017-09-26,CSAN3,37.74,27557365.0
2017-09-26,CSNA3,9.49,68125512.0
2017-09-26,CYRE3,13.79,15705756.0
2017-09-26,ECOR3,11.0,21635161.0
2017-09-26,EGIE3,36.47,51652781.0
2017-09-26,ELET3,20.49,27701539.0
2017-09-26,ELET6,24.14,13999847.0
2017-09-26,EMBR3,18.01,40141789.0
2017-09-26,ENBR3,15.21,34939493.0
2017-09-26,EQTL3,61.7,73892223.0
2017-09-26,ESTC3,29.6,244760237.0
2017-09-26,FIBR3,38.9,473579572.0
2017-09-26,GGBR4,11.11,91216458.0
2017-09-26,GOAU4,5.3,91294449.0
2017-09-26,HYPE3,32.66,34696173.0
2017-09-26,ITSA4,11.0,242451608.0
2017-09-26,ITUB4,43.18,447598917.0
2017-09-26,JBSS3,8.38,87081858.0
2017-09-26,KLBN11,18.46,44948808.0
2017-09-26,KROT3,18.9,114338042.0
2017-09-26,LAME4,19.02,61909197.0
2017-09-26,LREN3,34.72,97727990.0
2017-09-26,MRFG3,6.66,9877947.0
2017-09-26,MRVE3,13.82,34061698.0
2017-09-26,MULT3,73.33,43071313.0
2017-09-26,NATU3,31.4,28776162.0
2017-09-26,PCAR4,76.65,38962650.0
2017-09-26,PETR3,16.14,182041487.0
2017-09-26,PETR4,15.56,595360538.0
2017-09-26,QUAL3,37.43,94910029.0
2017-09-26,RADL3,74.3,70841241.0
2017-09-26,RAIL3,11.35,164280037.0
2017-09-26,RENT3,59.61,91510428.0
2017-09-26,SANB11,27.81,46765388.0
2017-09-26,SBSP3,33.46,36923391.0
2017-09-26,SMLE3,79.66,58770769.0
2017-09-26,SUZB5,17.8,59666176.0
2017-09-26,TAEE11,21.7,36982793.0
2017-09-26,TIMP3,11.9,31093148.0
2017-09-26,UGPA3,78.1,50453558.0
2017-09-26,USIM5,8.36,296337186.0
2017-09-26,VALE3,31.5,542252807.0
2017-09-26,VIVT4,51.05,93652694.0
2017-09-26,WEGE3,21.35,37706022.0
2017-09-27,ABEV3,21.1,280176222.0
2017-09-27,BBAS3,34.82,291202058.0
2017-09-27,BBDC3,33.35,37559263.0
2017-09-27,BBDC4,35.0,277650579.0
2017-09-27,BBSE3,28.5,92642915.0
2017-09-27,BRAP4,23.9,54709996.0
2017-09-27,BRFS3,45.88,87096594.0
2017-09-27,BRKM5,42.04,59659179.0
2017-09-27,BRML3,14.1,43982614.0
2017-09-27,BVMF3,23.65,171894152.0
2017-09-27,CCRO3,17.31,76680831.0
2017-09-27,CIEL3,21.27,112684325.0
2017-09-27,CMIG4,7.92,95360906.0
2017-09-27,CPFE3,27.18,28346757.0
2017-09-27,CPLE6,27.82,19590988.0
2017-09-27,CSAN3,36.53,52218349.0
2017-09-27,CSNA3,9.27,78558475.0
2017-09-27,CYRE3,13.39,39979669.0
2017-09-27,ECOR3,10.91,25564511.0
2017-09-27,EGIE3,35.89,40290004.0
2017-09-27,ELET3,19.9,48449212.0
2017-09-27,ELET6,23.05,43831999.0
2017-09-27,EMBR3,18.45,132373559.0
2017-09-27,ENBR3,15.33,27059103.0
2017-09-27,EQTL3,61.13,76600682.0
2017-09-27,ESTC3,29.56,105286270.0
2017-09-27,FIBR3,40.28,108788477.0
2017-09-27,GGBR4,11.16,155446908.0
2017-09-27,GOAU4,5.22,138699642.0
2017-09-27,HYPE3,32.3,79694400.0
2017-09-27,ITSA4,10.84,391472014.0
2017-09-27,ITUB4,43.21,551287703.0
2017-09-27,JBSS3,8.45,61337700.0
2017-09-27,KLBN11,18.75,27852281.0
2017-09-27,KROT3,18.65,121731334.0
2017-09-27,LAME4,18.6,110020203.0
2017-09-27,LREN3,34.5,111690363.0
2017-09-27,MRFG3,6.59,6573466.0
2017-09-27,MRVE3,13.62,37229914.0
2017-09-27,MULT3,72.81,38924857.0
2017-09-27,NATU3,31.07,34267497.0
2017-09-27,PCAR4,75.6,44016230.0
2017-09-27,PETR3,15.88,137861820.0
2017-09-27,PETR4,15.31,643060967.0
2017-09-27,QUAL3,36.66,89362920.0
2017-09-27,RADL3,73.48,48661444.0
2017-09-27,RAIL3,11.59,209609643.0
2017-09-27,RENT3,58.81,74553627.0
2017-09-27,SANB11,27.6,35838429.0
2017-09-27,SBSP3,32.75,41877976.0
2017-09-27,SMLE3,75.9,54460862.0
2017-09-27,SUZB5,17.85,140315279.0
2017-09-27,TAEE11,21.7,55737978.0
2017-09-27,TIMP3,11.8,24632369.0
2017-09-27,UGPA3,76.38,65963319.0
2017-09-27,USIM5,7.97,326988979.0
2017-09-27,VALE3,31.93,830579091.0
2017-09-27,VIVT4,50.19,94890982.0
2017-09-27,WEGE3,21.11,27472392.0
2017-09-28,ABEV3,21.06,219829612.0
2017-09-28,BBAS3,34.53,208285109.0
2017-09-28,BBDC3,32.9,40745833.0
2017-09-28,BBDC4,34.56,309114941.0
2017-09-28,BBSE3,28.53,128813580.0
2017-09-28,BRAP4,23.73,39256541.0
2017-09-28,BRFS3,45.59,94029799.0
2017-09-28,BRKM5,42.13,55550129.0
2017-09-28,BRML3,13.9,57586010.0
2017-09-28,BVMF3,23.43,171208946.0
2017-09-28,CCRO3,17.41,88342598.0
2017-09-28,CIEL3,21.49,89274167.0
2017-09-28,CMIG4,8.05,74976917.0
2017-09-28,CPFE3,27.18,32549947.0
2017-09-28,CPLE6,28.16,17260280.0
2017-09-28,CSAN3,36.0,68190632.0
2017-09-28,CSNA3,9.08,67787095.0
2017-09-28,CYRE3,13.37,19950018.0
2017-09-28,ECOR3,11.05,34211044.0
2017-09-28,EGIE3,36.34,48910137.0
2017-09-28,ELET3,19.55,40797857.0
2017-09-28,ELET6,22.65,24492208.0
2017-09-28,EMBR3,18.02,42396033.0
2017-09-28,ENBR3,15.0,28875644.0
2017-09-28,EQTL3,61.2,72795791.0
2017-09-28,ESTC3,30.75,128352940.0
2017-09-28,FIBR3,43.15,230710997.0
2017-09-28,GGBR4,10.86,183308708.0
2017-09-28,GOAU4,5.12,81274644.0
2017-09-28,HYPE3,31.86,76194158.0
2017-09-28,ITSA4,10.82,180913966.0
2017-09-28,ITUB4,42.98,351442960.0
2017-09-28,JBSS3,8.25,57081513.0
2017-09-28,KLBN11,18.31,47904220.0
2017-09-28,KROT3,19.1,121211678.0
2017-09-28,LAME4,18.73,90889651.0
2017-09-28,LREN3,35.01,105384817.0
2017-09-28,MRFG3,6.39,9060260.0
2017-09-28,MRVE3,13.43,31528210.0
2017-09-28,MULT3,72.1,44869399.0
2017-09-28,NATU3,30.95,28692928.0
2017-09-28,PCAR4,74.88,73518658.0
2017-09-28,PETR3,15.91,101075249.0
2017-09-28,PETR4,15.34,520272130.0
2017-09-28,QUAL3,36.66,54025268.0
2017-09-28,RADL3,73.4,41192541.0
2017-09-28,RAIL3,11.7,90788397.0
2017-09-28,RENT3,58.0,219178589.0
2017-09-28,SANB11,27.3,35411324.0
2017-09-28,SBSP3,32.63,55213538.0
2017-09-28,SMLE3,76.94,44161337.0
2017-09-28,SUZB5,18.77,108804294.0
2017-09-28,TAEE11,21.8,20762499.0
2017-09-28,TIMP3,11.69,35308044.0
2017-09-28,UGPA3,75.49,67841905.0
2017-09-28,USIM5,7.59,300208602.0
2017-09-28,VALE3,31.75,554293767.0
2017-09-28,VIVT4,50.25,112189793.0
2017-09-28,WEGE3,21.08,28772417.0
2017-09-29,ABEV3,21.04,277743699.0
2017-09-29,BBAS3,34.9,237763831.0
2017-09-29,BBDC3,33.4,28106292.0
2017-09-29,BBDC4,35.05,265551428.0
2017-09-29,BBSE3,28.63,92319233.0
2017-09-29,BRAP4,24.1,41021767.0
2017-09-29,BRFS3,45.67,198080804.0
2017-09-29,BRKM5,42.43,70603142.0
2017-09-29,BRML3,14.07,90874207.0
2017-09-29,BVMF3,23.95,135792194.0
2017-09-29,CCRO3,17.71,69564559.0
2017-09-29,CIEL3,21.98,111836190.0
2017-09-29,CMIG4,7.98,55957051.0
2017-09-29,CPFE3,27.22,37668099.0
2017-09-29,CPLE6,28.23,10880529.0
2017-09-29,CSAN3,36.2,51811643.0
2017-09-29,CSNA3,9.61,113273694.0
2017-09-29,CYRE3,13.8,42997710.0
2017-09-29,ECOR3,11.41,36577887.0
2017-09-29,EGIE3,36.25,35769708.0
2017-09-29,ELET3,19.76,46016844.0
2017-09-29,ELET6,22.69,31453583.0
2017-09-29,EMBR3,17.89,45618668.0
2017-09-29,ENBR3,15.14,38880347.0
2017-09-29,EQTL3,61.25,49257846.0
2017-09-29,ESTC3,30.99,126725698.0
2017-09-29,FIBR3,42.85,288613480.0
2017-09-29,GGBR4,11.04,86745112.0
2017-09-29,GOAU4,5.29,107471508.0
2017-09-29,HYPE3,32.2,69206097.0
2017-09-29,ITSA4,11.03,179246397.0
2017-09-29,ITUB4,43.35,433248825.0
2017-09-29,JBSS3,8.5,106709142.0
2017-09-29,KLBN11,18.35,44180911.0
2017-09-29,KROT3,20.05,202327472.0
2017-09-29,LAME4,19.25,80092082.0
2017-09-29,LREN3,36.06,86727972.0
2017-09-29,MRFG3,6.47,10948471.0
2017-09-29,MRVE3,13.76,30908067.0
2017-09-29,MULT3,73.33,89305204.0
2017-09-29,NATU3,31.2,37313973.0
2017-09-29,PCAR4,75.0,64680862.0
2017-09-29,PETR3,15.81,87800055.0
2017-09-29,PETR4,15.3,440878685.0
2017-09-29,QUAL3,37.9,61013367.0
2017-09-29,RADL3,75.0,66196889.0
2017-09-29,RAIL3,12.09,135172696.0
2017-09-29,RENT3,57.71,116457406.0
2017-09-29,SANB11,27.64,56503348.0
2017-09-29,SBSP3,33.28,62206789.0
2017-09-29,SMLE3,80.48,54985482.0
2017-09-29,SUZB5,18.31,123639864.0
2017-09-29,TAEE11,22.25,41056053.0
2017-09-29,TIMP3,11.55,23003351.0
2017-09-29,UGPA3,75.31,77036491.0
2017-09-29,USIM5,7.78,258551851.0
2017-09-29,VALE3,31.87,512673355.0
2017-09-29,VIVT4,50.47,70865472.0
2017-09-29,WEGE3,21.4,34739076.0
2017-10-02,ABEV3,20.7,364168084.0
2017-10-02,BBAS3,34.95,189864275.0
2017-10-02,BBDC3,33.82,25532186.0
2017-10-02,BBDC4,35.4,287161832.0
2017-10-02,BBSE3,28.29,112656444.0
2017-10-02,BRAP4,24.19,41564745.0
2017-10-02,BRFS3,45.44,74821057.0
2017-10-02,BRKM5,42.72,71173788.0
2017-10-02,BRML3,14.09,51961071.0
2017-10-02,BVMF3,23.93,91958429.0
2017-10-02,CCRO3,17.53,65643133.0
2017-10-02,CIEL3,21.5,215044543.0
2017-10-02,CMIG4,7.96,42609286.0
2017-10-02,CPFE3,27.25,18326069.0
2017-10-02,CPLE6,28.65,10739527.0
2017-10-02,CSAN3,36.73,33541875.0
2017-10-02,CSNA3,9.88,80994733.0
2017-10-02,CYRE3,13.76,20536317.0
2017-10-02,ECOR3,11.42,52149992.0
2017-10-02,EGIE3,35.92,18033371.0
2017-10-02,ELET3,20.54,41191356.0
2017-10-02,ELET6,23.67,26522192.0
2017-10-02,EMBR3,18.06,30723759.0
2017-10-02,ENBR3,15.0,15796237.0
2017-10-02,EQTL3,61.15,100680830.0
2017-10-02,ESTC3,31.82,143484805.0
2017-10-02,FIBR3,42.85,66510295.0
2017-10-02,GGBR4,11.0,119954424.0
2017-10-02,GOAU4,5.33,70299957.0
2017-10-02,HYPE3,32.78,58708870.0
2017-10-02,ITSA4,10.96,155986155.0
2017-10-02,ITUB4,43.41,203044562.0
2017-10-02,JBSS3,8.67,71171501.0
2017-10-02,KLBN11,18.3,19098632.0
2017-10-02,KROT3,19.82,95294172.0
2017-10-02,LAME4,19.12,88475181.0
2017-10-02,LREN3,36.1,82991416.0
2017-10-02,MRFG3,6.42,23038660.0
2017-10-02,MRVE3,13.7,24337131.0
2017-10-02,MULT3,73.09,55719584.0
2017-10-02,NATU3,30.63,28984604.0
2017-10-02,PCAR4,75.09,75782309.0
2017-10-02,PETR3,15.9,84754425.0
2017-10-02,PETR4,15.4,454096556.0
2017-10-02,QUAL3,37.14,63276417.0
2017-10-02,RADL3,75.64,74638481.0
2017-10-02,RAIL3,12.25,112827586.0
2017-10-02,RENT3,58.34,174256419.0
2017-10-02,SANB11,27.65,53472796.0
2017-10-02,SBSP3,33.65,49605250.0
2017-10-02,SMLE3,82.95,56865258.0
2017-10-02,SUZB5,18.68,48725080.0
2017-10-02,TAEE11,22.34,25423732.0
2017-10-02,TIMP3,11.56,25039428.0
2017-10-02,UGPA3,75.5,37877783.0
2017-10-02,USIM5,7.89,95667902.0
2017-10-02,VALE3,31.9,436410925.0
2017-10-02,VIVT4,50.21,51093288.0
2017-10-02,WEGE3,21.27,19368711.0
2017-10-03,ABEV3,21.42,428772055.0
2017-10-03,BBAS3,36.37,450575223.0
2017-10-03,BBDC3,35.5,56373576.0
2017-10-03,BBDC4,36.9,649237592.0
2017-10-03,BBSE3,28.52,144402141.0
2017-10-03,BRAP4,24.9,35803535.0
2017-10-03,BRFS3,47.0,149297441.0
2017-10-03,BRKM5,44.52,74080874.0
2017-10-03,BRML3,14.39,63145402.0
2017-10-03,BVMF3,24.47,245207751.0
2017-10-03,CCRO3,17.8,117748357.0
2017-10-03,CIEL3,21.62,111553824.0
2017-10-03,CMIG4,8.42,61242347.0
2017-10-03,CPFE3,27.32,46071288.0
2017-10-03,CPLE6,29.01,18422209.0
2017-10-03,CSAN3,37.79,45470933.0
2017-10-03,CSNA3,10.86,148815996.0
2017-10-03,CYRE3,14.12,38629741.0
2017-10-03,ECOR3,11.54,40861888.0
2017-10-03,EGIE3,36.72,43686361.0
2017-10-03,ELET3,21.8,64326748.0
2017-10-03,ELET6,25.35,44261931.0
2017-10-03,EMBR3,18.11,57617653.0
2017-10-03,ENBR3,15.16,21766680.0
2017-10-03,EQTL3,61.8,122922804.0
2017-10-03,ESTC3,32.5,121582584.0
2017-10-03,FIBR3,43.39,59744477.0
2017-10-03,GGBR4,11.4,150976518.0
2017-10-03,GOAU4,5.62,117678012.0
2017-10-03,HYPE3,33.83,56781330.0
2017-10-03,ITSA4,11.39,175247438.0
2017-10-03,ITUB4,44.9,559674011.0
2017-10-03,JBSS3,8.8,69269110.0
2017-10-03,KLBN11,18.76,43031034.0
2017-10-03,KROT3,21.09,278973258.0
2017-10-03,LAME4,19.64,139222737.0
2017-10-03,LREN3,37.3,99745026.0
2017-10-03,MRFG3,6.67,15941212.0
2017-10-03,MRVE3,14.05,52687983.0
2017-10-03,MULT3,73.6,62572953.0
2017-10-03,NATU3,31.5,46814868.0
2017-10-03,PCAR4,78.97,67552422.0
2017-10-03,PETR3,16.64,215477726.0
2017-10-03,PETR4,15.98,801089074.0
2017-10-03,QUAL3,37.62,48948458.0
2017-10-03,RADL3,78.12,59437938.0
2017-10-03,RAIL3,12.8,158320661.0
2017-10-03,RENT3,60.0,202616862.0
2017-10-03,SANB11,28.27,57075354.0
2017-10-03,SBSP3,34.01,45765528.0
2017-10-03,SMLE3,84.31,66877553.0
2017-10-03,SUZB5,18.65,55371457.0
2017-10-03,TAEE11,22.35,38864692.0
2017-10-03,TIMP3,11.85,48504134.0
2017-10-03,UGPA3,77.86,81349167.0
2017-10-03,USIM5,8.66,227049435.0
2017-10-03,VALE3,32.68,757584260.0
2017-10-03,VIVT4,51.32,77656992.0
2017-10-03,WEGE3,22.1,36779900.0
2017-10-04,ABEV3,21.2,282267753.0
2017-10-04,BBAS3,36.2,347662772.0
2017-10-04,BBDC3,35.0,40506777.0
2017-10-04,BBDC4,36.66,368160838.0
2017-10-04,BBSE3,29.12,247865876.0
2017-10-04,BRAP4,24.84,43970041.0
2017-10-04,BRFS3,47.95,145066044.0
2017-10-04,BRKM5,44.51,53051808.0
2017-10-04,BRML3,14.3,66727049.0
2017-10-04,BVMF3,24.23,163961241.0
2017-10-04,CCRO3,18.1,84971209.0
2017-10-04,CIEL3,21.88,100332713.0
2017-10-04,CMIG4,8.21,74510630.0
2017-10-04,CPFE3,27.33,42592175.0
2017-10-04,CPLE6,28.94,10487087.0
2017-10-04,CSAN3,38.48,62159964.0
2017-10-04,CSNA3,10.76,124126861.0
2017-10-04,CYRE3,14.07,29934440.0
2017-10-04,ECOR3,11.9,35348190.0
2017-10-04,EGIE3,36.62,17199346.0
2017-10-04,ELET3,21.85,29048002.0
2017-10-04,ELET6,25.3,23729774.0
2017-10-04,EMBR3,17.94,25626010.0
2017-10-04,ENBR3,15.37,13205854.0
2017-10-04,EQTL3,61.95,44741067.0
2017-10-04,ESTC3,33.31,99590402.0
2017-10-04,FIBR3,44.89,89983523.0
2017-10-04,GGBR4,11.37,98837970.0
2017-10-04,GOAU4,5.7,111268350.0
2017-10-04,HYPE3,33.86,50242911.0
2017-10-04,ITSA4,11.31,132628712.0
2017-10-04,ITUB4,44.5,332526355.0
2017-10-04,JBSS3,8.78,56019858.0
2017-10-04,KLBN11,18.74,30128180.0
2017-10-04,KROT3,21.23,161936965.0
2017-10-04,LAME4,20.2,155971802.0
2017-10-04,LREN3,37.33,102086892.0
2017-10-04,MRFG3,6.72,8871153.0
2017-10-04,MRVE3,14.26,28583938.0
2017-10-04,MULT3,74.7,48849148.0
2017-10-04,NATU3,32.82,51267281.0
2017-10-04,PCAR4,79.94,29456426.0
2017-10-04,PETR3,16.31,143369624.0
2017-10-04,PETR4,15.66,753771116.0
2017-10-04,QUAL3,37.75,52084085.0
2017-10-04,RADL3,78.91,43578649.0
2017-10-04,RAIL3,12.63,124023307.0
2017-10-04,RENT3,60.45,67222482.0
2017-10-04,SANB11,27.88,45829478.0
2017-10-04,SBSP3,33.72,27027883.0
2017-10-04,SMLE3,85.55,34259613.0
2017-10-04,SUZB5,19.0,46632602.0
2017-10-04,TAEE11,22.21,27158778.0
2017-10-04,TIMP3,11.67,50356928.0
2017-10-04,UGPA3,78.61,112191376.0
2017-10-04,USIM5,9.02,275703713.0
2017-10-04,VALE3,32.61,575893642.0
2017-10-04,VIVT4,51.24,47973235.0
2017-10-04,WEGE3,22.2,34475385.0
2017-10-05,ABEV3,21.23,367438610.0
2017-10-05,BBAS3,36.79,394028523.0
2017-10-05,BBDC3,35.07,43979768.0
2017-10-05,BBDC4,36.69,494332947.0
2017-10-05,BBSE3,29.3,101744427.0
2017-10-05,BRAP4,24.58,49447962.0
2017-10-05,BRFS3,47.5,150586089.0
2017-10-05,BRKM5,44.4,75534652.0
2017-10-05,BRML3,13.94,122990022.0
2017-10-05,BVMF3,23.9,384786932.0
2017-10-05,CCRO3,17.89,73089417.0
2017-10-05,CIEL3,22.03,97854766.0
2017-10-05,CMIG4,8.39,68999669.0
2017-10-05,CPFE3,27.35,34854712.0
2017-10-05,CPLE6,29.13,14699067.0
2017-10-05,CSAN3,38.18,57224839.0
2017-10-05,CSNA3,10.53,131737823.0
2017-10-05,CYRE3,14.33,48287755.0
2017-10-05,ECOR3,11.85,39351799.0
2017-10-05,EGIE3,37.18,63647260.0
2017-10-05,ELET3,21.47,53061282.0
2017-10-05,ELET6,25.08,34094331.0
2017-10-05,EMBR3,17.77,42719238.0
2017-10-05,ENBR3,15.4,18082977.0
2017-10-05,EQTL3,62.0,61899642.0
2017-10-05,ESTC3,31.75,151590145.0
2017-10-05,FIBR3,44.57,82061520.0
2017-10-05,GGBR4,11.08,140193158.0
2017-10-05,GOAU4,5.45,197288941.0
2017-10-05,HYPE3,34.25,86562055.0
2017-10-05,ITSA4,11.38,202232804.0
2017-10-05,ITUB4,45.21,645717278.0
2017-10-05,JBSS3,8.77,83809138.0
2017-10-05,KLBN11,19.06,44268978.0
2017-10-05,KROT3,20.37,189014532.0
2017-10-05,LAME4,20.35,189603229.0
2017-10-05,LREN3,37.09,109452275.0
2017-10-05,MRFG3,6.63,10388309.0
2017-10-05,MRVE3,13.94,41275806.0
2017-10-05,MULT3,75.12,150670552.0
2017-10-05,NATU3,31.75,57598427.0
2017-10-05,PCAR4,79.25,43392495.0
2017-10-05,PETR3,16.57,145971755.0
2017-10-05,PETR4,15.9,885141313.0
2017-10-05,QUAL3,38.0,53843907.0
2017-10-05,RADL3,79.73,88711747.0
2017-10-05,RAIL3,12.28,334095789.0
2017-10-05,RENT3,59.03,159445556.0
2017-10-05,SANB11,28.4,67748749.0
2017-10-05,SBSP3,33.89,41979539.0
2017-10-05,SMLE3,86.0,76453399.0
2017-10-05,SUZB5,19.14,55217839.0
2017-10-05,TAEE11,22.92,52609204.0
2017-10-05,TIMP3,11.84,73632294.0
2017-10-05,UGPA3,78.15,156490069.0
2017-10-05,USIM5,8.96,319658579.0
2017-10-05,VALE3,32.27,564792519.0
2017-10-05,VIVT4,51.21,89126375.0
2017-10-05,WEGE3,22.29,89955850.0
2017-10-06,ABEV3,21.07,159001404.0
2017-10-06,BBAS3,37.0,226762488.0
2017-10-06,BBDC3,34.86,26197868.0
2017-10-06,BBDC4,36.31,195368147.0
2017-10-06,BBSE3,29.05,59920014.0
2017-10-06,BRAP4,24.33,40577555.0
2017-10-06,BRFS3,46.22,132856031.0
2017-10-06,BRKM5,45.78,78104087.0
2017-10-06,BRML3,13.8,120142636.0
2017-10-06,BVMF3,23.75,141281844.0
2017-10-06,CCRO3,17.52,129950638.0
2017-10-06,CIEL3,21.73,55146406.0
2017-10-06,CMIG4,8.26,35273613.0
2017-10-06,CPFE3,27.34,24490870.0
2017-10-06,CPLE6,28.85,8123284.0
2017-10-06,CSAN3,37.87,52977477.0
2017-10-06,CSNA3,10.25,97784785.0
2017-10-06,CYRE3,14.01,19592678.0
2017-10-06,ECOR3,11.8,28951527.0
2017-10-06,EGIE3,36.95,15660198.0
2017-10-06,ELET3,20.81,57142370.0
2017-10-06,ELET6,24.15,19740586.0
2017-10-06,EMBR3,17.89,42836352.0
2017-10-06,ENBR3,15.35,23624717.0
2017-10-06,EQTL3,61.45,38203100.0
2017-10-06,ESTC3,32.48,99270653.0
2017-10-06,FIBR3,46.53,81590289.0
2017-10-06,GGBR4,10.76,153276851.0
2017-10-06,GOAU4,5.34,114794981.0
2017-10-06,HYPE3,33.91,106205250.0
2017-10-06,ITSA4,11.33,123730775.0
2017-10-06,ITUB4,44.68,264607357.0
2017-10-06,JBSS3,8.57,42621525.0
2017-10-06,KLBN11,19.45,56224883.0
2017-10-06,KROT3,20.33,166163560.0
2017-10-06,LAME4,20.01,74852225.0
2017-10-06,LREN3,37.01,74963099.0
2017-10-06,MRFG3,6.7,10190807.0
2017-10-06,MRVE3,13.98,38812146.0
2017-10-06,MULT3,73.76,80654245.0
2017-10-06,NATU3,31.14,23812667.0
2017-10-06,PCAR4,78.36,25966131.0
2017-10-06,PETR3,16.37,114971130.0
2017-10-06,PETR4,15.69,652721710.0
2017-10-06,QUAL3,37.61,43563983.0
2017-10-06,RADL3,78.77,58642392.0
2017-10-06,RAIL3,12.15,281532311.0
2017-10-06,RENT3,58.81,70414155.0
2017-10-06,SANB11,28.78,81963449.0
2017-10-06,SBSP3,33.82,32680876.0
2017-10-06,SMLE3,85.0,58960576.0
2017-10-06,SUZB5,19.73,57409604.0
2017-10-06,TAEE11,22.8,35795691.0
2017-10-06,TIMP3,11.7,27821832.0
2017-10-06,UGPA3,77.71,58374507.0
2017-10-06,USIM5,9.35,326844911.0
2017-10-06,VALE3,32.14,398544126.0
2017-10-06,VIVT4,50.94,114173003.0
2017-10-06,WEGE3,22.19,49161623.0
2017-10-09,ABEV3,21.07,111452427.0
2017-10-09,BBAS3,36.59,295641280.0
2017-10-09,BBDC3,34.9,23417180.0
2017-10-09,BBDC4,36.29,276487470.0
2017-10-09,BBSE3,29.0,33882824.0
2017-10-09,BRAP4,23.88,41282724.0
2017-10-09,BRFS3,45.95,99544121.0
2017-10-09,BRKM5,46.04,34349618.0
2017-10-09,BRML3,13.9,70826109.0
2017-10-09,BVMF3,23.59,87690391.0
2017-10-09,CCRO3,17.49,46465810.0
2017-10-09,CIEL3,21.7,41588905.0
2017-10-09,CMIG4,8.24,27224117.0
2017-10-09,CPFE3,27.34,17056206.0
2017-10-09,CPLE6,28.78,7402096.0
2017-10-09,CSAN3,37.45,52151969.0
2017-10-09,CSNA3,9.9,122561837.0
2017-10-09,CYRE3,13.8,12417223.0
2017-10-09,ECOR3,11.51,37652795.0
2017-10-09,EGIE3,36.66,18692829.0
2017-10-09,ELET3,20.72,27010133.0
2017-10-09,ELET6,24.13,14170757.0
2017-10-09,EMBR3,17.89,19716734.0
2017-10-09,ENBR3,15.24,21811028.0
2017-10-09,EQTL3,61.45,39161685.0
2017-10-09,ESTC3,31.65,93169789.0
2017-10-09,FIBR3,47.7,85498140.0
2017-10-09,GGBR4,10.7,115103897.0
2017-10-09,GOAU4,5.37,85639497.0
2017-10-09,HYPE3,33.86,97609926.0
2017-10-09,ITSA4,11.16,124360470.0
2017-10-09,ITUB4,44.15,266616548.0
2017-10-09,JBSS3,8.42,33943217.0
2017-10-09,KLBN11,19.06,79874181.0
2017-10-09,KROT3,20.25,73212238.0
2017-10-09,LAME4,19.72,62336107.0
2017-10-09,LREN3,37.05,59589732.0
2017-10-09,MRFG3,6.39,15244778.0
2017-10-09,MRVE3,14.02,14370359.0
2017-10-09,MULT3,73.94,37306895.0
2017-10-09,NATU3,31.29,9220229.0
2017-10-09,PCAR4,78.55,29644356.0
2017-10-09,PETR3,16.48,57924249.0
2017-10-09,PETR4,15.89,439276845.0
2017-10-09,QUAL3,37.52,46684041.0
2017-10-09,RADL3,78.85,29407784.0
2017-10-09,RAIL3,12.49,104281074.0
2017-10-09,RENT3,59.19,67610873.0
2017-10-09,SANB11,29.16,84810273.0
2017-10-09,SBSP3,34.52,55387756.0
2017-10-09,SMLE3,86.07,34802201.0
2017-10-09,SUZB5,19.66,64070802.0
2017-10-09,TAEE11,22.45,26727612.0
2017-10-09,TIMP3,11.74,15393744.0
2017-10-09,UGPA3,76.2,151974292.0
2017-10-09,USIM5,9.18,273718612.0
2017-10-09,VALE3,31.5,426556423.0
2017-10-09,VIVT4,51.18,51282020.0
2017-10-09,WEGE3,22.19,41412532.0
2017-10-10,ABEV3,21.56,707733409.0
2017-10-10,BBAS3,37.37,365650795.0
2017-10-10,BBDC3,35.31,39955531.0
2017-10-10,BBDC4,37.06,373384803.0
2017-10-10,BBSE3,29.12,52173499.0
2017-10-10,BRAP4,23.57,78649149.0
2017-10-10,BRFS3,46.88,113473118.0
2017-10-10,BRKM5,45.62,65435727.0
2017-10-10,BRML3,13.97,119434439.0
2017-10-10,BVMF3,23.92,247392869.0
2017-10-10,CCRO3,17.73,145751072.0
2017-10-10,CIEL3,21.56,66119252.0
2017-10-10,CMIG4,8.35,49522630.0
2017-10-10,CPFE3,27.38,24661704.0
2017-10-10,CPLE6,29.41,17911140.0
2017-10-10,CSAN3,38.35,53854308.0
2017-10-10,CSNA3,10.0,87084843.0
2017-10-10,CYRE3,14.21,19163236.0
2017-10-10,ECOR3,11.71,27487058.0
2017-10-10,EGIE3,37.06,32080626.0
2017-10-10,ELET3,21.3,34474923.0
2017-10-10,ELET6,24.75,20364640.0
2017-10-10,EMBR3,18.0,73495932.0
2017-10-10,ENBR3,15.59,30415024.0
2017-10-10,EQTL3,61.5,89696046.0
2017-10-10,ESTC3,32.33,171872358.0
2017-10-10,FIBR3,48.46,142694756.0
2017-10-10,GGBR4,11.15,200353955.0
2017-10-10,GOAU4,5.66,126970312.0
2017-10-10,HYPE3,34.65,85492662.0
2017-10-10,ITSA4,11.39,137114583.0
2017-10-10,ITUB4,45.25,384763972.0
2017-10-10,JBSS3,8.49,44101676.0
2017-10-10,KLBN11,18.98,33164644.0
2017-10-10,KROT3,20.98,147791093.0
2017-10-10,LAME4,19.94,69858154.0
2017-10-10,LREN3,37.38,72676103.0
2017-10-10,MRFG3,6.44,9556001.0
2017-10-10,MRVE3,14.2,31927028.0
2017-10-10,MULT3,74.9,49180312.0
2017-10-10,NATU3,31.75,21871691.0
2017-10-10,PCAR4,80.4,56484121.0
2017-10-10,PETR3,16.72,102426384.0
2017-10-10,PETR4,16.19,758879947.0
2017-10-10,QUAL3,38.61,99554464.0
2017-10-10,RADL3,78.88,34355163.0
2017-10-10,RAIL3,12.95,290682832.0
2017-10-10,RENT3,59.23,99831664.0
2017-10-10,SANB11,30.27,89592881.0
2017-10-10,SBSP3,33.94,42595055.0
2017-10-10,SMLE3,86.73,43606054.0
2017-10-10,SUZB5,20.04,54475706.0
2017-10-10,TAEE11,22.35,31439170.0
2017-10-10,TIMP3,11.86,46764113.0
2017-10-10,UGPA3,77.24,119659150.0
2017-10-10,USIM5,9.45,197553575.0
2017-10-10,VALE3,31.32,631488046.0
2017-10-10,VIVT4,51.85,49252242.0
2017-10-10,WEGE3,22.45,26292249.0
2017-10-11,ABEV3,21.63,572366290.0
2017-10-11,BBAS3,37.4,282383323.0
2017-10-11,BBDC3,35.29,43800646.0
2017-10-11,BBDC4,36.9,329778059.0
2017-10-11,BBSE3,29.1,95980156.0
2017-10-11,BRAP4,23.32,44305860.0
2017-10-11,BRFS3,46.96,97632189.0
2017-10-11,BRKM5,45.89,67575216.0
2017-10-11,BRML3,14.01,37005642.0
2017-10-11,BVMF3,24.04,163026834.0
2017-10-11,CCRO3,18.11,197218891.0
2017-10-11,CIEL3,21.72,75693522.0
2017-10-11,CMIG4,8.36,59768634.0
2017-10-11,CPFE3,27.37,31275912.0
2017-10-11,CPLE6,29.01,20558485.0
2017-10-11,CSAN3,38.25,77242857.0
2017-10-11,CSNA3,9.65,120647484.0
2017-10-11,CYRE3,14.33,24803526.0
2017-10-11,ECOR3,12.08,24566916.0
2017-10-11,EGIE3,37.0,55048402.0
2017-10-11,ELET3,21.03,32743013.0
2017-10-11,ELET6,24.26,31651711.0
2017-10-11,EMBR3,17.8,55475188.0
2017-10-11,ENBR3,15.49,40740910.0
2017-10-11,EQTL3,61.82,74845142.0
2017-10-11,ESTC3,31.14,166238658.0
2017-10-11,FIBR3,50.54,194995714.0
2017-10-11,GGBR4,11.02,146887518.0
2017-10-11,GOAU4,5.57,103295771.0
2017-10-11,HYPE3,34.86,66844381.0
2017-10-11,ITSA4,11.36,168556620.0
2017-10-11,ITUB4,45.0,561018163.0
2017-10-11,JBSS3,8.6,48292285.0
2017-10-11,KLBN11,19.24,68266725.0
2017-10-11,KROT3,19.78,402888012.0
2017-10-11,LAME4,19.86,109235229.0
2017-10-11,LREN3,37.09,73361386.0
2017-10-11,MRFG3,6.63,8981013.0
2017-10-11,MRVE3,14.31,55215514.0
2017-10-11,MULT3,74.86,55353743.0
2017-10-11,NATU3,30.8,30805824.0
2017-10-11,PCAR4,80.85,53357767.0
2017-10-11,PETR3,16.64,97135237.0
2017-10-11,PETR4,16.08,651416236.0
2017-10-11,QUAL3,37.9,72734468.0
2017-10-11,RADL3,78.35,52473504.0
2017-10-11,RAIL3,13.05,500910542.0
2017-10-11,RENT3,58.0,79893856.0
2017-10-11,SANB11,29.7,63779453.0
2017-10-11,SBSP3,33.5,71613053.0
2017-10-11,SMLE3,88.16,55327325.0
2017-10-11,SUZB5,20.39,93460153.0
2017-10-11,TAEE11,22.51,44129335.0
2017-10-11,TIMP3,11.85,29355498.0
2017-10-11,UGPA3,77.2,120812231.0
2017-10-11,USIM5,9.7,314351932.0
2017-10-11,VALE3,31.1,716771924.0
2017-10-11,VIVT4,51.6,80228466.0
2017-10-11,WEGE3,22.75,34620718.0
2017-10-13,ABEV3,22.13,581908920.0
2017-10-13,BBAS3,37.42,176381532.0
2017-10-13,BBDC3,34.88,86383406.0
2017-10-13,BBDC4,36.62,343846441.0
2017-10-13,BBSE3,29.15,73480374.0
2017-10-13,BRAP4,24.65,68500222.0
2017-10-13,BRFS3,46.66,93659756.0
2017-10-13,BRKM5,45.91,55729064.0
2017-10-13,BRML3,14.0,81729818.0
2017-10-13,BVMF3,23.76,227605021.0
2017-10-13,CCRO3,18.37,111103451.0
2017-10-13,CIEL3,22.26,158873023.0
2017-10-13,CMIG4,8.38,50134962.0
2017-10-13,CPFE3,27.38,49667385.0
2017-10-13,CPLE6,28.2,28665775.0
2017-10-13,CSAN3,39.42,59967350.0
2017-10-13,CSNA3,10.22,83798164.0
2017-10-13,CYRE3,14.26,20553516.0
2017-10-13,ECOR3,12.25,35456153.0
2017-10-13,EGIE3,37.59,38036074.0
2017-10-13,ELET3,21.02,37732197.0
2017-10-13,ELET6,24.36,17225135.0
2017-10-13,EMBR3,17.42,37356194.0
2017-10-13,ENBR3,15.56,25093326.0
2017-10-13,EQTL3,62.44,62269128.0
2017-10-13,ESTC3,31.39,90442473.0
2017-10-13,FIBR3,51.59,160424691.0
2017-10-13,GGBR4,11.44,99279778.0
2017-10-13,GOAU4,5.67,74799918.0
2017-10-13,HYPE3,34.85,99480757.0
2017-10-13,ITSA4,11.35,177318397.0
2017-10-13,ITUB4,44.63,394786783.0
2017-10-13,JBSS3,8.65,62558637.0
2017-10-13,KLBN11,19.26,46689165.0
2017-10-13,KROT3,19.44,169344269.0
2017-10-13,LAME4,19.22,130382856.0
2017-10-13,LREN3,36.8,137084942.0
2017-10-13,MRFG3,6.61,6536670.0
2017-10-13,MRVE3,14.48,47056864.0
2017-10-13,MULT3,75.04,66331434.0
2017-10-13,NATU3,30.12,51099787.0
2017-10-13,PCAR4,77.65,127650859.0
2017-10-13,PETR3,16.58,171382830.0
2017-10-13,PETR4,16.08,391544073.0
2017-10-13,QUAL3,37.54,142055791.0
2017-10-13,RADL3,78.4,183621647.0
2017-10-13,RAIL3,13.08,168404491.0
2017-10-13,RENT3,57.81,94796434.0
2017-10-13,SANB11,29.87,66046788.0
2017-10-13,SBSP3,32.41,50684419.0
2017-10-13,SMLE3,88.57,72286380.0
2017-10-13,SUZB5,20.34,96707528.0
2017-10-13,TAEE11,22.47,45915051.0
2017-10-13,TIMP3,11.93,31171224.0
2017-10-13,UGPA3,78.03,69607907.0
2017-10-13,USIM5,10.32,218459415.0
2017-10-13,VALE3,32.91,1022028201.0
2017-10-13,VIVT4,51.0,134301253.0
2017-10-13,WEGE3,22.95,53988613.0
2017-10-16,ABEV3,21.92,290707258.0
2017-10-16,BBAS3,37.5,192782703.0
2017-10-16,BBDC3,34.6,119843612.0
2017-10-16,BBDC4,36.52,271645379.0
2017-10-16,BBSE3,28.82,101141847.0
2017-10-16,BRAP4,24.67,53978491.0
2017-10-16,BRFS3,45.2,144972131.0
2017-10-16,BRKM5,46.8,69474758.0
2017-10-16,BRML3,13.96,138967874.0
2017-10-16,BVMF3,23.84,203372678.0
2017-10-16,CCRO3,18.6,88770787.0
2017-10-16,CIEL3,22.26,102507510.0
2017-10-16,CMIG4,8.22,36235011.0
2017-10-16,CPFE3,27.38,32353569.0
2017-10-16,CPLE6,27.95,14312203.0
2017-10-16,CSAN3,38.9,44841573.0
2017-10-16,CSNA3,10.13,97182824.0
2017-10-16,CYRE3,14.19,24334711.0
2017-10-16,ECOR3,12.23,26516478.0
2017-10-16,EGIE3,37.18,30197147.0
2017-10-16,ELET3,20.85,34714783.0
2017-10-16,ELET6,24.15,17973214.0
2017-10-16,EMBR3,16.99,46104888.0
2017-10-16,ENBR3,15.32,17284669.0
2017-10-16,EQTL3,61.6,113685927.0
2017-10-16,ESTC3,30.87,107157723.0
2017-10-16,FIBR3,53.92,103309055.0
2017-10-16,GGBR4,11.42,92783613.0
2017-10-16,GOAU4,5.58,97690196.0
2017-10-16,HYPE3,34.83,120383389.0
2017-10-16,ITSA4,11.3,104805666.0
2017-10-16,ITUB4,44.4,327428414.0
2017-10-16,JBSS3,8.55,35438720.0
2017-10-16,KLBN11,19.76,47489730.0
2017-10-16,KROT3,19.58,93876336.0
2017-10-16,LAME4,18.6,148492928.0
2017-10-16,LREN3,36.39,83764253.0
2017-10-16,MRFG3,6.56,6518194.0
2017-10-16,MRVE3,14.2,47997217.0
2017-10-16,MULT3,74.64,53705147.0
2017-10-16,NATU3,31.13,28153550.0
2017-10-16,PCAR4,77.04,53797905.0
2017-10-16,PETR3,16.64,90124562.0
2017-10-16,PETR4,16.12,720674050.0
2017-10-16,QUAL3,36.81,57187580.0
2017-10-16,RADL3,78.87,70489467.0
2017-10-16,RAIL3,13.3,156246804.0
2017-10-16,RENT3,58.24,92929905.0
2017-10-16,SANB11,31.05,125455731.0
2017-10-16,SBSP3,31.88,57656403.0
2017-10-16,SMLE3,88.0,44374054.0
2017-10-16,SUZB5,20.85,59155868.0
2017-10-16,TAEE11,21.9,56599902.0
2017-10-16,TIMP3,12.13,56232265.0
2017-10-16,UGPA3,78.53,75231077.0
2017-10-16,USIM5,10.28,192546554.0
2017-10-16,VALE3,33.35,1196533396.0
2017-10-16,VIVT4,51.0,73765328.0
2017-10-16,WEGE3,22.75,37220615.0
2017-10-17,ABEV3,21.75,153423380.0
2017-10-17,BBAS3,37.56,197969018.0
2017-10-17,BBDC3,34.38,52567951.0
2017-10-17,BBDC4,36.43,237734994.0
2017-10-17,BBSE3,28.6,156698546.0
2017-10-17,BRAP4,24.0,44214886.0
2017-10-17,BRFS3,44.68,100566397.0
2017-10-17,BRKM5,46.31,98256067.0
2017-10-17,BRML3,13.8,164635110.0
2017-10-17,BVMF3,23.94,174103074.0
2017-10-17,CCRO3,18.65,144952865.0
2017-10-17,CIEL3,21.95,71687493.0
2017-10-17,CMIG4,8.13,71125846.0
2017-10-17,CPFE3,27.35,22636290.0
2017-10-17,CPLE6,27.27,30404319.0
2017-10-17,CSAN3,38.26,44847759.0
2017-10-17,CSNA3,9.87,55752003.0
2017-10-17,CYRE3,13.83,29791304.0
2017-10-17,ECOR3,12.09,24507480.0
2017-10-17,EGIE3,36.9,55028476.0
2017-10-17,ELET3,20.56,26094461.0
2017-10-17,ELET6,24.02,22274554.0
2017-10-17,EMBR3,16.07,181872605.0
2017-10-17,ENBR3,15.2,22177037.0
2017-10-17,EQTL3,61.91,83667685.0
2017-10-17,ESTC3,31.15,107668145.0
2017-10-17,FIBR3,51.93,128377247.0
2017-10-17,GGBR4,11.32,80622322.0
2017-10-17,GOAU4,5.5,44724988.0
2017-10-17,HYPE3,34.79,164647743.0
2017-10-17,ITSA4,11.17,106171597.0
2017-10-17,ITUB4,44.33,368812005.0
2017-10-17,JBSS3,8.27,44209393.0
2017-10-17,KLBN11,19.43,31386648.0
2017-10-17,KROT3,19.15,199799791.0
2017-10-17,LAME4,17.99,153896153.0
2017-10-17,LREN3,35.95,88081527.0
2017-10-17,MRFG3,6.5,8393586.0
2017-10-17,MRVE3,14.1,51563633.0
2017-10-17,MULT3,74.24,54493901.0
2017-10-17,NATU3,30.3,37589023.0
2017-10-17,PCAR4,76.85,85033609.0
2017-10-17,PETR3,16.61,75117533.0
2017-10-17,PETR4,16.13,411901359.0
2017-10-17,QUAL3,35.99,99435761.0
2017-10-17,RADL3,77.13,63099654.0
2017-10-17,RAIL3,13.06,190685721.0
2017-10-17,RENT3,56.9,106830176.0
2017-10-17,SANB11,30.57,51305852.0
2017-10-17,SBSP3,31.39,52342064.0
2017-10-17,SMLE3,86.5,62836287.0
2017-10-17,SUZB5,20.17,93470258.0
2017-10-17,TAEE11,22.06,94844261.0
2017-10-17,TIMP3,12.02,31926275.0
2017-10-17,UGPA3,78.59,82261294.0
2017-10-17,USIM5,9.95,147169216.0
2017-10-17,VALE3,32.58,651366417.0
2017-10-17,VIVT4,50.93,60189022.0
2017-10-17,WEGE3,22.54,42087822.0
2017-10-18,ABEV3,21.78,316044842.0
2017-10-18,BBAS3,37.43,229714164.0
2017-10-18,BBDC3,34.25,233100190.0
2017-10-18,BBDC4,36.27,374506394.0
2017-10-18,BBSE3,29.04,112945436.0
2017-10-18,BRAP4,23.84,46552079.0
2017-10-18,BRFS3,45.5,97402751.0
2017-10-18,BRKM5,46.54,68177064.0
2017-10-18,BRML3,13.85,79955748.0
2017-10-18,BVMF3,24.54,243220612.0
2017-10-18,CCRO3,18.94,153644418.0
2017-10-18,CIEL3,22.04,95367700.0
2017-10-18,CMIG4,8.25,41213198.0
2017-10-18,CPFE3,27.4,42658159.0
2017-10-18,CPLE6,27.1,15336283.0
2017-10-18,CSAN3,38.44,50686524.0
2017-10-18,CSNA3,9.91,73771163.0
2017-10-18,CYRE3,13.85,20822681.0
2017-10-18,ECOR3,12.6,37839760.0
2017-10-18,EGIE3,36.7,50031526.0
2017-10-18,ELET3,20.82,36370556.0
2017-10-18,ELET6,24.39,25063941.0
2017-10-18,EMBR3,16.22,59472988.0
2017-10-18,ENBR3,15.58,27323796.0
2017-10-18,EQTL3,62.5,40238918.0
2017-10-18,ESTC3,31.6,131780609.0
2017-10-18,FIBR3,49.82,135076783.0
2017-10-18,GGBR4,11.66,148118467.0
2017-10-18,GOAU4,5.6,71696186.0
2017-10-18,HYPE3,34.91,54911419.0
2017-10-18,ITSA4,11.22,211510861.0
2017-10-18,ITUB4,44.41,376368197.0
2017-10-18,JBSS3,8.15,82466633.0
2017-10-18,KLBN11,19.68,39762194.0
2017-10-18,KROT3,19.55,112937221.0
2017-10-18,LAME4,18.39,126012957.0
2017-10-18,LREN3,37.5,147921757.0
2017-10-18,MRFG3,6.52,11482082.0
2017-10-18,MRVE3,14.31,35173122.0
2017-10-18,MULT3,76.21,70024049.0
2017-10-18,NATU3,30.96,27303728.0
2017-10-18,PCAR4,79.9,88215932.0
2017-10-18,PETR3,16.61,108370296.0
2017-10-18,PETR4,16.16,416365688.0
2017-10-18,QUAL3,36.5,73966165.0
2017-10-18,RADL3,78.56,70037651.0
2017-10-18,RAIL3,13.27,193707698.0
2017-10-18,RENT3,58.48,74695483.0
2017-10-18,SANB11,30.57,64969573.0
2017-10-18,SBSP3,31.4,34803177.0
2017-10-18,SMLE3,89.35,81503837.0
2017-10-18,SUZB5,19.71,170652724.0
2017-10-18,TAEE11,22.05,56082956.0
2017-10-18,TIMP3,12.27,32389300.0
2017-10-18,UGPA3,78.88,70527204.0
2017-10-18,USIM5,9.66,266812237.0
2017-10-18,VALE3,32.27,684804295.0
2017-10-18,VIVT4,51.21,77853183.0
2017-10-18,WEGE3,22.58,41275132.0
2017-10-19,ABEV3,21.83,166952619.0
2017-10-19,BBAS3,37.18,198512440.0
2017-10-19,BBDC3,34.25,40116611.0
2017-10-19,BBDC4,36.12,192556410.0
2017-10-19,BBSE3,28.61,50216869.0
2017-10-19,BRAP4,24.59,40197813.0
2017-10-19,BRFS3,44.48,76683120.0
2017-10-19,BRKM5,46.48,73112381.0
2017-10-19,BRML3,13.54,91914673.0
2017-10-19,BVMF3,24.45,117372258.0
2017-10-19,CCRO3,18.95,91577625.0
2017-10-19,CIEL3,22.24,102433037.0
2017-10-19,CMIG4,8.3,45979971.0
2017-10-19,CPFE3,27.4,24426115.0
2017-10-19,CPLE6,27.88,19032004.0
2017-10-19,CSAN3,38.14,33410331.0
2017-10-19,CSNA3,9.86,87346335.0
2017-10-19,CYRE3,13.43,44770503.0
2017-10-19,ECOR3,12.43,25204369.0
2017-10-19,EGIE3,36.62,31719866.0
2017-10-19,ELET3,20.55,24091028.0
2017-10-19,ELET6,24.12,18131490.0
2017-10-19,EMBR3,16.13,41737090.0
2017-10-19,ENBR3,15.3,17705044.0
2017-10-19,EQTL3,63.15,45135196.0
2017-10-19,ESTC3,30.85,132428110.0
2017-10-19,FIBR3,50.19,147552804.0
2017-10-19,GGBR4,11.72,119670765.0
2017-10-19,GOAU4,5.66,67322050.0
2017-10-19,HYPE3,34.35,44802144.0
2017-10-19,ITSA4,11.15,118848282.0
2017-10-19,ITUB4,44.09,221847507.0
2017-10-19,JBSS3,8.05,55538966.0
2017-10-19,KLBN11,19.43,47731802.0
2017-10-19,KROT3,18.93,128942604.0
2017-10-19,LAME4,18.39,94588673.0
2017-10-19,LREN3,36.74,95232675.0
2017-10-19,MRFG3,6.37,7815091.0
2017-10-19,MRVE3,13.7,154686505.0
2017-10-19,MULT3,75.2,49847875.0
2017-10-19,NATU3,30.81,27654767.0
2017-10-19,PCAR4,80.16,44622644.0
2017-10-19,PETR3,16.5,81320574.0
2017-10-19,PETR4,16.15,395933123.0
2017-10-19,QUAL3,36.35,43713954.0
2017-10-19,RADL3,77.78,65050393.0
2017-10-19,RAIL3,13.1,101339542.0
2017-10-19,RENT3,59.28,65850907.0
2017-10-19,SANB11,30.19,35125451.0
2017-10-19,SBSP3,30.6,65469365.0
2017-10-19,SMLE3,89.6,52679143.0
2017-10-19,SUZB5,19.31,84967994.0
2017-10-19,TAEE11,21.7,30690189.0
2017-10-19,TIMP3,12.15,30715579.0
2017-10-19,UGPA3,78.27,64967028.0
2017-10-19,USIM5,10.09,201000734.0
2017-10-19,VALE3,33.0,600606407.0
2017-10-19,VIVT4,50.95,47734687.0
2017-10-19,WEGE3,22.13,57915138.0
2017-10-20,ABEV3,21.53,257753209.0
2017-10-20,BBAS3,37.51,258764242.0
2017-10-20,BBDC3,34.12,15499076.0
2017-10-20,BBDC4,35.94,118416344.0
2017-10-20,BBSE3,29.01,83631770.0
2017-10-20,BRAP4,24.55,55089081.0
2017-10-20,BRFS3,44.42,82687534.0
2017-10-20,BRKM5,47.37,58827690.0
2017-10-20,BRML3,13.4,81298821.0
2017-10-20,BVMF3,24.64,136096239.0
2017-10-20,CCRO3,18.4,97036704.0
2017-10-20,CIEL3,22.51,141734604.0
2017-10-20,CMIG4,8.31,103601804.0
2017-10-20,CPFE3,27.41,18092197.0
2017-10-20,CPLE6,27.95,14998018.0
2017-10-20,CSAN3,38.5,37368820.0
2017-10-20,CSNA3,10.16,122028235.0
2017-10-20,CYRE3,13.52,37073481.0
2017-10-20,ECOR3,12.31,38901570.0
2017-10-20,EGIE3,36.47,36355071.0
2017-10-20,ELET3,21.66,62035377.0
2017-10-20,ELET6,25.55,52748296.0
2017-10-20,EMBR3,16.3,38167243.0
2017-10-20,ENBR3,15.17,33783720.0
2017-10-20,EQTL3,61.52,176442837.0
2017-10-20,ESTC3,30.95,83118529.0
2017-10-20,FIBR3,51.86,149683065.0
2017-10-20,GGBR4,11.68,84204691.0
2017-10-20,GOAU4,5.6,65030250.0
2017-10-20,HYPE3,34.1,41746592.0
2017-10-20,ITSA4,11.15,70115412.0
2017-10-20,ITUB4,44.0,176638573.0
2017-10-20,JBSS3,7.95,55183474.0
2017-10-20,KLBN11,19.78,27058941.0
2017-10-20,KROT3,18.93,75458834.0
2017-10-20,LAME4,18.58,51272684.0
2017-10-20,LREN3,36.9,66274477.0
2017-10-20,MRFG3,6.39,6681631.0
2017-10-20,MRVE3,14.09,70077323.0
2017-10-20,MULT3,74.81,55136747.0
2017-10-20,NATU3,30.97,26786682.0
2017-10-20,PCAR4,80.0,41646055.0
2017-10-20,PETR3,16.55,84194844.0
2017-10-20,PETR4,16.22,528213737.0
2017-10-20,QUAL3,36.26,55122187.0
2017-10-20,RADL3,76.41,52865894.0
2017-10-20,RAIL3,13.52,153821789.0
2017-10-20,RENT3,59.0,139529414.0
2017-10-20,SANB11,30.05,68636944.0
2017-10-20,SBSP3,30.75,37655208.0
2017-10-20,SMLE3,92.82,134088462.0
2017-10-20,SUZB5,20.04,107606024.0
2017-10-20,TAEE11,21.7,70984165.0
2017-10-20,TIMP3,12.28,17403775.0
2017-10-20,UGPA3,78.22,29184717.0
2017-10-20,USIM5,10.1,164916790.0
2017-10-20,VALE3,32.95,812048113.0
2017-10-20,VIVT4,51.58,59109114.0
2017-10-20,WEGE3,22.4,37766795.0
2017-10-23,ABEV3,21.3,172310404.0
2017-10-23,BBAS3,36.2,232095218.0
2017-10-23,BBDC3,33.71,34123140.0
2017-10-23,BBDC4,35.6,264959130.0
2017-10-23,BBSE3,28.45,63764507.0
2017-10-23,BRAP4,24.39,23245150.0
2017-10-23,BRFS3,44.0,85327375.0
2017-10-23,BRKM5,46.22,68278648.0
2017-10-23,BRML3,13.29,66938817.0
2017-10-23,BVMF3,24.38,271832430.0
2017-10-23,CCRO3,17.91,72812722.0
2017-10-23,CIEL3,21.7,127827511.0
2017-10-23,CMIG4,8.24,111053560.0
2017-10-23,CPFE3,27.39,22938511.0
2017-10-23,CPLE6,26.8,18953497.0
2017-10-23,CSAN3,38.13,56994185.0
2017-10-23,CSNA3,9.84,62072421.0
2017-10-23,CYRE3,13.3,24080050.0
2017-10-23,ECOR3,12.07,32198913.0
2017-10-23,EGIE3,36.0,30050088.0
2017-10-23,ELET3,22.45,126248986.0
2017-10-23,ELET6,26.45,81134507.0
2017-10-23,EMBR3,16.19,53346144.0
2017-10-23,ENBR3,14.61,29796995.0
2017-10-23,EQTL3,60.0,114653747.0
2017-10-23,ESTC3,29.4,104987153.0
2017-10-23,FIBR3,53.07,140939172.0
2017-10-23,GGBR4,11.63,85025970.0
2017-10-23,GOAU4,5.56,54814239.0
2017-10-23,HYPE3,33.8,79863613.0
2017-10-23,ITSA4,10.89,137524005.0
2017-10-23,ITUB4,43.59,283519091.0
2017-10-23,JBSS3,7.76,68271037.0
2017-10-23,KLBN11,19.53,45129772.0
2017-10-23,KROT3,18.15,194817090.0
2017-10-23,LAME4,18.01,76820140.0
2017-10-23,LREN3,36.17,75302494.0
2017-10-23,MRFG3,6.35,13638567.0
2017-10-23,MRVE3,13.95,38066282.0
2017-10-23,MULT3,73.59,56734443.0
2017-10-23,NATU3,30.52,21438566.0
2017-10-23,PCAR4,78.5,51220657.0
2017-10-23,PETR3,16.5,90534929.0
2017-10-23,PETR4,16.2,476553486.0
2017-10-23,QUAL3,35.05,83135209.0
2017-10-23,RADL3,76.16,62448498.0
2017-10-23,RAIL3,13.3,92694949.0
2017-10-23,RENT3,59.0,65849406.0
2017-10-23,SANB11,30.05,41191590.0
2017-10-23,SBSP3,30.5,49683549.0
2017-10-23,SUZB5,20.47,71492204.0
2017-10-23,TAEE11,21.53,17046184.0
2017-10-23,TIMP3,11.99,21935193.0
2017-10-23,UGPA3,78.03,46504258.0
2017-10-23,USIM5,9.65,217301774.0
2017-10-23,VALE3,32.71,392846604.0
2017-10-23,VIVT4,50.82,50139859.0
2017-10-23,WEGE3,21.64,42233467.0
2017-10-24,ABEV3,21.32,238641023.0
2017-10-24,BBAS3,36.53,307445970.0
2017-10-24,BBDC3,34.13,64162676.0
2017-10-24,BBDC4,36.08,258529901.0
2017-10-24,BBSE3,28.72,59470231.0
2017-10-24,BRAP4,25.24,30179862.0
2017-10-24,BRFS3,44.48,67342291.0
2017-10-24,BRKM5,47.47,84756346.0
2017-10-24,BRML3,13.32,69151312.0
2017-10-24,BVMF3,24.5,189289577.0
2017-10-24,CCRO3,18.05,127319425.0
2017-10-24,CIEL3,21.33,144408910.0
2017-10-24,CMIG4,8.3,137413107.0
2017-10-24,CPFE3,27.43,11805364.0
2017-10-24,CPLE6,26.7,18151282.0
2017-10-24,CSAN3,38.19,48249473.0
2017-10-24,CSNA3,10.02,63319130.0
2017-10-24,CYRE3,13.41,16846891.0
2017-10-24,ECOR3,12.25,29895297.0
2017-10-24,EGIE3,36.23,38547576.0
2017-10-24,ELET3,22.59,64256596.0
2017-10-24,ELET6,26.46,49218136.0
2017-10-24,EMBR3,16.4,55189446.0
2017-10-24,ENBR3,14.82,37165837.0
2017-10-24,EQTL3,60.88,146917890.0
2017-10-24,ESTC3,29.96,66858756.0
2017-10-24,FIBR3,53.25,313278364.0
2017-10-24,GGBR4,12.02,97134035.0
2017-10-24,GOAU4,5.69,59577061.0
2017-10-24,HYPE3,33.86,55089604.0
2017-10-24,ITSA4,11.13,220615460.0
2017-10-24,ITUB4,43.91,345437628.0
2017-10-24,JBSS3,7.75,78035092.0
2017-10-24,KLBN11,19.59,44076075.0
2017-10-24,KROT3,18.48,136233593.0
2017-10-24,LAME4,18.0,95195133.0
2017-10-24,LREN3,37.1,115458772.0
2017-10-24,MRFG3,6.46,8702694.0
2017-10-24,MRVE3,14.13,24762918.0
2017-10-24,MULT3,73.5,64772024.0
2017-10-24,NATU3,31.29,65549878.0
2017-10-24,PCAR4,79.67,31555512.0
2017-10-24,PETR3,16.85,141447779.0
2017-10-24,PETR4,16.51,755262916.0
2017-10-24,QUAL3,35.03,40260514.0
2017-10-24,RADL3,76.83,42243553.0
2017-10-24,RAIL3,13.35,100692360.0
2017-10-24,RENT3,59.4,32946510.0
2017-10-24,SANB11,30.45,31706070.0
2017-10-24,SBSP3,30.7,35197431.0
2017-10-24,SUZB5,20.52,120611769.0
2017-10-24,TAEE11,21.38,33528369.0
2017-10-24,TIMP3,12.16,26929325.0
2017-10-24,UGPA3,78.98,66244567.0
2017-10-24,USIM5,10.02,180874273.0
2017-10-24,VALE3,33.83,667868589.0
2017-10-24,VIVT4,51.03,51830639.0
2017-10-24,WEGE3,22.29,37321206.0
2017-10-25,ABEV3,21.19,335066746.0
2017-10-25,BBAS3,37.12,345991427.0
2017-10-25,BBDC3,34.0,50910864.0
2017-10-25,BBDC4,36.19,200284996.0
2017-10-25,BBSE3,28.71,51463124.0
2017-10-25,BRAP4,25.18,29740524.0
2017-10-25,BRFS3,44.7,85894379.0
2017-10-25,BRKM5,47.64,70254474.0
2017-10-25,BRML3,13.35,81561161.0
2017-10-25,BVMF3,25.25,453224086.0
2017-10-25,CCRO3,18.62,133572853.0
2017-10-25,CIEL3,21.37,78188202.0
2017-10-25,CMIG4,8.23,44262978.0
2017-10-25,CPFE3,27.44,14942398.0
2017-10-25,CPLE6,26.65,23373519.0
2017-10-25,CSAN3,38.0,38474936.0
2017-10-25,CSNA3,9.9,88019055.0
2017-10-25,CYRE3,13.47,15283896.0
2017-10-25,ECOR3,12.44,23952594.0
2017-10-25,EGIE3,36.2,21261189.0
2017-10-25,ELET3,23.37,72840086.0
2017-10-25,ELET6,27.2,60759732.0
2017-10-25,EMBR3,16.07,75629194.0
2017-10-25,ENBR3,14.87,16780907.0
2017-10-25,EQTL3,61.58,120124012.0
2017-10-25,ESTC3,30.11,41612154.0
2017-10-25,FIBR3,52.5,96137110.0
2017-10-25,GGBR4,12.05,78233273.0
2017-10-25,GOAU4,5.74,65454028.0
2017-10-25,HYPE3,33.6,86638970.0
2017-10-25,ITSA4,11.3,313499812.0
2017-10-25,ITUB4,44.21,344891521.0
2017-10-25,JBSS3,8.0,75047006.0
2017-10-25,KLBN11,19.35,37087143.0
2017-10-25,KROT3,18.44,95831025.0
2017-10-25,LAME4,18.03,71828641.0
2017-10-25,LREN3,37.6,218181630.0
2017-10-25,MRFG3,6.56,7027181.0
2017-10-25,MRVE3,14.09,38111304.0
2017-10-25,MULT3,73.81,64449368.0
2017-10-25,NATU3,32.28,38527705.0
2017-10-25,PCAR4,79.68,37725001.0
2017-10-25,PETR3,17.02,151130185.0
2017-10-25,PETR4,16.72,622846482.0
2017-10-25,QUAL3,34.51,39655772.0
2017-10-25,RADL3,77.43,40796030.0
2017-10-25,RAIL3,13.34,56258707.0
2017-10-25,RENT3,59.25,60430424.0
2017-10-25,SANB11,30.86,47067594.0
2017-10-25,SBSP3,30.4,32614815.0
2017-10-25,SUZB5,19.78,81225473.0
2017-10-25,TAEE11,21.25,32015219.0
2017-10-25,TIMP3,12.24,34521813.0
2017-10-25,UGPA3,79.05,47846963.0
2017-10-25,USIM5,9.91,191064746.0
2017-10-25,VALE3,33.55,559246147.0
2017-10-25,VIVT4,50.73,76043275.0
2017-10-25,WEGE3,22.25,40912924.0
2017-10-26,ABEV3,21.04,243467983.0
2017-10-26,BBAS3,36.66,271929140.0
2017-10-26,BBDC3,33.52,89432455.0
2017-10-26,BBDC4,35.86,301457997.0
2017-10-26,BBSE3,28.52,63000006.0
2017-10-26,BRAP4,24.36,57603662.0
2017-10-26,BRFS3,44.41,50826187.0
2017-10-26,BRKM5,47.52,50694703.0
2017-10-26,BRML3,13.13,97413513.0
2017-10-26,BVMF3,24.96,159562593.0
2017-10-26,CCRO3,18.23,71714909.0
2017-10-26,CIEL3,20.95,122724303.0
2017-10-26,CMIG4,8.46,109937479.0
2017-10-26,CPFE3,27.47,15901371.0
2017-10-26,CPLE6,26.71,19022284.0
2017-10-26,CSAN3,37.86,28823058.0
2017-10-26,CSNA3,9.54,93589875.0
2017-10-26,CYRE3,13.13,19979079.0
2017-10-26,ECOR3,12.34,26929045.0
2017-10-26,EGIE3,35.99,24780329.0
2017-10-26,ELET3,23.47,98564756.0
2017-10-26,ELET6,27.35,41784396.0
2017-10-26,EMBR3,16.29,92977349.0
2017-10-26,ENBR3,14.36,31254576.0
2017-10-26,EQTL3,61.0,56161468.0
2017-10-26,ESTC3,29.79,117440776.0
2017-10-26,FIBR3,53.37,59553366.0
2017-10-26,GGBR4,11.74,114698826.0
2017-10-26,GOAU4,5.51,63494176.0
2017-10-26,HYPE3,33.6,58124339.0
2017-10-26,ITSA4,11.18,130904217.0
2017-10-26,ITUB4,43.94,318230007.0
2017-10-26,JBSS3,7.67,76112690.0
2017-10-26,KLBN11,19.29,28790803.0
2017-10-26,KROT3,18.28,106053098.0
2017-10-26,LAME4,17.66,57558647.0
2017-10-26,LREN3,36.32,214808195.0
2017-10-26,MRFG3,6.38,10564516.0
2017-10-26,MRVE3,13.71,47327996.0
2017-10-26,MULT3,73.0,67595596.0
2017-10-26,NATU3,32.0,48661457.0
2017-10-26,PCAR4,79.4,66662255.0
2017-10-26,PETR3,17.1,104541184.0
2017-10-26,PETR4,16.73,634774995.0
2017-10-26,QUAL3,34.5,62558335.0
2017-10-26,RADL3,75.0,69544281.0
2017-10-26,RAIL3,13.02,105443005.0
2017-10-26,RENT3,57.87,57510595.0
2017-10-26,SANB11,29.75,131489172.0
2017-10-26,SBSP3,30.85,42822490.0
2017-10-26,SUZB5,20.05,62210631.0
2017-10-26,TAEE11,20.71,52315461.0
2017-10-26,TIMP3,12.33,26588300.0
2017-10-26,UGPA3,79.26,58199450.0
2017-10-26,USIM5,9.78,143365487.0
2017-10-26,VALE3,32.67,836766087.0
2017-10-26,VIVT4,51.68,108650912.0
2017-10-26,WEGE3,21.55,48689871.0
2017-10-27,ABEV3,20.91,306128604.0
2017-10-27,BBAS3,36.5,191889434.0
2017-10-27,BBDC3,33.7,94809438.0
2017-10-27,BBDC4,35.79,280569107.0
2017-10-27,BBSE3,28.6,53057238.0
2017-10-27,BRAP4,24.3,51869424.0
2017-10-27,BRFS3,45.0,66825429.0
2017-10-27,BRKM5,47.56,69533639.0
2017-10-27,BRML3,13.22,36129571.0
2017-10-27,BVMF3,25.09,126007450.0
2017-10-27,CCRO3,18.55,108165548.0
2017-10-27,CIEL3,20.97,167946268.0
2017-10-27,CMIG4,8.0,110320934.0
2017-10-27,CPFE3,27.44,22334841.0
2017-10-27,CPLE6,26.47,21953726.0
2017-10-27,CSAN3,38.11,28213859.0
2017-10-27,CSNA3,9.06,173948642.0
2017-10-27,CYRE3,13.29,20325213.0
2017-10-27,ECOR3,12.36,23136866.0
2017-10-27,EGIE3,36.63,40594908.0
2017-10-27,ELET3,23.41,51926560.0
2017-10-27,ELET6,27.3,30728720.0
2017-10-27,EMBR3,15.61,138568983.0
2017-10-27,ENBR3,15.0,47260129.0
2017-10-27,EQTL3,62.7,121021007.0
2017-10-27,ESTC3,28.4,258044687.0
2017-10-27,FIBR3,52.43,102946462.0
2017-10-27,GGBR4,11.58,107813641.0
2017-10-27,GOAU4,5.5,97761173.0
2017-10-27,HYPE3,34.0,33688973.0
2017-10-27,ITSA4,11.15,140814191.0
2017-10-27,ITUB4,43.67,372665617.0
2017-10-27,JBSS3,7.69,50919841.0
2017-10-27,KLBN11,19.37,34563637.0
2017-10-27,KROT3,18.26,154681220.0
2017-10-27,LAME4,17.77,54088452.0
2017-10-27,LREN3,35.72,104485367.0
2017-10-27,MRFG3,6.55,8567874.0
2017-10-27,MRVE3,13.67,33042155.0
2017-10-27,MULT3,73.65,58028276.0
2017-10-27,NATU3,32.0,28993538.0
2017-10-27,PCAR4,79.68,102887473.0
2017-10-27,PETR3,17.4,136953446.0
2017-10-27,PETR4,17.03,773960391.0
2017-10-27,QUAL3,35.0,101451481.0
2017-10-27,RADL3,77.9,123645003.0
2017-10-27,RAIL3,13.27,125595999.0
2017-10-27,RENT3,59.0,75558513.0
2017-10-27,SANB11,30.05,68946385.0
2017-10-27,SBSP3,30.4,35706085.0
2017-10-27,SUZB5,20.6,110320122.0
2017-10-27,TAEE11,20.7,38900794.0
2017-10-27,TIMP3,12.34,31425678.0
2017-10-27,UGPA3,79.79,56686406.0
2017-10-27,USIM5,9.13,421581472.0
2017-10-27,VALE3,32.55,564637247.0
2017-10-27,VIVT4,51.46,83410952.0
2017-10-27,WEGE3,21.59,28985350.0
2017-10-30,ABEV3,20.96,367083124.0
2017-10-30,BBAS3,35.21,349526542.0
2017-10-30,BBDC3,33.16,62354114.0
2017-10-30,BBDC4,35.15,335637050.0
2017-10-30,BBSE3,28.0,126742616.0
2017-10-30,BRAP4,23.85,54064676.0
2017-10-30,BRFS3,44.01,113765378.0
2017-10-30,BRKM5,53.25,295387205.0
2017-10-30,BRML3,12.97,86364491.0
2017-10-30,BVMF3,24.29,199343678.0
2017-10-30,CCRO3,18.05,129845185.0
2017-10-30,CIEL3,20.45,163806778.0
2017-10-30,CMIG4,7.8,51310073.0
2017-10-30,CPFE3,27.51,236532708.0
2017-10-30,CPLE6,25.78,27160796.0
2017-10-30,CSAN3,36.9,37686995.0
2017-10-30,CSNA3,8.55,140437351.0
2017-10-30,CYRE3,12.89,21948928.0
2017-10-30,ECOR3,12.16,24699142.0
2017-10-30,EGIE3,36.01,39057399.0
2017-10-30,ELET3,22.59,65177751.0
2017-10-30,ELET6,26.29,49475548.0
2017-10-30,EMBR3,15.45,85884945.0
2017-10-30,ENBR3,14.67,22942470.0
2017-10-30,EQTL3,61.88,80450966.0
2017-10-30,ESTC3,28.3,135184455.0
2017-10-30,FIBR3,51.63,131852732.0
2017-10-30,GGBR4,11.25,104248070.0
2017-10-30,GOAU4,5.22,93413577.0
2017-10-30,HYPE3,33.78,69988690.0
2017-10-30,ITSA4,10.84,266311721.0
2017-10-30,ITUB4,43.11,463880088.0
2017-10-30,JBSS3,7.53,69723116.0
2017-10-30,KLBN11,19.03,42552317.0
2017-10-30,KROT3,18.02,98972168.0
2017-10-30,LAME4,17.25,96933730.0
2017-10-30,LREN3,35.19,91550351.0
2017-10-30,MRFG3,6.25,9768656.0
2017-10-30,MRVE3,12.87,60718732.0
2017-10-30,MULT3,72.22,44127101.0
2017-10-30,NATU3,30.59,77616484.0
2017-10-30,PCAR4,76.95,66788519.0
2017-10-30,PETR3,17.35,249852051.0
2017-10-30,PETR4,16.78,937168340.0
2017-10-30,QUAL3,35.0,65670966.0
2017-10-30,RADL3,77.17,66936131.0
2017-10-30,RAIL3,12.8,166448152.0
2017-10-30,RENT3,58.0,69939413.0
2017-10-30,SANB11,29.5,70854725.0
2017-10-30,SBSP3,30.0,67145647.0
2017-10-30,SUZB5,20.0,70394310.0
2017-10-30,TAEE11,20.5,28105837.0
2017-10-30,TIMP3,11.97,38363953.0
2017-10-30,UGPA3,79.03,95889168.0
2017-10-30,USIM5,8.72,229514381.0
2017-10-30,VALE3,32.35,628514203.0
2017-10-30,VIVT4,50.53,102912095.0
2017-10-30,WEGE3,21.05,48524068.0
2017-10-31,ABEV3,20.9,301583594.0
2017-10-31,BBAS3,34.44,213009580.0
2017-10-31,BBDC3,32.78,56244076.0
2017-10-31,BBDC4,34.68,458465902.0
2017-10-31,BBSE3,27.73,186486904.0
2017-10-31,BRAP4,24.0,32558423.0
2017-10-31,BRFS3,44.25,62492470.0
2017-10-31,BRKM5,52.36,223264452.0
2017-10-31,BRML3,12.68,74756156.0
2017-10-31,BVMF3,23.9,174379173.0
2017-10-31,CCRO3,18.2,83287876.0
2017-10-31,CIEL3,22.38,393694476.0
2017-10-31,CMIG4,7.73,54737915.0
2017-10-31,CPFE3,27.5,34170992.0
2017-10-31,CPLE6,24.99,20164202.0
2017-10-31,CSAN3,37.4,44790274.0
2017-10-31,CSNA3,8.43,102393523.0
2017-10-31,CYRE3,12.8,19876469.0
2017-10-31,ECOR3,12.2,34587652.0
2017-10-31,EGIE3,35.8,30322792.0
2017-10-31,ELET3,22.05,41220178.0
2017-10-31,ELET6,25.34,42660697.0
2017-10-31,EMBR3,15.67,101507456.0
2017-10-31,ENBR3,14.4,45646523.0
2017-10-31,EQTL3,61.0,78437830.0
2017-10-31,ESTC3,29.33,137303974.0
2017-10-31,FIBR3,52.34,82139294.0
2017-10-31,GGBR4,10.95,175860266.0
2017-10-31,GOAU4,5.11,128773011.0
2017-10-31,HYPE3,34.2,86007050.0
2017-10-31,ITSA4,10.48,284968204.0
2017-10-31,ITUB4,42.05,711135136.0
2017-10-31,JBSS3,7.54,42192627.0
2017-10-31,KLBN11,18.9,38759435.0
2017-10-31,KROT3,17.99,142388857.0
2017-10-31,LAME4,17.58,86320711.0
2017-10-31,LREN3,34.48,123312544.0
2017-10-31,MRFG3,6.43,12150095.0
2017-10-31,MRVE3,12.65,58818273.0
2017-10-31,MULT3,71.5,67955653.0
2017-10-31,NATU3,30.97,29011689.0
2017-10-31,PCAR4,76.2,48794392.0
2017-10-31,PETR3,17.42,124872904.0
2017-10-31,PETR4,16.77,542617551.0
2017-10-31,QUAL3,35.0,65741201.0
2017-10-31,RADL3,78.21,92950281.0
2017-10-31,RAIL3,12.7,210204451.0
2017-10-31,RENT3,57.87,59501166.0
2017-10-31,SANB11,28.61,89256382.0
2017-10-31,SBSP3,29.8,47305577.0
2017-10-31,SUZB5,20.33,55350011.0
2017-10-31,TAEE11,20.5,43058530.0
2017-10-31,TIMP3,12.13,32478535.0
2017-10-31,UGPA3,78.1,79877355.0
2017-10-31,USIM5,8.81,174574469.0
2017-10-31,VALE3,32.1,472975548.0
2017-10-31,VIVT4,50.5,98238278.0
2017-10-31,WEGE3,21.28,37938573.0
2017-11-01,ABEV3,20.74,351884894.0
2017-11-01,BBAS3,34.0,245602924.0
2017-11-01,BBDC3,31.9,49095056.0
2017-11-01,BBDC4,33.6,447299702.0
2017-11-01,BBSE3,27.42,96784956.0
2017-11-01,BRAP4,24.25,46951771.0
2017-11-01,BRFS3,43.56,85189925.0
2017-11-01,BRKM5,50.56,100035847.0
2017-11-01,BRML3,12.88,133682205.0
2017-11-01,BVMF3,23.88,111008202.0
2017-11-01,CCRO3,17.92,129244826.0
2017-11-01,CIEL3,23.03,282579083.0
2017-11-01,CMIG4,7.41,69767706.0
2017-11-01,CPFE3,27.51,47422733.0
2017-11-01,CPLE6,24.7,30198685.0
2017-11-01,CSAN3,37.0,71821638.0
2017-11-01,CSNA3,8.16,98619156.0
2017-11-01,CYRE3,12.79,17698868.0
2017-11-01,ECOR3,12.17,22300654.0
2017-11-01,EGIE3,35.62,21900647.0
2017-11-01,ELET3,20.75,97584572.0
2017-11-01,ELET6,23.8,60595077.0
2017-11-01,EMBR3,15.49,73600635.0
2017-11-01,ENBR3,14.66,40425136.0
2017-11-01,EQTL3,61.7,51640427.0
2017-11-01,ESTC3,28.86,106731653.0
2017-11-01,FIBR3,52.87,91473674.0
2017-11-01,GGBR4,10.67,178604264.0
2017-11-01,GOAU4,4.95,133482729.0
2017-11-01,HYPE3,34.74,113496438.0
2017-11-01,ITSA4,10.4,240386943.0
2017-11-01,ITUB4,41.33,532734908.0
2017-11-01,JBSS3,7.44,42755800.0
2017-11-01,KLBN11,19.0,29794816.0
2017-11-01,KROT3,17.85,101615722.0
2017-11-01,LAME4,17.08,107123834.0
2017-11-01,LREN3,34.36,105399756.0
2017-11-01,MRFG3,6.3,7162089.0
2017-11-01,MRVE3,13.1,71784636.0
2017-11-01,MULT3,71.75,54337137.0
2017-11-01,NATU3,30.51,24899809.0
2017-11-01,PCAR4,75.16,68263162.0
2017-11-01,PETR3,17.54,165350571.0
2017-11-01,PETR4,16.9,660787853.0
2017-11-01,QUAL3,35.6,60167284.0
2017-11-01,RADL3,78.92,104504340.0
2017-11-01,RAIL3,12.25,107454154.0
2017-11-01,RENT3,57.68,56290435.0
2017-11-01,SANB11,29.07,87186959.0
2017-11-01,SBSP3,30.34,98069767.0
2017-11-01,SUZB5,20.69,70030628.0
2017-11-01,TAEE11,20.35,31240889.0
2017-11-01,TIMP3,11.95,27811181.0
2017-11-01,UGPA3,76.9,136810934.0
2017-11-01,USIM5,8.49,198593137.0
2017-11-01,VALE3,32.82,979692563.0
2017-11-01,VIVT4,50.41,95972894.0
2017-11-01,WEGE3,21.17,38222067.0
2017-11-03,ABEV3,20.6,428133641.0
2017-11-03,BBAS3,33.39,308395982.0
2017-11-03,BBDC3,31.82,63051921.0
2017-11-03,BBDC4,33.92,614175620.0
2017-11-03,BBSE3,27.27,78389235.0
2017-11-03,BRAP4,24.96,40606186.0
2017-11-03,BRFS3,42.93,92830142.0
2017-11-03,BRKM5,50.31,123395957.0
2017-11-03,BRML3,12.7,82656109.0
2017-11-03,BVMF3,23.34,272513636.0
2017-11-03,CCRO3,17.81,121116319.0
2017-11-03,CIEL3,23.91,496046897.0
2017-11-03,CMIG4,7.0,97533780.0
2017-11-03,CPFE3,27.53,21108346.0
2017-11-03,CPLE6,24.65,37506726.0
2017-11-03,CSAN3,37.05,72351537.0
2017-11-03,CSNA3,7.98,137463923.0
2017-11-03,CYRE3,12.71,54990855.0
2017-11-03,ECOR3,11.78,23366897.0
2017-11-03,EGIE3,35.27,40696083.0
2017-11-03,ELET3,19.68,108790171.0
2017-11-03,ELET6,22.77,56707979.0
2017-11-03,EMBR3,16.39,124906256.0
2017-11-03,ENBR3,14.63,45331978.0
2017-11-03,EQTL3,61.25,61730424.0
2017-11-03,ESTC3,28.48,78635291.0
2017-11-03,FIBR3,53.61,83127247.0
2017-11-03,GGBR4,10.78,145243367.0
2017-11-03,GOAU4,5.15,120349569.0
2017-11-03,HYPE3,34.33,149337695.0
2017-11-03,ITSA4,10.5,290202824.0
2017-11-03,ITUB4,41.91,574726436.0
2017-11-03,JBSS3,7.28,78326619.0
2017-11-03,KLBN11,19.06,28954395.0
2017-11-03,KROT3,17.72,127861108.0
2017-11-03,LAME4,15.85,219860926.0
2017-11-03,LREN3,34.55,208885029.0
2017-11-03,MRFG3,6.15,11035457.0
2017-11-03,MRVE3,13.05,53013071.0
2017-11-03,MULT3,71.69,71978772.0
2017-11-03,NATU3,29.3,75564416.0
2017-11-03,PCAR4,74.95,106974520.0
2017-11-03,PETR3,17.71,153285866.0
2017-11-03,PETR4,16.94,550193135.0
2017-11-03,QUAL3,34.7,83552501.0
2017-11-03,RADL3,79.99,113053336.0
2017-11-03,RAIL3,12.3,150603955.0
2017-11-03,RENT3,57.5,108986756.0
2017-11-03,SANB11,29.47,73841312.0
2017-11-03,SBSP3,29.5,124339360.0
2017-11-03,SUZB5,21.29,131936138.0
2017-11-03,TAEE11,20.67,49447324.0
2017-11-03,TIMP3,11.91,33362233.0
2017-11-03,UGPA3,76.61,113416366.0
2017-11-03,USIM5,8.35,261796161.0
2017-11-03,VALE3,33.54,974592297.0
2017-11-03,VIVT4,49.44,117130881.0
2017-11-03,WEGE3,21.45,53357527.0
2017-11-06,ABEV3,20.54,264480713.0
2017-11-06,BBAS3,33.12,354492863.0
2017-11-06,BBDC3,31.69,91505136.0
2017-11-06,BBDC4,33.78,258554172.0
2017-11-06,BBSE3,28.25,130039009.0
2017-11-06,BRAP4,25.31,57514555.0
2017-11-06,BRFS3,42.66,68425252.0
2017-11-06,BRKM5,50.64,88541281.0
2017-11-06,BRML3,12.63,62963433.0
2017-11-06,BVMF3,23.35,184807822.0
2017-11-06,CCRO3,17.53,89243245.0
2017-11-06,CIEL3,24.14,211399511.0
2017-11-06,CMIG4,7.13,76367326.0
2017-11-06,CPFE3,27.53,34743419.0
2017-11-06,CPLE6,24.62,35368540.0
2017-11-06,CSAN3,37.21,78403797.0
2017-11-06,CSNA3,8.4,84231813.0
2017-11-06,CYRE3,12.6,51001719.0
2017-11-06,ECOR3,11.77,10737634.0
2017-11-06,EGIE3,36.11,28790871.0
2017-11-06,ELET3,20.72,99797008.0
2017-11-06,ELET6,24.0,64990945.0
2017-11-06,EMBR3,16.26,44903732.0
2017-11-06,ENBR3,14.51,30020851.0
2017-11-06,EQTL3,61.2,37499720.0
2017-11-06,ESTC3,28.1,81170794.0
2017-11-06,FIBR3,50.68,111148764.0
2017-11-06,GGBR4,10.96,89349600.0
2017-11-06,GOAU4,5.23,73825561.0
2017-11-06,HYPE3,33.74,73444431.0
2017-11-06,ITSA4,10.53,233948064.0
2017-11-06,ITUB4,42.1,361464479.0
2017-11-06,JBSS3,7.5,48353913.0
2017-11-06,KLBN11,18.8,51190627.0
2017-11-06,KROT3,17.41,95221040.0
2017-11-06,LAME4,15.76,140093287.0
2017-11-06,LREN3,35.8,147333791.0
2017-11-06,MRFG3,6.1,6994090.0
2017-11-06,MRVE3,12.8,63031969.0
2017-11-06,MULT3,71.0,51201875.0
2017-11-06,NATU3,28.77,52109362.0
2017-11-06,PCAR4,74.75,43212419.0
2017-11-06,PETR3,18.1,136081591.0
2017-11-06,PETR4,17.43,793731732.0
2017-11-06,QUAL3,34.0,66026054.0
2017-11-06,RADL3,80.81,70233520.0
2017-11-06,RAIL3,12.31,85201648.0
2017-11-06,RENT3,57.16,87981216.0
2017-11-06,SANB11,29.5,37770083.0
2017-11-06,SBSP3,29.55,45447375.0
2017-11-06,SUZB5,20.23,97457646.0
2017-11-06,TAEE11,20.73,43462873.0
2017-11-06,TIMP3,11.76,30469530.0
2017-11-06,UGPA3,77.81,102588257.0
2017-11-06,USIM5,8.87,155617161.0
2017-11-06,VALE3,34.34,900077440.0
2017-11-06,VIVT4,49.53,97696417.0
2017-11-06,WEGE3,21.71,29707469.0
2017-11-07,ABEV3,20.2,357673632.0
2017-11-07,BBAS3,31.46,450103665.0
2017-11-07,BBDC3,30.76,67318246.0
2017-11-07,BBDC4,32.75,484563890.0
2017-11-07,BBSE3,27.2,139193773.0
2017-11-07,BRAP4,24.52,69959757.0
2017-11-07,BRFS3,42.25,109465827.0
2017-11-07,BRKM5,49.76,114262812.0
2017-11-07,BRML3,12.35,108441668.0
2017-11-07,BVMF3,22.6,273799890.0
2017-11-07,CCRO3,16.87,889552667.0
2017-11-07,CIEL3,23.32,302790197.0
2017-11-07,CMIG4,6.95,52004298.0
2017-11-07,CPFE3,27.51,40860069.0
2017-11-07,CPLE6,23.83,25162802.0
2017-11-07,CSAN3,36.13,56418962.0
2017-11-07,CSNA3,8.04,95754968.0
2017-11-07,CYRE3,12.08,74501761.0
2017-11-07,ECOR3,11.38,44487930.0
2017-11-07,EGIE3,35.71,50476130.0
2017-11-07,ELET3,21.22,152942660.0
2017-11-07,ELET6,24.31,116168282.0
2017-11-07,EMBR3,16.34,76409641.0
2017-11-07,ENBR3,14.45,28514451.0
2017-11-07,EQTL3,60.07,74963513.0
2017-11-07,ESTC3,28.02,131829015.0
2017-11-07,FIBR3,49.3,146254282.0
2017-11-07,GGBR4,10.57,127398535.0
2017-11-07,GOAU4,4.92,106589588.0
2017-11-07,HYPE3,32.6,140253740.0
2017-11-07,ITSA4,10.3,220370128.0
2017-11-07,ITUB4,41.1,511564081.0
2017-11-07,JBSS3,7.14,66301843.0
2017-11-07,KLBN11,18.33,51866005.0
2017-11-07,KROT3,17.77,242446300.0
2017-11-07,LAME4,15.35,127611537.0
2017-11-07,LREN3,34.77,308338965.0
2017-11-07,MRFG3,5.99,10795839.0
2017-11-07,MRVE3,12.75,65744090.0
2017-11-07,MULT3,69.91,75592698.0
2017-11-07,NATU3,27.95,31836232.0
2017-11-07,PCAR4,73.85,72887312.0
2017-11-07,PETR3,17.27,253008255.0
2017-11-07,PETR4,16.5,1033694895.0
2017-11-07,QUAL3,33.72,64633935.0
2017-11-07,RADL3,81.0,123088683.0
2017-11-07,RAIL3,11.9,120089367.0
2017-11-07,RENT3,60.22,296027960.0
2017-11-07,SANB11,28.99,66056804.0
2017-11-07,SBSP3,28.46,57776675.0
2017-11-07,SUZB5,19.63,107100958.0
2017-11-07,TAEE11,20.29,27677209.0
2017-11-07,TIMP3,11.45,42469232.0
2017-11-07,UGPA3,76.38,123302245.0
2017-11-07,USIM5,8.1,274583882.0
2017-11-07,VALE3,33.52,685581284.0
2017-11-07,VIVT4,49.07,90891181.0
2017-11-07,WEGE3,21.12,45940843.0
2017-11-08,ABEV3,20.27,385942432.0
2017-11-08,BBAS3,33.11,309202494.0
2017-11-08,BBDC3,31.6,75758213.0
2017-11-08,BBDC4,33.94,389333771.0
2017-11-08,BBSE3,28.26,172647597.0
2017-11-08,BRAP4,24.98,27802006.0
2017-11-08,BRFS3,43.26,101896064.0
2017-11-08,BRKM5,51.33,61123036.0
2017-11-08,BRML3,12.94,129261200.0
2017-11-08,BVMF3,23.22,263861457.0
2017-11-08,CCRO3,17.14,92573834.0
2017-11-08,CIEL3,23.25,171924619.0
2017-11-08,CMIG4,7.2,51061099.0
2017-11-08,CPFE3,27.55,28649077.0
2017-11-08,CPLE6,24.38,32595325.0
2017-11-08,CSAN3,37.0,89042527.0
2017-11-08,CSNA3,8.27,73136376.0
2017-11-08,CYRE3,12.5,28994866.0
2017-11-08,ECOR3,11.7,22920119.0
2017-11-08,EGIE3,37.52,49723251.0
2017-11-08,ELET3,21.5,65600785.0
2017-11-08,ELET6,24.83,61935049.0
2017-11-08,EMBR3,16.18,48715667.0
2017-11-08,ENBR3,14.62,48850183.0
2017-11-08,EQTL3,62.0,41204443.0
2017-11-08,ESTC3,30.12,118529771.0
2017-11-08,FIBR3,49.5,90237875.0
2017-11-08,GGBR4,10.7,119935969.0
2017-11-08,GOAU4,5.14,87417497.0
2017-11-08,HYPE3,33.25,69098806.0
2017-11-08,ITSA4,10.64,207718631.0
2017-11-08,ITUB4,42.6,533940961.0
2017-11-08,JBSS3,7.56,74160873.0
2017-11-08,KLBN11,18.57,39254257.0
2017-11-08,KROT3,18.8,155581527.0
2017-11-08,LAME4,15.83,93821104.0
2017-11-08,LREN3,35.76,139233585.0
2017-11-08,MRFG3,6.65,17578902.0
2017-11-08,MRVE3,13.0,59429974.0
2017-11-08,MULT3,72.21,58301213.0
2017-11-08,NATU3,29.52,54349208.0
2017-11-08,PCAR4,75.41,37964632.0
2017-11-08,PETR3,17.74,147257882.0
2017-11-08,PETR4,16.95,688793384.0
2017-11-08,QUAL3,34.8,99902718.0
2017-11-08,RADL3,82.0,98896138.0
2017-11-08,RAIL3,12.6,73113746.0
2017-11-08,RENT3,61.11,85215814.0
2017-11-08,SANB11,30.32,55409952.0
2017-11-08,SBSP3,29.38,39228795.0
2017-11-08,SUZB5,20.09,68966859.0
2017-11-08,TAEE11,20.24,39704877.0
2017-11-08,TIMP3,11.97,63262321.0
2017-11-08,UGPA3,77.14,87720976.0
2017-11-08,USIM5,8.75,173188278.0
2017-11-08,VALE3,33.94,390868993.0
2017-11-08,VIVT4,49.77,109090886.0
2017-11-08,WEGE3,21.74,38338267.0
2017-11-09,ABEV3,20.22,259948628.0
2017-11-09,BBAS3,32.26,324351308.0
2017-11-09,BBDC3,30.5,55408190.0
2017-11-09,BBDC4,32.71,391564528.0
2017-11-09,BBSE3,28.06,85927596.0
2017-11-09,BRAP4,23.72,51368603.0
2017-11-09,BRFS3,43.0,80594661.0
2017-11-09,BRKM5,50.4,80797204.0
2017-11-09,BRML3,12.7,70741778.0
2017-11-09,BVMF3,22.83,173496962.0
2017-11-09,CCRO3,16.99,94513613.0
2017-11-09,CIEL3,23.1,110080770.0
2017-11-09,CMIG4,7.0,55405680.0
2017-11-09,CPFE3,27.55,38631134.0
2017-11-09,CPLE6,24.0,39030871.0
2017-11-09,CSAN3,37.12,34274134.0
2017-11-09,CSNA3,7.85,102516035.0
2017-11-09,CYRE3,11.98,25580189.0
2017-11-09,ECOR3,11.51,27040316.0
2017-11-09,EGIE3,37.71,29835538.0
2017-11-09,ELET3,20.44,93018702.0
2017-11-09,ELET6,23.5,42922587.0
2017-11-09,EMBR3,15.81,33505920.0
2017-11-09,ENBR3,14.62,30486086.0
2017-11-09,EQTL3,60.76,40043681.0
2017-11-09,ESTC3,29.12,105273181.0
2017-11-09,FIBR3,52.1,169365876.0
2017-11-09,GGBR4,10.47,98717678.0
2017-11-09,GOAU4,4.92,74619538.0
2017-11-09,HYPE3,32.8,62274993.0
2017-11-09,ITSA4,10.47,164902032.0
2017-11-09,ITUB4,41.45,530712505.0
2017-11-09,KLBN11,18.99,79068774.0
2017-11-09,KROT3,18.03,133873651.0
2017-11-09,LAME4,15.44,79436429.0
2017-11-09,LREN3,34.49,173395186.0
2017-11-09,MRFG3,6.66,17420746.0
2017-11-09,MRVE3,12.9,50625336.0
2017-11-09,MULT3,70.95,49888230.0
2017-11-09,NATU3,29.59,63338148.0
2017-11-09,PCAR4,73.69,67285989.0
2017-11-09,PETR3,17.5,108874788.0
2017-11-09,PETR4,16.72,494702758.0
2017-11-09,QUAL3,33.75,46601386.0
2017-11-09,RADL3,81.27,121429930.0
2017-11-09,RAIL3,12.21,108237891.0
2017-11-09,RENT3,60.84,75547707.0
2017-11-09,SANB11,29.32,57136273.0
2017-11-09,SBSP3,28.84,69565874.0
2017-11-09,SUZB5,21.13,222941824.0
2017-11-09,TAEE11,20.27,48926720.0
2017-11-09,TIMP3,11.71,29507054.0
2017-11-09,UGPA3,74.05,190490726.0
2017-11-09,USIM5,8.52,184902632.0
2017-11-09,VALE3,32.8,637627702.0
2017-11-09,VIVT4,49.32,103359954.0
2017-11-09,WEGE3,21.68,42801011.0
2017-11-10,ABEV3,20.21,305985884.0
2017-11-10,BBAS3,31.3,361685512.0
2017-11-10,BBDC3,30.63,93347163.0
2017-11-10,BBDC4,32.74,315724984.0
2017-11-10,BBSE3,28.1,70059915.0
2017-11-10,BRAP4,23.59,24185098.0
2017-11-10,BRFS3,41.02,305803325.0
2017-11-10,BRKM5,49.51,40390220.0
2017-11-10,BRML3,12.45,104144513.0
2017-11-10,BVMF3,22.4,160820980.0
2017-11-10,CCRO3,16.57,94841639.0
2017-11-10,CIEL3,23.0,131909649.0
2017-11-10,CMIG4,6.76,92945845.0
2017-11-10,CPFE3,27.57,33520440.0
2017-11-10,CPLE6,23.97,16280587.0
2017-11-10,CSAN3,36.26,40698142.0
2017-11-10,CSNA3,7.68,91125718.0
2017-11-10,CYRE3,12.1,27238663.0
2017-11-10,ECOR3,11.32,29126111.0
2017-11-10,EGIE3,36.3,29897739.0
2017-11-10,ELET3,20.0,114096038.0
2017-11-10,ELET6,22.7,89942765.0
2017-11-10,EMBR3,15.67,22085930.0
2017-11-10,ENBR3,14.53,24237407.0
2017-11-10,EQTL3,61.0,50360110.0
2017-11-10,ESTC3,28.0,91427590.0
2017-11-10,FIBR3,50.45,128108127.0
2017-11-10,GGBR4,10.28,81955925.0
2017-11-10,GOAU4,4.77,67001391.0
2017-11-10,HYPE3,32.31,46287510.0
2017-11-10,ITSA4,10.47,98213430.0
2017-11-10,ITUB4,41.51,424083439.0
2017-11-10,KLBN11,18.4,42962728.0
2017-11-10,KROT3,17.5,288855966.0
2017-11-10,LAME4,15.31,77627819.0
2017-11-10,LREN3,33.57,157350173.0
2017-11-10,MRFG3,6.6,12351927.0
2017-11-10,MRVE3,12.74,35144506.0
2017-11-10,MULT3,70.19,27398924.0
2017-11-10,NATU3,28.6,35994343.0
2017-11-10,PCAR4,71.7,84187105.0
2017-11-10,PETR3,17.53,101557147.0
2017-11-10,PETR4,16.72,599722639.0
2017-11-10,QUAL3,32.95,35902381.0
2017-11-10,RADL3,80.91,99991803.0
2017-11-10,RAIL3,11.45,93564277.0
2017-11-10,RENT3,61.05,110182808.0
2017-11-10,SANB11,29.25,34638989.0
2017-11-10,SBSP3,29.0,31573800.0
2017-11-10,TAEE11,20.4,32555820.0
2017-11-10,TIMP3,11.54,25187596.0
2017-11-10,UGPA3,70.05,234172198.0
2017-11-10,USIM5,8.61,191702796.0
2017-11-10,VALE3,32.77,399788939.0
2017-11-10,VIVT4,48.88,99508150.0
2017-11-10,WEGE3,21.65,39269022.0
2017-11-13,ABEV3,20.22,184578122.0
2017-11-13,BBAS3,31.35,303606222.0
2017-11-13,BBDC3,30.5,52692436.0
2017-11-13,BBDC4,32.9,267708686.0
2017-11-13,BBSE3,27.96,103505563.0
2017-11-13,BRAP4,23.85,29891267.0
2017-11-13,BRFS3,41.9,141420758.0
2017-11-13,BRKM5,48.4,68761498.0
2017-11-13,BRML3,12.29,56848216.0
2017-11-13,BVMF3,22.7,239841770.0
2017-11-13,CCRO3,16.51,107444337.0
2017-11-13,CIEL3,22.83,151826335.0
2017-11-13,CMIG4,6.77,48137988.0
2017-11-13,CPFE3,27.59,25015774.0
2017-11-13,CPLE6,23.72,17465205.0
2017-11-13,CSAN3,36.48,74385128.0
2017-11-13,CSNA3,7.87,53838124.0
2017-11-13,CYRE3,12.1,18232884.0
2017-11-13,ECOR3,11.46,34883588.0
2017-11-13,EGIE3,36.31,43905288.0
2017-11-13,ELET3,20.25,48812452.0
2017-11-13,ELET6,23.17,52651882.0
2017-11-13,EMBR3,15.55,23374747.0
2017-11-13,ENBR3,14.59,26881338.0
2017-11-13,EQTL3,62.07,71087354.0
2017-11-13,ESTC3,29.14,70039688.0
2017-11-13,FIBR3,50.45,97719482.0
2017-11-13,GGBR4,10.44,78676391.0
2017-11-13,GOAU4,4.83,58194812.0
2017-11-13,HYPE3,32.0,69050447.0
2017-11-13,ITSA4,10.47,127047305.0
2017-11-13,ITUB4,41.72,403696451.0
2017-11-13,KLBN11,18.81,33720300.0
2017-11-13,KROT3,17.75,137587840.0
2017-11-13,LAME4,15.43,78543115.0
2017-11-13,LREN3,33.5,136672868.0
2017-11-13,MRFG3,6.83,5322364.0
2017-11-13,MRVE3,12.94,41054516.0
2017-11-13,MULT3,68.67,55309219.0
2017-11-13,NATU3,29.32,26443197.0
2017-11-13,PCAR4,70.0,106643358.0
2017-11-13,PETR3,17.48,124119413.0
2017-11-13,PETR4,16.64,476561809.0
2017-11-13,QUAL3,32.88,40098508.0
2017-11-13,RADL3,80.03,102673471.0
2017-11-13,RAIL3,12.05,128058380.0
2017-11-13,RENT3,59.6,184593858.0
2017-11-13,SANB11,29.46,36763881.0
2017-11-13,SBSP3,29.72,37140065.0
2017-11-13,TAEE11,20.33,54038179.0
2017-11-13,TIMP3,11.67,63787334.0
2017-11-13,UGPA3,71.75,122541247.0
2017-11-13,USIM5,8.96,176148586.0
2017-11-13,VALE3,33.14,410779369.0
2017-11-13,VIVT4,48.84,80850777.0
2017-11-13,WEGE3,21.3,48552076.0
2017-11-14,ABEV3,20.2,302795233.0
2017-11-14,BBAS3,30.6,335534162.0
2017-11-14,BBDC3,30.01,68711615.0
2017-11-14,BBDC4,32.2,281621506.0
2017-11-14,BBSE3,27.5,68932608.0
2017-11-14,BRAP4,23.02,86424676.0
2017-11-14,BRFS3,41.9,254607673.0
2017-11-14,BRKM5,46.57,109968453.0
2017-11-14,BRML3,12.06,85960435.0
2017-11-14,BVMF3,22.33,204131163.0
2017-11-14,CCRO3,16.29,144131502.0
2017-11-14,CIEL3,22.79,261032155.0
2017-11-14,CMIG4,6.55,74880691.0
2017-11-14,CPFE3,27.58,28573905.0
2017-11-14,CPLE6,23.06,46923293.0
2017-11-14,CSAN3,35.11,51387045.0
2017-11-14,CSNA3,7.41,97023888.0
2017-11-14,CYRE3,11.89,16536339.0
2017-11-14,ECOR3,11.43,24582574.0
2017-11-14,EGIE3,35.92,28154723.0
2017-11-14,ELET3,19.48,61741684.0
2017-11-14,ELET6,22.2,31795561.0
2017-11-14,EMBR3,15.34,30749550.0
2017-11-14,ENBR3,14.2,71244435.0
2017-11-14,EQTL3,62.68,134587294.0
2017-11-14,ESTC3,28.47,84787051.0
2017-11-14,FIBR3,50.67,118369616.0
2017-11-14,GGBR4,9.95,119153114.0
2017-11-14,GOAU4,4.57,77241088.0
2017-11-14,HYPE3,32.44,101708463.0
2017-11-14,ITSA4,10.32,200666289.0
2017-11-14,ITUB4,40.92,542955264.0
2017-11-14,KLBN11,18.06,40176839.0
2017-11-14,KROT3,17.55,136603060.0
2017-11-14,LAME4,15.24,82606986.0
2017-11-14,LREN3,33.18,137008314.0
2017-11-14,MRFG3,6.71,11462971.0
2017-11-14,MRVE3,12.76,38820126.0
2017-11-14,MULT3,69.0,91306418.0
2017-11-14,NATU3,29.24,35878421.0
2017-11-14,PCAR4,69.12,48246119.0
2017-11-14,PETR3,16.05,293223630.0
2017-11-14,PETR4,15.35,1404322730.0
2017-11-14,QUAL3,31.95,65489755.0
2017-11-14,RADL3,79.3,131999585.0
2017-11-14,RAIL3,11.75,88271986.0
2017-11-14,RENT3,59.14,74077652.0
2017-11-14,SANB11,28.3,45757503.0
2017-11-14,SBSP3,29.46,41643117.0
2017-11-14,TAEE11,19.79,41813112.0
2017-11-14,TIMP3,11.48,30386127.0
2017-11-14,UGPA3,71.2,132887187.0
2017-11-14,USIM5,8.28,278581577.0
2017-11-14,VALE3,32.16,758972456.0
2017-11-14,VIVT4,48.52,102838584.0
2017-11-14,WEGE3,20.97,53975776.0
2017-11-16,ABEV3,20.42,323521414.0
2017-11-16,BBAS3,32.05,272536403.0
2017-11-16,BBDC3,30.67,58937333.0
2017-11-16,BBDC4,33.04,274232898.0
2017-11-16,BBSE3,27.8,114832661.0
2017-11-16,BRAP4,23.34,43403925.0
2017-11-16,BRFS3,41.96,88218034.0
2017-11-16,BRKM5,46.26,77291549.0
2017-11-16,BRML3,12.2,100433941.0
2017-11-16,BVMF3,23.51,307571533.0
2017-11-16,CCRO3,16.91,174259198.0
2017-11-16,CIEL3,23.19,103381916.0
2017-11-16,CMIG4,6.58,73219943.0
2017-11-16,CPFE3,27.6,33608879.0
2017-11-16,CPLE6,23.55,31121888.0
2017-11-16,CSAN3,35.48,34182287.0
2017-11-16,CSNA3,7.35,65994719.0
2017-11-16,CYRE3,12.41,43907820.0
2017-11-16,ECOR3,11.72,23076369.0
2017-11-16,EGIE3,36.9,29750126.0
2017-11-16,ELET3,20.02,57136199.0
2017-11-16,ELET6,22.65,23646137.0
2017-11-16,EMBR3,15.35,36410002.0
2017-11-16,ENBR3,14.35,56157577.0
2017-11-16,EQTL3,63.99,58365850.0
2017-11-16,ESTC3,29.62,70407245.0
2017-11-16,FIBR3,51.93,96820833.0
2017-11-16,GGBR4,10.25,86963798.0
2017-11-16,GOAU4,4.7,75576076.0
2017-11-16,HYPE3,33.39,78535541.0
2017-11-16,ITSA4,10.48,111966051.0
2017-11-16,ITUB4,41.95,366727806.0
2017-11-16,KLBN11,18.65,54419953.0
2017-11-16,KROT3,18.45,195042522.0
2017-11-16,LAME4,15.35,97860564.0
2017-11-16,LREN3,34.46,198612919.0
2017-11-16,MRFG3,6.85,8874414.0
2017-11-16,MRVE3,13.48,94885433.0
2017-11-16,MULT3,71.07,71091628.0
2017-11-16,NATU3,32.19,209178713.0
2017-11-16,PCAR4,71.5,49021672.0
2017-11-16,PETR3,16.35,149353616.0
2017-11-16,PETR4,15.81,674480853.0
2017-11-16,QUAL3,32.08,215420360.0
2017-11-16,RADL3,80.75,76865382.0
2017-11-16,RAIL3,12.05,75646390.0
2017-11-16,RENT3,61.12,84578767.0
2017-11-16,SANB11,29.85,65079244.0
2017-11-16,SBSP3,31.0,72927803.0
2017-11-16,TAEE11,20.4,40972511.0
2017-11-16,TIMP3,11.73,22527326.0
2017-11-16,UGPA3,72.25,79627370.0
2017-11-16,USIM5,8.6,150937390.0
2017-11-16,VALE3,32.6,529243373.0
2017-11-16,VIVT4,48.9,97005598.0
2017-11-16,WEGE3,21.75,48868063.0
2017-11-17,ABEV3,20.54,189850497.0
2017-11-17,BBAS3,32.59,318977713.0
2017-11-17,BBDC3,31.43,38499797.0
2017-11-17,BBDC4,33.62,232699869.0
2017-11-17,BBSE3,27.45,172348059.0
2017-11-17,BRAP4,24.21,84768208.0
2017-11-17,BRFS3,42.36,76749067.0
2017-11-17,BRKM5,47.21,67242541.0
2017-11-17,BRML3,12.32,45084444.0
2017-11-17,BVMF3,23.68,166211726.0
2017-11-17,CCRO3,17.07,66207170.0
2017-11-17,CIEL3,23.4,109848213.0
2017-11-17,CMIG4,6.65,56755798.0
2017-11-17,CPFE3,27.61,29101471.0
2017-11-17,CPLE6,23.47,19821805.0
2017-11-17,CSAN3,36.11,25081304.0
2017-11-17,CSNA3,7.72,94736232.0
2017-11-17,CYRE3,12.54,17155474.0
2017-11-17,ECOR3,12.05,38061920.0
2017-11-17,EGIE3,36.59,27560844.0
2017-11-17,ELET3,20.18,53046394.0
2017-11-17,ELET6,22.76,27649199.0
2017-11-17,EMBR3,15.34,25950742.0
2017-11-17,ENBR3,14.4,25667017.0
2017-11-17,EQTL3,64.44,44214623.0
2017-11-17,ESTC3,31.13,155315123.0
2017-11-17,FIBR3,52.45,100441321.0
2017-11-17,GGBR4,10.54,95771268.0
2017-11-17,GOAU4,4.81,76407449.0
2017-11-17,HYPE3,33.95,81625464.0
2017-11-17,ITSA4,10.6,169840245.0
2017-11-17,ITUB4,42.53,316639089.0
2017-11-17,KLBN11,18.7,34145618.0
2017-11-17,KROT3,19.01,106154663.0
2017-11-17,LAME4,15.43,64137045.0
2017-11-17,LREN3,35.14,99402187.0
2017-11-17,MRFG3,6.85,7375130.0
2017-11-17,MRVE3,13.38,39932778.0
2017-11-17,MULT3,71.99,51136942.0
2017-11-17,NATU3,32.9,73630078.0
2017-11-17,PCAR4,73.2,85580296.0
2017-11-17,PETR3,16.52,81074062.0
2017-11-17,PETR4,16.02,613846991.0
2017-11-17,QUAL3,32.35,57857414.0
2017-11-17,RADL3,84.4,140791696.0
2017-11-17,RAIL3,12.25,78432596.0
2017-11-17,RENT3,62.76,51916111.0
2017-11-17,SANB11,30.21,49893537.0
2017-11-17,SBSP3,31.0,32491634.0
2017-11-17,TAEE11,20.4,42958215.0
2017-11-17,TIMP3,11.96,34258987.0
2017-11-17,UGPA3,72.54,51455223.0
2017-11-17,USIM5,8.73,131826583.0
2017-11-17,VALE3,32.92,451495007.0
2017-11-17,VIVT4,49.2,71127351.0
2017-11-17,WEGE3,22.32,40605091.0
2017-11-21,ABEV3,20.81,275975093.0
2017-11-21,BBAS3,33.15,438593180.0
2017-11-21,BBDC3,31.97,52283521.0
2017-11-21,BBDC4,34.39,362273483.0
2017-11-21,BBSE3,27.7,109601695.0
2017-11-21,BRAP4,25.04,31635584.0
2017-11-21,BRFS3,42.3,91115500.0
2017-11-21,BRKM5,47.71,106173018.0
2017-11-21,BRML3,12.58,50002461.0
2017-11-21,BVMF3,24.28,338872881.0
2017-11-21,CCRO3,17.07,150535161.0
2017-11-21,CIEL3,23.8,226277402.0
2017-11-21,CMIG4,6.84,112877026.0
2017-11-21,CPFE3,27.6,52439256.0
2017-11-21,CPLE6,23.44,30237652.0
2017-11-21,CSAN3,36.5,47286040.0
2017-11-21,CSNA3,7.64,105436664.0
2017-11-21,CYRE3,12.74,19571988.0
2017-11-21,ECOR3,12.46,35702325.0
2017-11-21,EGIE3,37.1,29002762.0
2017-11-21,ELET3,20.45,51045830.0
2017-11-21,ELET6,22.97,23961656.0
2017-11-21,EMBR3,15.66,49674963.0
2017-11-21,ENBR3,14.5,25295798.0
2017-11-21,EQTL3,64.72,75256642.0
2017-11-21,ESTC3,31.3,188645542.0
2017-11-21,FIBR3,53.54,76949212.0
2017-11-21,GGBR4,10.53,93116962.0
2017-11-21,GOAU4,4.84,70893931.0
2017-11-21,HYPE3,34.17,58149538.0
2017-11-21,ITSA4,10.76,179050277.0
2017-11-21,ITUB4,43.38,367465785.0
2017-11-21,KLBN11,18.87,26673810.0
2017-11-21,KROT3,18.96,138524693.0
2017-11-21,LAME4,15.73,88476870.0
2017-11-21,LREN3,35.94,102420787.0
2017-11-21,MRFG3,7.09,13378411.0
2017-11-21,MRVE3,13.65,43965883.0
2017-11-21,MULT3,72.58,45575637.0
2017-11-21,NATU3,32.6,51587102.0
2017-11-21,PCAR4,74.45,98842793.0
2017-11-21,PETR3,16.36,134244682.0
2017-11-21,PETR4,15.9,739091826.0
2017-11-21,QUAL3,33.0,95325689.0
2017-11-21,RADL3,86.65,191059355.0
2017-11-21,RAIL3,12.98,143856360.0
2017-11-21,RENT3,63.0,52122398.0
2017-11-21,SANB11,30.44,50097347.0
2017-11-21,SBSP3,32.35,56247965.0
2017-11-21,TAEE11,20.57,31916045.0
2017-11-21,TIMP3,12.15,25191850.0
2017-11-21,UGPA3,73.9,104477386.0
2017-11-21,USIM5,9.35,256806445.0
2017-11-21,VALE3,34.05,801041123.0
2017-11-21,VIVT4,49.55,75728475.0
2017-11-21,WEGE3,23.17,64659447.0
2017-11-22,ABEV3,20.83,352150585.0
2017-11-22,BBAS3,32.74,334030068.0
2017-11-22,BBDC3,31.6,45464180.0
2017-11-22,BBDC4,34.0,394247208.0
2017-11-22,BBSE3,27.59,87680974.0
2017-11-22,BRAP4,25.48,76027011.0
2017-11-22,BRFS3,41.19,139055812.0
2017-11-22,BRKM5,47.5,87545761.0
2017-11-22,BRML3,12.39,52429088.0
2017-11-22,BVMF3,24.49,314033726.0
2017-11-22,CCRO3,17.05,153734617.0
2017-11-22,CIEL3,23.57,103947423.0
2017-11-22,CMIG4,6.8,81933629.0
2017-11-22,CPFE3,27.62,98057451.0
2017-11-22,CPLE6,24.35,31310017.0
2017-11-22,CSAN3,36.73,50286039.0
2017-11-22,CSNA3,7.93,100506628.0
2017-11-22,CYRE3,12.5,29249288.0
2017-11-22,ECOR3,12.7,36694410.0
2017-11-22,EGIE3,37.21,24814384.0
2017-11-22,ELET3,20.7,40447990.0
2017-11-22,ELET6,23.74,43939733.0
2017-11-22,EMBR3,15.6,34683546.0
2017-11-22,ENBR3,14.48,25241460.0
2017-11-22,EQTL3,64.73,46038473.0
2017-11-22,ESTC3,31.0,82140618.0
2017-11-22,FIBR3,51.7,153939668.0
2017-11-22,GGBR4,10.69,100853037.0
2017-11-22,GOAU4,4.96,79324401.0
2017-11-22,HYPE3,33.92,74509545.0
2017-11-22,ITSA4,10.73,169387642.0
2017-11-22,ITUB4,42.96,467048578.0
2017-11-22,KLBN11,18.55,39723155.0
2017-11-22,KROT3,18.9,107282950.0
2017-11-22,LAME4,15.56,76199785.0
2017-11-22,LREN3,35.15,110151606.0
2017-11-22,MRFG3,7.06,10346070.0
2017-11-22,MRVE3,13.86,56938496.0
2017-11-22,MULT3,71.45,55575645.0
2017-11-22,NATU3,31.99,42776748.0
2017-11-22,PCAR4,74.42,48078686.0
2017-11-22,PETR3,16.5,131939104.0
2017-11-22,PETR4,16.11,602225860.0
2017-11-22,QUAL3,32.75,40871736.0
2017-11-22,RADL3,86.45,152321482.0
2017-11-22,RAIL3,13.35,181587998.0
2017-11-22,RENT3,62.57,47236570.0
2017-11-22,SANB11,30.54,49569392.0
2017-11-22,SBSP3,33.9,144323830.0
2017-11-22,TAEE11,20.65,36031019.0
2017-11-22,TIMP3,12.1,31853279.0
2017-11-22,UGPA3,72.99,121559181.0
2017-11-22,USIM5,9.36,203828948.0
2017-11-22,VALE3,34.74,768638434.0
2017-11-22,VIVT4,49.17,99263670.0
2017-11-22,WEGE3,23.5,58811353.0
2017-11-23,ABEV3,20.71,117003915.0
2017-11-23,BBAS3,32.78,139624478.0
2017-11-23,BBDC3,31.38,10775701.0
2017-11-23,BBDC4,33.75,91859565.0
2017-11-23,BBSE3,27.32,36261126.0
2017-11-23,BRAP4,25.7,17230899.0
2017-11-23,BRFS3,41.21,54055190.0
2017-11-23,BRKM5,47.32,24111786.0
2017-11-23,BRML3,12.42,28489788.0
2017-11-23,BVMF3,24.47,67874781.0
2017-11-23,CCRO3,16.8,43785404.0
2017-11-23,CIEL3,23.3,33492841.0
2017-11-23,CMIG4,7.1,101339384.0
2017-11-23,CPFE3,27.59,32350915.0
2017-11-23,CPLE6,25.2,27189728.0
2017-11-23,CSAN3,37.0,10246647.0
2017-11-23,CSNA3,8.05,59561231.0
2017-11-23,CYRE3,12.6,14662415.0
2017-11-23,ECOR3,12.39,17366695.0
2017-11-23,EGIE3,37.5,7534433.0
2017-11-23,ELET3,21.0,40645959.0
2017-11-23,ELET6,24.23,29353166.0
2017-11-23,EMBR3,15.6,10712102.0
2017-11-23,ENBR3,14.58,13124101.0
2017-11-23,EQTL3,65.3,31679354.0
2017-11-23,ESTC3,31.59,39550111.0
2017-11-23,FIBR3,51.29,38689122.0
2017-11-23,GGBR4,10.85,51873236.0
2017-11-23,GOAU4,5.03,40522652.0
2017-11-23,HYPE3,33.37,43477060.0
2017-11-23,ITSA4,10.72,64465242.0
2017-11-23,ITUB4,42.83,120918538.0
2017-11-23,KLBN11,18.22,22223266.0
2017-11-23,KROT3,18.88,34359055.0
2017-11-23,LAME4,15.35,55078503.0
2017-11-23,LREN3,34.8,52539848.0
2017-11-23,MRFG3,6.96,4300678.0
2017-11-23,MRVE3,13.75,24591961.0
2017-11-23,MULT3,72.15,18715973.0
2017-11-23,NATU3,31.87,13232788.0
2017-11-23,PCAR4,73.9,17216393.0
2017-11-23,PETR3,16.64,30136093.0
2017-11-23,PETR4,16.19,247909767.0
2017-11-23,QUAL3,33.06,39088949.0
2017-11-23,RADL3,87.0,54969116.0
2017-11-23,RAIL3,13.1,50402357.0
2017-11-23,RENT3,20.84,46669939.0
2017-11-23,SANB11,30.23,13566564.0
2017-11-23,SBSP3,33.25,23125353.0
2017-11-23,TAEE11,20.7,45535312.0
2017-11-23,TIMP3,12.4,12120080.0
2017-11-23,UGPA3,73.47,27273612.0
2017-11-23,USIM5,9.24,145978780.0
2017-11-23,VALE3,35.2,419065223.0
2017-11-23,VIVT4,48.89,25842171.0
2017-11-23,WEGE3,23.3,12704075.0
2017-11-24,ABEV3,20.62,98118316.0
2017-11-24,BBAS3,32.6,177087211.0
2017-11-24,BBDC3,31.0,22345683.0
2017-11-24,BBDC4,33.45,141635207.0
2017-11-24,BBSE3,27.15,42739974.0
2017-11-24,BRAP4,25.91,40830931.0
2017-11-24,BRFS3,40.37,57602115.0
2017-11-24,BRKM5,48.2,59832548.0
2017-11-24,BRML3,12.61,299994795.0
2017-11-24,BVMF3,24.3,81639373.0
2017-11-24,CCRO3,16.65,47358671.0
2017-11-24,CIEL3,23.06,48399802.0
2017-11-24,CMIG4,6.9,63526673.0
2017-11-24,CPFE3,27.58,47014884.0
2017-11-24,CPLE6,24.83,30128140.0
2017-11-24,CSAN3,36.51,20873931.0
2017-11-24,CSNA3,7.93,64071489.0
2017-11-24,CYRE3,12.91,29196717.0
2017-11-24,ECOR3,12.22,18148555.0
2017-11-24,EGIE3,37.12,10750939.0
2017-11-24,ELET3,20.72,30660119.0
2017-11-24,ELET6,23.9,41042460.0
2017-11-24,EMBR3,15.33,15781504.0
2017-11-24,ENBR3,14.5,21609414.0
2017-11-24,EQTL3,65.4,38717611.0
2017-11-24,ESTC3,31.6,33428107.0
2017-11-24,FIBR3,50.57,49321012.0
2017-11-24,GGBR4,10.77,82510526.0
2017-11-24,GOAU4,4.97,40411137.0
2017-11-24,HYPE3,33.5,22227812.0
2017-11-24,ITSA4,10.62,83171390.0
2017-11-24,ITUB4,42.43,175340643.0
2017-11-24,KLBN11,18.22,33456172.0
2017-11-24,KROT3,18.77,46710618.0
2017-11-24,LAME4,15.3,46488768.0
2017-11-24,LREN3,34.6,41362203.0
2017-11-24,MRFG3,7.05,3608143.0
2017-11-24,MRVE3,13.88,37882959.0
2017-11-24,MULT3,72.02,28156089.0
2017-11-24,NATU3,31.0,33595088.0
2017-11-24,PCAR4,73.64,22174581.0
2017-11-24,PETR3,16.55,57721693.0
2017-11-24,PETR4,16.1,304363408.0
2017-11-24,QUAL3,33.0,101696186.0
2017-11-24,RADL3,88.51,127568007.0
2017-11-24,RAIL3,12.89,51118906.0
2017-11-24,RENT3,20.87,55944313.0
2017-11-24,SANB11,30.48,25728167.0
2017-11-24,SBSP3,33.3,63472968.0
2017-11-24,TAEE11,21.15,847837193.0
2017-11-24,TIMP3,12.27,27261310.0
2017-11-24,UGPA3,72.44,35561617.0
2017-11-24,USIM5,9.18,95878593.0
2017-11-24,VALE3,35.79,1097478069.0
2017-11-24,VIVT4,48.45,42839462.0
2017-11-24,WEGE3,23.0,18555094.0
2017-11-27,ABEV3,20.74,179282690.0
2017-11-27,BBAS3,32.16,183427380.0
2017-11-27,BBDC3,31.2,34226013.0
2017-11-27,BBDC4,33.4,234790326.0
2017-11-27,BBSE3,26.98,450328076.0
2017-11-27,BRAP4,25.6,51874031.0
2017-11-27,BRFS3,39.8,173988833.0
2017-11-27,BRKM5,46.5,86283008.0
2017-11-27,BRML3,12.75,92382468.0
2017-11-27,BVMF3,24.27,121577921.0
2017-11-27,CCRO3,16.5,80764529.0
2017-11-27,CIEL3,23.1,103497126.0
2017-11-27,CMIG4,7.06,147446696.0
2017-11-27,CPFE3,27.0,23780120.0
2017-11-27,CPLE6,23.85,40231787.0
2017-11-27,CSAN3,36.66,31985199.0
2017-11-27,CSNA3,8.0,73324079.0
2017-11-27,CYRE3,12.78,11945445.0
2017-11-27,ECOR3,12.65,46071371.0
2017-11-27,EGIE3,36.99,18044640.0
2017-11-27,ELET3,20.6,47975100.0
2017-11-27,ELET6,23.55,49447757.0
2017-11-27,EMBR3,15.5,27884378.0
2017-11-27,ENBR3,14.38,24681962.0
2017-11-27,EQTL3,65.38,44671101.0
2017-11-27,ESTC3,31.7,79506253.0
2017-11-27,FIBR3,49.75,63920090.0
2017-11-27,GGBR4,11.06,95770691.0
2017-11-27,GOAU4,5.12,66246887.0
2017-11-27,HYPE3,33.5,34392808.0
2017-11-27,ITSA4,10.79,85962204.0
2017-11-27,ITUB4,42.69,262847070.0
2017-11-27,KLBN11,18.67,31766856.0
2017-11-27,KROT3,18.82,144429924.0
2017-11-27,LAME4,15.5,86306926.0
2017-11-27,LREN3,34.33,81548415.0
2017-11-27,MRFG3,6.89,4977399.0
2017-11-27,MRVE3,13.84,45068510.0
2017-11-27,MULT3,71.93,38944755.0
2017-11-27,NATU3,30.69,23467848.0
2017-11-27,PCAR4,74.47,27368720.0
2017-11-27,PETR3,16.32,75304366.0
2017-11-27,PETR4,15.87,451529465.0
2017-11-27,QUAL3,32.86,50087694.0
2017-11-27,RADL3,89.85,134466301.0
2017-11-27,RAIL3,12.95,133304683.0
2017-11-27,RENT3,20.8,32601253.0
2017-11-27,SANB11,30.32,44379780.0
2017-11-27,SBSP3,33.75,79001617.0
2017-11-27,TAEE11,21.58,59520573.0
2017-11-27,TIMP3,12.31,14476619.0
2017-11-27,UGPA3,72.0,59597314.0
2017-11-27,USIM5,9.4,158188133.0
2017-11-27,VALE3,35.41,534439699.0
2017-11-27,VIVT4,49.05,75041739.0
2017-11-27,WEGE3,22.9,37057913.0
2017-11-28,ABEV3,20.78,332774190.0
2017-11-28,BBAS3,32.64,240216854.0
2017-11-28,BBDC3,31.05,39282851.0
2017-11-28,BBDC4,33.5,277292174.0
2017-11-28,BBSE3,27.0,104986294.0
2017-11-28,BRAP4,26.0,52414424.0
2017-11-28,BRFS3,40.04,103227545.0
2017-11-28,BRKM5,45.62,76918982.0
2017-11-28,BRML3,12.61,65263457.0
2017-11-28,BVMF3,24.26,132002570.0
2017-11-28,CCRO3,16.38,115832863.0
2017-11-28,CIEL3,22.9,112124662.0
2017-11-28,CMIG4,7.25,108848172.0
2017-11-28,CPFE3,27.15,20614991.0
2017-11-28,CPLE6,24.18,19726131.0
2017-11-28,CSAN3,36.68,30647782.0
2017-11-28,CSNA3,7.78,85095988.0
2017-11-28,CYRE3,12.6,15675520.0
2017-11-28,ECOR3,12.6,33970037.0
2017-11-28,EGIE3,36.68,23400389.0
2017-11-28,ELET3,20.25,42672129.0
2017-11-28,ELET6,23.1,80336798.0
2017-11-28,EMBR3,15.35,40873650.0
2017-11-28,ENBR3,14.32,47790414.0
2017-11-28,EQTL3,64.45,57818531.0
2017-11-28,ESTC3,32.03,74368101.0
2017-11-28,FIBR3,48.84,83813919.0
2017-11-28,GGBR4,10.98,112478308.0
2017-11-28,GOAU4,5.06,62547227.0
2017-11-28,HYPE3,33.74,64478184.0
2017-11-28,ITSA4,10.75,110807557.0
2017-11-28,ITUB4,42.76,304504251.0
2017-11-28,KLBN11,18.6,28451317.0
2017-11-28,KROT3,18.59,90575921.0
2017-11-28,LAME4,15.61,289458381.0
2017-11-28,LREN3,34.97,120841260.0
2017-11-28,MRFG3,7.0,24932119.0
2017-11-28,MRVE3,13.83,28889572.0
2017-11-28,MULT3,70.98,110807865.0
2017-11-28,NATU3,30.69,28513691.0
2017-11-28,PCAR4,73.4,80560744.0
2017-11-28,PETR3,16.28,107519671.0
2017-11-28,PETR4,15.84,484192071.0
2017-11-28,QUAL3,32.05,78982318.0
2017-11-28,RADL3,89.76,184498122.0
2017-11-28,RAIL3,13.09,70023547.0
2017-11-28,RENT3,21.01,35236281.0
2017-11-28,SANB11,29.9,46308734.0
2017-11-28,SBSP3,33.75,81891510.0
2017-11-28,TAEE11,21.9,50625538.0
2017-11-28,TIMP3,12.44,33121494.0
2017-11-28,UGPA3,71.31,98645486.0
2017-11-28,USIM5,9.27,164282559.0
2017-11-28,VALE3,36.25,1031401247.0
2017-11-28,VIVT4,48.7,84368920.0
2017-11-28,WEGE3,22.79,30623001.0
2017-11-29,ABEV3,20.56,310729030.0
2017-11-29,BBAS3,31.16,409889081.0
2017-11-29,BBDC3,30.7,58147638.0
2017-11-29,BBDC4,32.86,295503373.0
2017-11-29,BBSE3,26.85,187409017.0
2017-11-29,BRAP4,25.5,32938875.0
2017-11-29,BRFS3,39.29,116357403.0
2017-11-29,BRKM5,45.65,76977391.0
2017-11-29,BRML3,12.23,112021765.0
2017-11-29,BVMF3,23.5,232796806.0
2017-11-29,CCRO3,16.0,228479392.0
2017-11-29,CIEL3,22.99,124373868.0
2017-11-29,CMIG4,7.02,127306455.0
2017-11-29,CPFE3,25.28,42867602.0
2017-11-29,CPLE6,24.2,27224594.0
2017-11-29,CSAN3,36.55,42314547.0
2017-11-29,CSNA3,7.52,86989836.0
2017-11-29,CYRE3,12.45,34069617.0
2017-11-29,ECOR3,12.12,62322216.0
2017-11-29,EGIE3,36.11,35901231.0
2017-11-29,ELET3,19.99,52772743.0
2017-11-29,ELET6,22.66,41653140.0
2017-11-29,EMBR3,15.55,32206495.0
2017-11-29,ENBR3,14.25,24534426.0
2017-11-29,EQTL3,64.6,74346422.0
2017-11-29,ESTC3,30.79,117379510.0
2017-11-29,FIBR3,47.8,208793128.0
2017-11-29,GGBR4,11.1,125177943.0
2017-11-29,GOAU4,5.13,71235623.0
2017-11-29,HYPE3,33.02,77107601.0
2017-11-29,ITSA4,10.49,136102943.0
2017-11-29,ITUB4,41.88,461222121.0
2017-11-29,KLBN11,18.19,35205681.0
2017-11-29,KROT3,18.2,126682699.0
2017-11-29,LAME4,15.4,109014184.0
2017-11-29,LREN3,34.2,98202337.0
2017-11-29,MRFG3,6.96,10811201.0
2017-11-29,MRVE3,13.71,65940331.0
2017-11-29,MULT3,70.02,64847421.0
2017-11-29,NATU3,29.85,40456024.0
2017-11-29,PCAR4,70.96,90305697.0
2017-11-29,PETR3,15.91,176814440.0
2017-11-29,PETR4,15.33,710639871.0
2017-11-29,QUAL3,30.8,75297931.0
2017-11-29,RADL3,88.59,147154787.0
2017-11-29,RAIL3,12.8,146163784.0
2017-11-29,RENT3,20.7,47884038.0
2017-11-29,SANB11,29.45,46827942.0
2017-11-29,SBSP3,33.15,58736228.0
2017-11-29,TAEE11,21.7,50044597.0
2017-11-29,TIMP3,12.14,38772382.0
2017-11-29,UGPA3,70.36,133814436.0
2017-11-29,USIM5,8.9,211725077.0
2017-11-29,VALE3,35.7,653991424.0
2017-11-29,VIVT4,47.96,83159682.0
2017-11-29,WEGE3,22.8,50532157.0
2017-11-30,ABEV3,20.56,505599229.0
2017-11-30,BBAS3,29.93,486049281.0
2017-11-30,BBDC3,30.38,92201460.0
2017-11-30,BBDC4,32.65,542054166.0
2017-11-30,BBSE3,26.88,139711823.0
2017-11-30,BRAP4,25.31,43625919.0
2017-11-30,BRFS3,38.48,145650313.0
2017-11-30,BRKM5,45.4,110599111.0
2017-11-30,BRML3,12.09,87199965.0
2017-11-30,BVMF3,23.24,342703710.0
2017-11-30,CCRO3,15.83,229363739.0
2017-11-30,CIEL3,22.9,165901116.0
2017-11-30,CMIG4,6.6,150695484.0
2017-11-30,CPFE3,20.99,289063616.0
2017-11-30,CPLE6,23.07,349289348.0
2017-11-30,CSAN3,35.83,65027813.0
2017-11-30,CSNA3,7.36,87666572.0
2017-11-30,CYRE3,12.18,31278088.0
2017-11-30,ECOR3,12.03,42361816.0
2017-11-30,EGIE3,35.43,53334061.0
2017-11-30,ELET3,18.73,103251426.0
2017-11-30,ELET6,21.36,68473336.0
2017-11-30,EMBR3,15.65,56442630.0
2017-11-30,ENBR3,13.8,49133837.0
2017-11-30,EQTL3,63.95,101301398.0
2017-11-30,ESTC3,30.65,135671704.0
2017-11-30,FIBR3,45.17,203961447.0
2017-11-30,GGBR4,11.08,240313157.0
2017-11-30,GOAU4,5.07,71435244.0
2017-11-30,HYPE3,32.85,136315442.0
2017-11-30,ITSA4,10.38,307524599.0
2017-11-30,ITUB4,41.27,746590375.0
2017-11-30,KLBN11,17.85,88355077.0
2017-11-30,KROT3,18.12,182600468.0
2017-11-30,LAME4,14.83,157458315.0
2017-11-30,LREN3,33.93,223617907.0
2017-11-30,MRFG3,6.85,13256721.0
2017-11-30,MRVE3,13.35,68794949.0
2017-11-30,MULT3,69.54,54967416.0
2017-11-30,NATU3,29.16,46392472.0
2017-11-30,PCAR4,70.0,87401920.0
2017-11-30,PETR3,15.95,328840060.0
2017-11-30,PETR4,15.38,806213586.0
2017-11-30,QUAL3,30.67,81399423.0
2017-11-30,RADL3,88.0,228694792.0
2017-11-30,RAIL3,13.02,159042455.0
2017-11-30,RENT3,20.03,102362083.0
2017-11-30,SANB11,28.9,104262348.0
2017-11-30,SBSP3,32.7,68141092.0
2017-11-30,TAEE11,21.28,98605714.0
2017-11-30,TIMP3,11.8,60058340.0
2017-11-30,UGPA3,70.2,208812928.0
2017-11-30,USIM5,8.56,180785395.0
2017-11-30,VALE3,35.14,897057674.0
2017-11-30,VIVT4,47.48,197977504.0
2017-11-30,WEGE3,22.88,86408063.0
2017-12-01,ABEV3,20.45,161951934.0
2017-12-01,BBAS3,30.78,340102728.0
2017-12-01,BBDC3,30.56,60723404.0
2017-12-01,BBDC4,32.57,262564142.0
2017-12-01,BBSE3,27.06,55773630.0
2017-12-01,BRAP4,25.6,33191419.0
2017-12-01,BRFS3,38.5,143494233.0
2017-12-01,BRKM5,45.23,61032782.0
2017-12-01,BRML3,12.45,65052712.0
2017-12-01,BVMF3,23.02,183313990.0
2017-12-01,CCRO3,16.45,121569441.0
2017-12-01,CIEL3,23.12,99154267.0
2017-12-01,CMIG4,6.84,85816924.0
2017-12-01,CPFE3,20.02,90740769.0
2017-12-01,CPLE6,23.35,26858771.0
2017-12-01,CSAN3,35.67,19918190.0
2017-12-01,CSNA3,7.43,70525627.0
2017-12-01,CYRE3,12.22,21160231.0
2017-12-01,ECOR3,12.61,35947902.0
2017-12-01,EGIE3,35.33,23629785.0
2017-12-01,ELET3,18.75,53257058.0
2017-12-01,ELET6,21.41,34645873.0
2017-12-01,EMBR3,15.5,20856031.0
2017-12-01,ENBR3,13.97,20849641.0
2017-12-01,EQTL3,64.11,44947956.0
2017-12-01,ESTC3,30.3,58498340.0
2017-12-01,FIBR3,44.7,105688497.0
2017-12-01,GGBR4,11.05,102033789.0
2017-12-01,GOAU4,5.07,145763090.0
2017-12-01,HYPE3,33.06,26366881.0
2017-12-01,ITSA4,10.46,142851388.0
2017-12-01,ITUB4,41.23,283330465.0
2017-12-01,KLBN11,17.85,28698037.0
2017-12-01,KROT3,17.83,127044753.0
2017-12-01,LAME4,15.11,69563429.0
2017-12-01,LREN3,34.04,72353147.0
2017-12-01,MRFG3,6.88,12605104.0
2017-12-01,MRVE3,13.25,24455268.0
2017-12-01,MULT3,69.33,46570059.0
2017-12-01,NATU3,29.43,41458670.0
2017-12-01,PCAR4,70.96,51344923.0
2017-12-01,PETR3,16.11,95100117.0
2017-12-01,PETR4,15.61,666129728.0
2017-12-01,QUAL3,30.59,41249211.0
2017-12-01,RADL3,87.68,90419364.0
2017-12-01,RAIL3,12.75,89632280.0
2017-12-01,RENT3,20.54,35533043.0
2017-12-01,SANB11,29.26,52786415.0
2017-12-01,SBSP3,32.44,57336351.0
2017-12-01,TAEE11,21.02,19183061.0
2017-12-01,TIMP3,11.81,18196510.0
2017-12-01,UGPA3,69.9,111202756.0
2017-12-01,USIM5,8.88,167084710.0
2017-12-01,VALE3,35.48,609757970.0
2017-12-01,VIVT4,48.45,95989054.0
2017-12-01,WEGE3,22.66,45538588.0
2018-01-04,ABEV3,21.62,198387189.0
2018-01-04,BBAS3,33.67,325419136.0
2018-01-04,BBDC3,32.99,39043445.0
2018-01-04,BBDC4,35.31,338234610.0
2018-01-04,BBSE3,28.78,67776023.0
2018-01-04,BRAP4,30.75,160300237.0
2018-01-04,BRFS3,37.4,84222285.0
2018-01-04,BRKM5,44.15,70626240.0
2018-01-04,BRML3,12.51,99762172.0
2018-01-04,BVMF3,23.45,132821091.0
2018-01-04,CCRO3,16.5,92045602.0
2018-01-04,CIEL3,24.45,64840922.0
2018-01-04,CMIG4,6.82,52964613.0
2018-01-04,CPFE3,19.05,9975148.0
2018-01-04,CPLE6,23.52,20424515.0
2018-01-04,CSAN3,42.45,61764517.0
2018-01-04,CSNA3,9.28,140421776.0
2018-01-04,CYRE3,13.49,31023113.0
2018-01-04,ECOR3,12.88,35577738.0
2018-01-04,EGIE3,35.02,40093163.0
2018-01-04,ELET3,18.43,46690444.0
2018-01-04,ELET6,21.8,21757997.0
2018-01-04,EMBR3,21.8,144425535.0
2018-01-04,ENBR3,13.58,31021091.0
2018-01-04,EQTL3,65.0,100887505.0
2018-01-04,ESTC3,33.76,70432405.0
2018-01-04,FIBR3,47.23,105112239.0
2018-01-04,FLRY3,28.41,52969646.0
2018-01-04,GGBR4,13.65,373718621.0
2018-01-04,GOAU4,6.25,159030426.0
2018-01-04,HYPE3,35.65,66400530.0
2018-01-04,IGTA3,40.34,28890212.0
2018-01-04,ITSA4,11.37,146950796.0
2018-01-04,ITUB4,45.1,696661801.0
2018-01-04,JBSS3,9.9,46135248.0
2018-01-04,KLBN11,18.0,27159773.0
2018-01-04,KROT3,18.75,230132332.0
2018-01-04,LAME4,16.21,131611015.0
2018-01-04,LREN3,36.0,85555800.0
2018-01-04,MGLU3,80.18,120012582.0
2018-01-04,MRFG3,7.22,13377308.0
2018-01-04,MRVE3,15.25,57452717.0
2018-01-04,MULT3,72.46,39418079.0
2018-01-04,NATU3,33.0,34117540.0
2018-01-04,PCAR4,78.38,40987707.0
2018-01-04,PETR3,17.7,121231140.0
2018-01-04,PETR4,16.73,624099864.0
2018-01-04,QUAL3,31.41,68358529.0
2018-01-04,RADL3,88.89,105970496.0
2018-01-04,RAIL3,12.62,72617880.0
2018-01-04,RENT3,23.4,45995289.0
2018-01-04,SANB11,32.85,45555606.0
2018-01-04,SAPR11,58.01,15987007.0
2018-01-04,SBSP3,33.32,25126084.0
2018-01-04,SMLS3,77.36,54979178.0
2018-01-04,SUZB3,18.7,60652357.0
2018-01-04,TAEE11,21.15,34012469.0
2018-01-04,TIMP3,13.15,36671484.0
2018-01-04,UGPA3,77.1,75410854.0
2018-01-04,USIM5,10.48,340284143.0
2018-01-04,VALE3,41.64,774747912.0
2018-01-04,VIVT4,49.4,80729562.0
2018-01-04,VVAR11,24.04,53789482.0
2018-01-04,WEGE3,24.4,31503595.0
2018-01-05,ABEV3,21.7,249393378.0
2018-01-05,BBAS3,33.67,177069431.0
2018-01-05,BBDC3,33.0,26982436.0
2018-01-05,BBDC4,35.51,232816762.0
2018-01-05,BBSE3,28.97,74665007.0
2018-01-05,BRAP4,31.49,74943198.0
2018-01-05,BRFS3,39.24,178654319.0
2018-01-05,BRKM5,45.22,75961294.0
2018-01-05,BRML3,12.55,40423526.0
2018-01-05,BVMF3,23.79,172790527.0
2018-01-05,CCRO3,16.57,71300094.0
2018-01-05,CIEL3,24.73,94613473.0
2018-01-05,CMIG4,6.83,35017848.0
2018-01-05,CPFE3,18.74,8135541.0
2018-01-05,CPLE6,23.9,13813272.0
2018-01-05,CSAN3,42.89,65646213.0
2018-01-05,CSNA3,9.49,157528308.0
2018-01-05,CYRE3,13.7,73202799.0
2018-01-05,ECOR3,12.7,18062495.0
2018-01-05,EGIE3,35.2,12538380.0
2018-01-05,ELET3,18.26,32480740.0
2018-01-05,ELET6,21.25,16372262.0
2018-01-05,EMBR3,20.65,189696234.0
2018-01-05,ENBR3,13.46,15213711.0
2018-01-05,EQTL3,65.64,62724136.0
2018-01-05,ESTC3,33.3,58469532.0
2018-01-05,FIBR3,47.5,79328188.0
2018-01-05,FLRY3,28.82,40760519.0
2018-01-05,GGBR4,13.48,232642001.0
2018-01-05,GOAU4,6.27,88595633.0
2018-01-05,HYPE3,35.98,37758609.0
2018-01-05,IGTA3,40.63,34357428.0
2018-01-05,ITSA4,11.39,111721235.0
2018-01-05,ITUB4,45.23,472439105.0
2018-01-05,JBSS3,9.98,40675200.0
2018-01-05,KLBN11,17.83,25765402.0
2018-01-05,KROT3,18.71,60994867.0
2018-01-05,LAME4,16.25,80153690.0
2018-01-05,LREN3,35.78,80235092.0
2018-01-05,MGLU3,78.6,75938174.0
2018-01-05,MRFG3,7.28,5545909.0
2018-01-05,MRVE3,15.47,43148513.0
2018-01-05,MULT3,72.99,39812482.0
2018-01-05,NATU3,33.0,37220622.0
2018-01-05,PCAR4,77.56,46125176.0
2018-01-05,PETR3,17.84,82678804.0
2018-01-05,PETR4,16.83,452007598.0
2018-01-05,QUAL3,31.65,60734501.0
2018-01-05,RADL3,90.45,86345025.0
2018-01-05,RAIL3,12.6,51040641.0
2018-01-05,RENT3,23.06,41226760.0
2018-01-05,SANB11,33.2,177500551.0
2018-01-05,SAPR11,58.45,21558801.0
2018-01-05,SBSP3,33.7,23138314.0
2018-01-05,SMLS3,77.0,36969907.0
2018-01-05,SUZB3,18.65,57275205.0
2018-01-05,TAEE11,21.25,13735381.0
2018-01-05,TIMP3,13.26,21592759.0
2018-01-05,UGPA3,77.26,115715836.0
2018-01-05,USIM5,10.03,292219624.0
2018-01-05,VALE3,42.29,638897201.0
2018-01-05,VIVT4,49.63,88332952.0
2018-01-05,VVAR11,23.66,39233750.0
2018-01-05,WEGE3,24.5,24029210.0
2018-01-08,ABEV3,21.66,152685878.0
2018-01-08,BBAS3,33.75,172545631.0
2018-01-08,BBDC3,33.0,48250178.0
2018-01-08,BBDC4,35.5,229144167.0
2018-01-08,BBSE3,29.14,76232734.0
2018-01-08,BRAP4,32.04,47431710.0
2018-01-08,BRFS3,39.7,162106977.0
2018-01-08,BRKM5,45.3,67002106.0
2018-01-08,BRML3,12.5,38010750.0
2018-01-08,BVMF3,23.9,165406621.0
2018-01-08,CCRO3,16.34,63800723.0
2018-01-08,CIEL3,25.0,102526112.0
2018-01-08,CMIG4,6.85,28747548.0
2018-01-08,CPFE3,19.04,19963633.0
2018-01-08,CPLE6,24.0,12289111.0
2018-01-08,CSAN3,42.52,37550311.0
2018-01-08,CSNA3,9.95,152752290.0
2018-01-08,CYRE3,13.77,35208100.0
2018-01-08,ECOR3,12.85,20751030.0
2018-01-08,EGIE3,35.4,22751980.0
2018-01-08,ELET3,18.38,24283078.0
2018-01-08,ELET6,21.3,12534636.0
2018-01-08,EMBR3,20.7,99527938.0
2018-01-08,ENBR3,13.68,13885536.0
2018-01-08,EQTL3,66.5,65227890.0
2018-01-08,ESTC3,33.42,123817275.0
2018-01-08,FIBR3,49.0,148955317.0
2018-01-08,FLRY3,28.07,43711641.0
2018-01-08,GGBR4,13.95,209159769.0
2018-01-08,GOAU4,6.35,73766129.0
2018-01-08,HYPE3,35.61,63740766.0
2018-01-08,IGTA3,40.8,36632454.0
2018-01-08,ITSA4,11.38,113547560.0
2018-01-08,ITUB4,45.08,381831069.0
2018-01-08,JBSS3,10.0,64132355.0
2018-01-08,KLBN11,18.15,36816386.0
2018-01-08,KROT3,17.88,129180763.0
2018-01-08,LAME4,16.54,79381043.0
2018-01-08,LREN3,35.6,106375982.0
2018-01-08,MGLU3,78.61,71166110.0
2018-01-08,MRFG3,7.15,9887093.0
2018-01-08,MRVE3,15.16,62438873.0
2018-01-08,MULT3,72.08,40539115.0
2018-01-08,NATU3,32.61,26905775.0
2018-01-08,PCAR4,75.19,92144804.0
2018-01-08,PETR3,18.12,85654635.0
2018-01-08,PETR4,17.03,480575914.0
2018-01-08,QUAL3,31.3,58792173.0
2018-01-08,RADL3,89.3,48299688.0
2018-01-08,RAIL3,12.76,41637060.0
2018-01-08,RENT3,22.95,29636706.0
2018-01-08,SANB11,32.48,61187901.0
2018-01-08,SAPR11,58.1,10440510.0
2018-01-08,SBSP3,34.39,22094395.0
2018-01-08,SMLS3,75.9,44000574.0
2018-01-08,SUZB3,19.1,80277719.0
2018-01-08,TAEE11,21.15,40897726.0
2018-01-08,TIMP3,13.08,28384216.0
2018-01-08,UGPA3,77.8,57650072.0
2018-01-08,USIM5,10.14,196620014.0
2018-01-08,VALE3,43.23,624702239.0
2018-01-08,VIVT4,50.01,63881996.0
2018-01-08,VVAR11,23.9,27727514.0
2018-01-08,WEGE3,24.7,31470038.0
2018-01-09,ABEV3,21.6,126212113.0
2018-01-09,BBAS3,33.43,195449066.0
2018-01-09,BBDC3,32.75,37847689.0
2018-01-09,BBDC4,35.17,196385702.0
2018-01-09,BBSE3,29.04,84764280.0
2018-01-09,BRAP4,31.68,68002509.0
2018-01-09,BRFS3,39.85,188580949.0
2018-01-09,BRKM5,45.4,71163362.0
2018-01-09,BRML3,12.26,41845872.0
2018-01-09,BVMF3,23.56,208178882.0
2018-01-09,CCRO3,16.35,145503957.0
2018-01-09,CIEL3,24.55,81265113.0
2018-01-09,CMIG4,6.71,57579315.0
2018-01-09,CPFE3,19.1,10022997.0
2018-01-09,CPLE6,23.83,11808474.0
2018-01-09,CSAN3,41.35,39605957.0
2018-01-09,CSNA3,10.22,152334838.0
2018-01-09,CYRE3,13.71,39098495.0
2018-01-09,ECOR3,12.65,22975913.0
2018-01-09,EGIE3,35.4,26337643.0
2018-01-09,ELET3,17.65,55150561.0
2018-01-09,ELET6,20.4,24351393.0
2018-01-09,EMBR3,20.23,104875681.0
2018-01-09,ENBR3,13.85,15816949.0
2018-01-09,EQTL3,66.5,78063872.0
2018-01-09,ESTC3,32.85,90204177.0
2018-01-09,FIBR3,49.77,119223176.0
2018-01-09,FLRY3,27.26,43140795.0
2018-01-09,GGBR4,14.03,499698989.0
2018-01-09,GOAU4,6.34,137825318.0
2018-01-09,HYPE3,35.8,73101366.0
2018-01-09,IGTA3,40.4,37129643.0
2018-01-09,ITSA4,11.2,254113725.0
2018-01-09,ITUB4,44.59,637615043.0
2018-01-09,JBSS3,9.66,90082708.0
2018-01-09,KLBN11,17.95,54223257.0
2018-01-09,KROT3,18.1,310265195.0
2018-01-09,LAME4,16.32,68026785.0
2018-01-09,LREN3,35.81,101472569.0
2018-01-09,MGLU3,76.72,75251563.0
2018-01-09,MRFG3,7.06,9050189.0
2018-01-09,MRVE3,15.25,49909016.0
2018-01-09,MULT3,72.29,39131509.0
2018-01-09,NATU3,32.3,32656584.0
2018-01-09,PCAR4,74.0,72715962.0
2018-01-09,PETR3,18.12,119204411.0
2018-01-09,PETR4,17.03,598574634.0
2018-01-09,QUAL3,30.46,172536864.0
2018-01-09,RADL3,88.05,65051056.0
2018-01-09,RAIL3,12.35,82764305.0
2018-01-09,RENT3,22.76,38244547.0
2018-01-09,SANB11,32.25,38040393.0
2018-01-09,SAPR11,56.7,21418023.0
2018-01-09,SBSP3,33.92,27376280.0
2018-01-09,SMLS3,75.51,45261906.0
2018-01-09,SUZB3,19.3,80196880.0
2018-01-09,TAEE11,20.76,43565185.0
2018-01-09,TIMP3,13.1,39793884.0
2018-01-09,UGPA3,77.5,83715009.0
2018-01-09,USIM5,10.25,199398844.0
2018-01-09,VALE3,43.07,692635956.0
2018-01-09,VIVT4,50.66,108953104.0
2018-01-09,VVAR11,23.52,47371914.0
2018-01-09,WEGE3,25.1,59588478.0
2018-01-10,ABEV3,21.6,117417421.0
2018-01-10,BBAS3,33.29,169259424.0
2018-01-10,BBDC3,32.54,15052970.0
2018-01-10,BBDC4,34.8,310545408.0
2018-01-10,BBSE3,28.92,64986842.0
2018-01-10,BRAP4,31.35,24421098.0
2018-01-10,BRFS3,39.09,120337017.0
2018-01-10,BRKM5,44.91,49863946.0
2018-01-10,BRML3,12.2,63992064.0
2018-01-10,BVMF3,23.35,119956136.0
2018-01-10,CCRO3,15.95,63906798.0
2018-01-10,CIEL3,24.2,82369320.0
2018-01-10,CMIG4,6.81,90744848.0
2018-01-10,CPFE3,20.0,38327276.0
2018-01-10,CPLE6,23.91,20836607.0
2018-01-10,CSAN3,40.55,56900417.0
2018-01-10,CSNA3,10.25,137529664.0
2018-01-10,CYRE3,13.42,29304453.0
2018-01-10,ECOR3,12.15,65979458.0
2018-01-10,EGIE3,35.27,29349945.0
2018-01-10,ELET3,16.94,68022491.0
2018-01-10,ELET6,19.56,43176835.0
2018-01-10,EMBR3,20.29,68746913.0
2018-01-10,ENBR3,13.52,13657251.0
2018-01-10,EQTL3,65.99,74897012.0
2018-01-10,ESTC3,32.88,56051151.0
2018-01-10,FIBR3,49.89,74384316.0
2018-01-10,FLRY3,28.15,41583760.0
2018-01-10,GGBR4,13.84,257081561.0
2018-01-10,GOAU4,6.36,126082392.0
2018-01-10,HYPE3,35.66,30706775.0
2018-01-10,IGTA3,40.0,59967281.0
2018-01-10,ITSA4,11.2,123218314.0
2018-01-10,ITUB4,44.44,402886912.0
2018-01-10,JBSS3,9.68,173360047.0
2018-01-10,KLBN11,17.6,30352829.0
2018-01-10,KROT3,18.45,233833966.0
2018-01-10,LAME4,16.0,87251791.0
2018-01-10,LREN3,34.85,45296809.0
2018-01-10,MGLU3,77.5,84457259.0
2018-01-10,MRFG3,7.05,4908928.0
2018-01-10,MRVE3,15.28,32421628.0
2018-01-10,MULT3,71.91,33028858.0
2018-01-10,NATU3,32.54,22023283.0
2018-01-10,PCAR4,73.31,44006857.0
2018-01-10,PETR3,17.78,84624253.0
2018-01-10,PETR4,16.8,483077986.0
2018-01-10,QUAL3,30.52,48863911.0
2018-01-10,RADL3,85.36,94770504.0
2018-01-10,RAIL3,12.32,45629360.0
2018-01-10,RENT3,22.71,30652430.0
2018-01-10,SANB11,32.19,23788003.0
2018-01-10,SAPR11,56.43,47255249.0
2018-01-10,SBSP3,33.24,15410698.0
2018-01-10,SMLS3,76.5,69460870.0
2018-01-10,SUZB3,19.41,41359492.0
2018-01-10,TAEE11,20.48,30284433.0
2018-01-10,TIMP3,12.79,23407009.0
2018-01-10,UGPA3,76.9,179713311.0
2018-01-10,USIM5,10.25,112564443.0
2018-01-10,VALE3,42.47,517775599.0
2018-01-10,VIVT4,49.36,71199284.0
2018-01-10,VVAR11,23.21,16683606.0
2018-01-10,WEGE3,24.9,35330800.0
2018-01-11,ABEV3,21.85,188030909.0
2018-01-11,BBAS3,34.05,327374210.0
2018-01-11,BBDC3,33.0,59252152.0
2018-01-11,BBDC4,35.5,225557082.0
2018-01-11,BBSE3,29.09,56320009.0
2018-01-11,BRAP4,32.3,28404354.0
2018-01-11,BRFS3,39.36,91926323.0
2018-01-11,BRKM5,46.21,68911075.0
2018-01-11,BRML3,12.39,46229696.0
2018-01-11,BVMF3,23.73,166210594.0
2018-01-11,CCRO3,15.95,86060158.0
2018-01-11,CIEL3,24.18,74737360.0
2018-01-11,CMIG4,6.95,58350387.0
2018-01-11,CPFE3,20.65,35240818.0
2018-01-11,CPLE6,23.9,22129302.0
2018-01-11,CSAN3,40.96,52932678.0
2018-01-11,CSNA3,10.85,157682443.0
2018-01-11,CYRE3,13.95,64977419.0
2018-01-11,ECOR3,12.1,23357795.0
2018-01-11,EGIE3,34.92,36258383.0
2018-01-11,ELET3,17.2,34047299.0
2018-01-11,ELET6,20.05,32149790.0
2018-01-11,EMBR3,20.5,69578098.0
2018-01-11,ENBR3,13.65,9508156.0
2018-01-11,EQTL3,66.38,45429770.0
2018-01-11,ESTC3,33.89,106192201.0
2018-01-11,FIBR3,49.91,61154492.0
2018-01-11,FLRY3,27.58,42609315.0
2018-01-11,GGBR4,14.97,250807851.0
2018-01-11,GOAU4,6.68,162670186.0
2018-01-11,HYPE3,35.81,54835798.0
2018-01-11,IGTA3,40.3,59682801.0
2018-01-11,ITSA4,11.38,144744785.0
2018-01-11,ITUB4,45.37,466672320.0
2018-01-11,JBSS3,9.78,183910330.0
2018-01-11,KLBN11,17.5,49835710.0
2018-01-11,KROT3,17.78,446629435.0
2018-01-11,LAME4,15.71,98044108.0
2018-01-11,LREN3,35.0,63188755.0
2018-01-11,MGLU3,77.64,43195525.0
2018-01-11,MRFG3,7.06,7196091.0
2018-01-11,MRVE3,15.52,86012654.0
2018-01-11,MULT3,72.81,28646873.0
2018-01-11,NATU3,32.45,29448771.0
2018-01-11,PCAR4,74.62,111714963.0
2018-01-11,PETR3,18.22,182166889.0
2018-01-11,PETR4,17.25,648199393.0
2018-01-11,QUAL3,30.71,68328402.0
2018-01-11,RADL3,86.55,80303667.0
2018-01-11,RAIL3,12.58,183946713.0
2018-01-11,RENT3,23.2,35633378.0
2018-01-11,SANB11,32.67,25711528.0
2018-01-11,SAPR11,56.62,13286338.0
2018-01-11,SBSP3,33.68,24260226.0
2018-01-11,SMLS3,78.46,48559286.0
2018-01-11,SUZB3,19.34,63857284.0
2018-01-11,TAEE11,20.33,23420991.0
2018-01-11,TIMP3,12.84,45936930.0
2018-01-11,UGPA3,77.2,78237112.0
2018-01-11,USIM5,10.8,255653681.0
2018-01-11,VALE3,43.3,439432600.0
2018-01-11,VIVT4,49.5,62053344.0
2018-01-11,VVAR11,23.25,20471616.0
2018-01-11,WEGE3,25.38,39714614.0
2018-01-12,ABEV3,21.6,336582723.0
2018-01-12,BBAS3,34.13,259491824.0
2018-01-12,BBDC3,33.0,32012392.0
2018-01-12,BBDC4,35.5,176028226.0
2018-01-12,BBSE3,29.15,131982338.0
2018-01-12,BRAP4,32.52,38482473.0
2018-01-12,BRFS3,39.56,106250571.0
2018-01-12,BRKM5,46.63,53498240.0
2018-01-12,BRML3,12.21,89076118.0
2018-01-12,BVMF3,23.61,128891660.0
2018-01-12,CCRO3,16.06,47283494.0
2018-01-12,CIEL3,24.1,67915216.0
2018-01-12,CMIG4,6.88,53915951.0
2018-01-12,CPFE3,20.18,24205691.0
2018-01-12,CPLE6,23.35,20486874.0
2018-01-12,CSAN3,41.7,36545508.0
2018-01-12,CSNA3,10.51,240214660.0
2018-01-12,CYRE3,14.05,45408889.0
2018-01-12,ECOR3,12.39,23145561.0
2018-01-12,EGIE3,35.1,17489410.0
2018-01-12,ELET3,16.81,50410730.0
2018-01-12,ELET6,19.77,35578406.0
2018-01-12,EMBR3,20.25,55539562.0
2018-01-12,ENBR3,13.75,16288112.0
2018-01-12,EQTL3,66.91,56785495.0
2018-01-12,ESTC3,33.0,193320639.0
2018-01-12,FIBR3,50.38,122901756.0
2018-01-12,FLRY3,27.41,28114301.0
2018-01-12,GGBR4,14.97,358618223.0
2018-01-12,GOAU4,6.85,253830105.0
2018-01-12,HYPE3,36.5,67861105.0
2018-01-12,IGTA3,40.07,54235958.0
2018-01-12,ITSA4,11.41,223500864.0
2018-01-12,ITUB4,45.33,309610941.0
2018-01-12,JBSS3,9.82,43694601.0
2018-01-12,KLBN11,17.26,44358138.0
2018-01-12,KROT3,17.01,207217370.0
2018-01-12,LAME4,15.72,132954280.0
2018-01-12,LREN3,35.3,79049089.0
2018-01-12,MGLU3,77.56,66125608.0
2018-01-12,MRFG3,6.88,9505647.0
2018-01-12,MRVE3,15.49,20826169.0
2018-01-12,MULT3,72.48,42422097.0
2018-01-12,NATU3,33.03,29324008.0
2018-01-12,PCAR4,74.88,27455799.0
2018-01-12,PETR3,18.36,100729899.0
2018-01-12,PETR4,17.3,792052844.0
2018-01-12,QUAL3,30.62,147978990.0
2018-01-12,RADL3,86.5,68415967.0
2018-01-12,RAIL3,12.63,53160262.0
2018-01-12,RENT3,22.78,37426001.0
2018-01-12,SANB11,32.51,36241421.0
2018-01-12,SAPR11,55.95,33737636.0
2018-01-12,SBSP3,33.88,20383646.0
2018-01-12,SMLS3,78.7,50688013.0
2018-01-12,SUZB3,19.27,63673265.0
2018-01-12,TAEE11,20.33,20857669.0
2018-01-12,TIMP3,12.88,19736702.0
2018-01-12,UGPA3,77.37,102012292.0
2018-01-12,USIM5,11.02,375715734.0
2018-01-12,VALE3,43.55,652035283.0
2018-01-12,VIVT4,50.36,89606410.0
2018-01-12,VVAR11,23.39,59163741.0
2018-01-12,WEGE3,25.57,43652414.0
2018-01-15,ABEV3,21.82,105751597.0
2018-01-15,BBAS3,34.3,179991255.0
2018-01-15,BBDC3,33.08,38122291.0
2018-01-15,BBDC4,35.75,222966164.0
2018-01-15,BBSE3,29.11,24316211.0
2018-01-15,BRAP4,32.5,17702447.0
2018-01-15,BRFS3,39.53,58513180.0
2018-01-15,BRKM5,47.72,49612608.0
2018-01-15,BRML3,12.49,20326738.0
2018-01-15,BVMF3,23.68,139151611.0
2018-01-15,CCRO3,16.08,33503321.0
2018-01-15,CIEL3,23.75,37992264.0
2018-01-15,CMIG4,6.85,40092178.0
2018-01-15,CPFE3,21.0,21905613.0
2018-01-15,CPLE6,23.27,10694225.0
2018-01-15,CSAN3,41.68,14158890.0
2018-01-15,CSNA3,10.78,95129593.0
2018-01-15,CYRE3,14.39,37156742.0
2018-01-15,ECOR3,12.7,14077265.0
2018-01-15,EGIE3,35.29,11423661.0
2018-01-15,ELET3,17.03,28336740.0
2018-01-15,ELET6,20.11,7221771.0
2018-01-15,EMBR3,20.1,20919174.0
2018-01-15,ENBR3,13.65,14787386.0
2018-01-15,EQTL3,68.0,29985013.0
2018-01-15,ESTC3,32.71,47503961.0
2018-01-15,FIBR3,51.35,38772675.0
2018-01-15,FLRY3,27.86,29958881.0
2018-01-15,GGBR4,14.82,109576959.0
2018-01-15,GOAU4,6.82,156646799.0
2018-01-15,HYPE3,36.33,15803750.0
2018-01-15,IGTA3,41.09,59131433.0
2018-01-15,ITSA4,11.55,83456933.0
2018-01-15,ITUB4,45.61,331411604.0
2018-01-15,JBSS3,9.79,18302536.0
2018-01-15,KLBN11,17.25,17699070.0
2018-01-15,KROT3,16.94,171556380.0
2018-01-15,LAME4,15.75,62171925.0
2018-01-15,LREN3,36.2,50946775.0
2018-01-15,MGLU3,78.9,49311634.0
2018-01-15,MRFG3,6.84,6243135.0
2018-01-15,MRVE3,15.54,19613823.0
2018-01-15,MULT3,73.5,33665149.0
2018-01-15,NATU3,33.58,31821255.0
2018-01-15,PCAR4,76.5,38479465.0
2018-01-15,PETR3,18.46,42641372.0
2018-01-15,PETR4,17.35,501946569.0
2018-01-15,QUAL3,30.81,26749079.0
2018-01-15,RADL3,86.64,48273439.0
2018-01-15,RAIL3,12.71,52663358.0
2018-01-15,RENT3,23.5,25892445.0
2018-01-15,SANB11,32.45,11419053.0
2018-01-15,SAPR11,56.54,13594686.0
2018-01-15,SBSP3,33.9,8039887.0
2018-01-15,SMLS3,80.66,44006796.0
2018-01-15,SUZB3,19.47,27225017.0
2018-01-15,TAEE11,20.55,11933248.0
2018-01-15,TIMP3,13.19,49295277.0
2018-01-15,UGPA3,77.59,29121406.0
2018-01-15,USIM5,11.3,170535804.0
2018-01-15,VALE3,43.47,315487028.0
2018-01-15,VIVT4,49.84,38541091.0
2018-01-15,VVAR11,23.75,13720885.0
2018-01-15,WEGE3,25.74,9949681.0
2018-01-16,ABEV3,21.9,201521476.0
2018-01-16,BBAS3,34.6,214882762.0
2018-01-16,BBDC3,33.63,38221177.0
2018-01-16,BBDC4,35.99,269287374.0
2018-01-16,BBSE3,29.63,58577661.0
2018-01-16,BRAP4,31.7,73861535.0
2018-01-16,BRFS3,39.7,182324636.0
2018-01-16,BRKM5,49.27,152067125.0
2018-01-16,BRML3,12.31,44392182.0
2018-01-16,BVMF3,23.84,120775594.0
2018-01-16,CCRO3,15.97,48741096.0
2018-01-16,CIEL3,24.48,134682557.0
2018-01-16,CMIG4,6.87,50902369.0
2018-01-16,CPFE3,20.74,21750900.0
2018-01-16,CPLE6,23.43,17501094.0
2018-01-16,CSAN3,40.76,56098070.0
2018-01-16,CSNA3,10.48,117617603.0
2018-01-16,CYRE3,14.28,42310891.0
2018-01-16,ECOR3,12.44,18185522.0
2018-01-16,EGIE3,35.45,17648760.0
2018-01-16,ELET3,17.22,56347425.0
2018-01-16,ELET6,20.3,38238430.0
2018-01-16,EMBR3,19.93,71030139.0
2018-01-16,ENBR3,13.63,27321127.0
2018-01-16,EQTL3,67.24,50500807.0
2018-01-16,ESTC3,32.5,62128181.0
2018-01-16,FIBR3,50.88,61717056.0
2018-01-16,FLRY3,27.7,35164191.0
2018-01-16,GGBR4,14.46,195980459.0
2018-01-16,GOAU4,6.67,136112837.0
2018-01-16,HYPE3,36.36,46827556.0
2018-01-16,IGTA3,39.93,73158276.0
2018-01-16,ITSA4,11.7,169413134.0
2018-01-16,ITUB4,46.03,402925479.0
2018-01-16,JBSS3,9.7,26683866.0
2018-01-16,KLBN11,17.28,37517796.0
2018-01-16,KROT3,16.76,114262508.0
2018-01-16,LAME4,15.6,58130684.0
2018-01-16,LREN3,36.32,88344440.0
2018-01-16,MGLU3,78.7,61309632.0
2018-01-16,MRFG3,6.71,7073232.0
2018-01-16,MRVE3,15.5,35675951.0
2018-01-16,MULT3,71.3,143622993.0
2018-01-16,NATU3,33.01,25814734.0
2018-01-16,PCAR4,75.0,43119158.0
2018-01-16,PETR3,18.79,134991835.0
2018-01-16,PETR4,17.65,1035475161.0
2018-01-16,QUAL3,31.48,50485189.0
2018-01-16,RADL3,85.23,75703013.0
2018-01-16,RAIL3,12.8,49184139.0
2018-01-16,RENT3,23.95,43530353.0
2018-01-16,SANB11,32.39,28865485.0
2018-01-16,SAPR11,55.85,17205830.0
2018-01-16,SBSP3,34.07,24325281.0
2018-01-16,SMLS3,80.0,55274193.0
2018-01-16,SUZB3,19.44,44148800.0
2018-01-16,TAEE11,20.43,15858084.0
2018-01-16,TIMP3,12.73,39955892.0
2018-01-16,UGPA3,77.75,51009807.0
2018-01-16,USIM5,10.96,215993930.0
2018-01-16,VALE3,42.3,858879617.0
2018-01-16,VIVT4,50.42,71765822.0
2018-01-16,VVAR11,23.31,27214377.0
2018-01-16,WEGE3,26.05,47628023.0
2018-01-17,ABEV3,22.03,248328597.0
2018-01-17,BBAS3,35.42,424601641.0
2018-01-17,BBDC3,34.66,39337157.0
2018-01-17,BBDC4,36.89,270780349.0
2018-01-17,BBSE3,30.31,145104881.0
2018-01-17,BRAP4,32.33,35800857.0
2018-01-17,BRFS3,39.17,104784845.0
2018-01-17,BRKM5,48.86,77820128.0
2018-01-17,BRML3,12.28,49359110.0
2018-01-17,BVMF3,24.04,213159190.0
2018-01-17,CCRO3,16.04,33471394.0
2018-01-17,CIEL3,25.5,151143825.0
2018-01-17,CMIG4,6.76,80500390.0
2018-01-17,CPFE3,20.71,12758640.0
2018-01-17,CPLE6,22.91,34656438.0
2018-01-17,CSAN3,42.0,35252659.0
2018-01-17,CSNA3,10.9,162857080.0
2018-01-17,CYRE3,14.4,47487133.0
2018-01-17,ECOR3,12.48,15862424.0
2018-01-17,EGIE3,35.98,25667728.0
2018-01-17,ELET3,17.27,32870446.0
2018-01-17,ELET6,20.58,19145569.0
2018-01-17,EMBR3,19.9,70837813.0
2018-01-17,ENBR3,13.69,46373073.0
2018-01-17,EQTL3,67.98,53483296.0
2018-01-17,ESTC3,33.0,97258957.0
2018-01-17,FIBR3,50.31,83002414.0
2018-01-17,FLRY3,27.86,32348740.0
2018-01-17,GGBR4,15.0,228148129.0
2018-01-17,GOAU4,6.92,152605819.0
2018-01-17,HYPE3,36.37,31575584.0
2018-01-17,IGTA3,40.0,70267032.0
2018-01-17,ITSA4,11.88,161028994.0
2018-01-17,ITUB4,46.79,447340256.0
2018-01-17,JBSS3,9.76,106579149.0
2018-01-17,KLBN11,16.9,58001244.0
2018-01-17,KROT3,17.24,134332409.0
2018-01-17,LAME4,15.85,102625000.0
2018-01-17,LREN3,37.23,93018235.0
2018-01-17,MGLU3,78.78,38236462.0
2018-01-17,MRFG3,6.85,5578694.0
2018-01-17,MRVE3,15.75,34373658.0
2018-01-17,MULT3,71.3,88528388.0
2018-01-17,NATU3,33.81,32654946.0
2018-01-17,PCAR4,75.53,34935488.0
2018-01-17,PETR3,19.47,125377231.0
2018-01-17,PETR4,18.36,1057469228.0
2018-01-17,QUAL3,32.1,46141158.0
2018-01-17,RADL3,86.54,79406718.0
2018-01-17,RAIL3,12.94,66848653.0
2018-01-17,RENT3,24.59,45902323.0
2018-01-17,SANB11,32.74,30559059.0
2018-01-17,SAPR11,55.11,49388642.0
2018-01-17,SBSP3,35.89,87409198.0
2018-01-17,SMLS3,81.98,40712672.0
2018-01-17,SUZB3,19.65,52916069.0
2018-01-17,TAEE11,20.5,25701047.0
2018-01-17,TIMP3,12.83,56325159.0
2018-01-17,UGPA3,78.42,70130654.0
2018-01-17,USIM5,11.15,203882953.0
2018-01-17,VALE3,43.15,707945960.0
2018-01-17,VIVT4,50.9,89214106.0
2018-01-17,VVAR11,23.15,35965376.0
2018-01-17,WEGE3,25.9,30871503.0
2018-01-18,ABEV3,21.92,169058783.0
2018-01-18,BBAS3,35.18,331878355.0
2018-01-18,BBDC3,34.8,62802245.0
2018-01-18,BBDC4,36.85,326648199.0
2018-01-18,BBSE3,30.62,95979339.0
2018-01-18,BRAP4,32.1,35885942.0
2018-01-18,BRFS3,37.74,256929339.0
2018-01-18,BRKM5,48.5,49742126.0
2018-01-18,BRML3,12.38,81844324.0
2018-01-18,BVMF3,24.32,206039798.0
2018-01-18,CCRO3,15.9,76302924.0
2018-01-18,CIEL3,26.35,255276205.0
2018-01-18,CMIG4,6.64,81341794.0
2018-01-18,CPFE3,20.85,16582456.0
2018-01-18,CPLE6,22.55,21868008.0
2018-01-18,CSAN3,42.5,36925531.0
2018-01-18,CSNA3,10.54,117386014.0
2018-01-18,CYRE3,14.25,45010485.0
2018-01-18,ECOR3,12.17,47528587.0
2018-01-18,EGIE3,36.1,85213409.0
2018-01-18,ELET3,17.15,28578341.0
2018-01-18,ELET6,20.11,22549075.0
2018-01-18,EMBR3,19.57,44531580.0
2018-01-18,ENBR3,13.65,13851898.0
2018-01-18,EQTL3,66.42,55752344.0
2018-01-18,ESTC3,32.85,66785351.0
2018-01-18,FIBR3,52.87,236484350.0
2018-01-18,FLRY3,27.79,51256802.0
2018-01-18,GGBR4,14.54,149689327.0
2018-01-18,GOAU4,6.82,120339767.0
2018-01-18,HYPE3,36.02,58097455.0
2018-01-18,IGTA3,40.99,57222759.0
2018-01-18,ITSA4,11.94,236832505.0
2018-01-18,ITUB4,46.68,405156237.0
2018-01-18,JBSS3,9.64,206059265.0
2018-01-18,KLBN11,17.5,95861963.0
2018-01-18,KROT3,17.18,262321232.0
2018-01-18,LAME4,16.19,92954376.0
2018-01-18,LREN3,36.85,86856806.0
2018-01-18,MGLU3,77.49,82831572.0
2018-01-18,MRFG3,6.69,6904051.0
2018-01-18,MRVE3,15.5,61718565.0
2018-01-18,MULT3,73.44,97778716.0
2018-01-18,NATU3,33.15,49181571.0
2018-01-18,PCAR4,74.59,26232535.0
2018-01-18,PETR3,19.44,158021317.0
2018-01-18,PETR4,18.22,886368844.0
2018-01-18,QUAL3,32.45,98994065.0
2018-01-18,RADL3,85.8,67981817.0
2018-01-18,RAIL3,12.89,78091721.0
2018-01-18,RENT3,24.35,81342793.0
2018-01-18,SANB11,32.51,24912526.0
2018-01-18,SAPR11,55.26,16809466.0
2018-01-18,SBSP3,35.28,38657650.0
2018-01-18,SMLS3,81.09,61931389.0
2018-01-18,SUZB3,21.0,118358575.0
2018-01-18,TAEE11,20.35,22206775.0
2018-01-18,TIMP3,12.8,37845468.0
2018-01-18,UGPA3,78.9,93696829.0
2018-01-18,USIM5,10.93,164155338.0
2018-01-18,VALE3,42.86,463740293.0
2018-01-18,VIVT4,50.71,89176273.0
2018-01-18,VVAR11,22.52,52177451.0
2018-01-18,WEGE3,25.54,38448039.0
2018-01-19,ABEV3,22.0,235088619.0
2018-01-19,BBAS3,34.95,286782188.0
2018-01-19,BBDC3,35.0,31031253.0
2018-01-19,BBDC4,37.11,404644746.0
2018-01-19,BBSE3,30.69,88309042.0
2018-01-19,BRAP4,32.15,36296671.0
2018-01-19,BRFS3,37.49,126589278.0
2018-01-19,BRKM5,50.71,92267007.0
2018-01-19,BRML3,12.47,14342310.0
2018-01-19,BVMF3,24.88,342907033.0
2018-01-19,CCRO3,16.0,114549732.0
2018-01-19,CIEL3,26.65,168125164.0
2018-01-19,CMIG4,6.66,51203568.0
2018-01-19,CPFE3,20.6,13086219.0
2018-01-19,CPLE6,22.8,16121540.0
2018-01-19,CSAN3,42.37,27992096.0
2018-01-19,CSNA3,10.68,91896204.0
2018-01-19,CYRE3,14.25,19992737.0
2018-01-19,ECOR3,12.3,14729898.0
2018-01-19,EGIE3,36.75,32232990.0
2018-01-19,ELET3,17.5,34859391.0
2018-01-19,ELET6,20.7,22130671.0
2018-01-19,EMBR3,19.68,154731833.0
2018-01-19,ENBR3,13.58,10085172.0
2018-01-19,EQTL3,66.79,80050985.0
2018-01-19,ESTC3,32.72,47888591.0
2018-01-19,FIBR3,52.81,179235511.0
2018-01-19,FLRY3,27.77,43471980.0
2018-01-19,GGBR4,14.16,365749764.0
2018-01-19,GOAU4,6.57,235212346.0
2018-01-19,HYPE3,36.26,44890466.0
2018-01-19,IGTA3,40.81,21844092.0
2018-01-19,ITSA4,11.98,109865898.0
2018-01-19,ITUB4,47.06,346483777.0
2018-01-19,JBSS3,9.7,46647551.0
2018-01-19,KLBN11,17.47,53561813.0
2018-01-19,KROT3,17.0,79655340.0
2018-01-19,LAME4,16.5,106890256.0
2018-01-19,LREN3,36.58,76069550.0
2018-01-19,MGLU3,76.75,42753857.0
2018-01-19,MRFG3,6.7,6023416.0
2018-01-19,MRVE3,15.5,33747747.0
2018-01-19,MULT3,72.99,59909571.0
2018-01-19,NATU3,34.3,33808050.0
2018-01-19,PCAR4,75.65,29457492.0
2018-01-19,PETR3,19.31,79895608.0
2018-01-19,PETR4,18.26,608457563.0
2018-01-19,QUAL3,32.76,123003746.0
2018-01-19,RADL3,85.3,88035815.0
2018-01-19,RAIL3,12.9,71532655.0
2018-01-19,RENT3,23.99,45899872.0
2018-01-19,SANB11,32.67,28739690.0
2018-01-19,SAPR11,55.0,31402909.0
2018-01-19,SBSP3,35.41,32016485.0
2018-01-19,SMLS3,79.0,38084366.0
2018-01-19,SUZB3,21.2,103700318.0
2018-01-19,TAEE11,20.33,77502701.0
2018-01-19,TIMP3,12.78,40701521.0
2018-01-19,UGPA3,78.71,81498250.0
2018-01-19,USIM5,11.43,248628616.0
2018-01-19,VALE3,42.88,480193446.0
2018-01-19,VIVT4,49.35,128468264.0
2018-01-19,VVAR11,23.48,76678472.0
2018-01-19,WEGE3,25.89,27308409.0
2018-01-22,ABEV3,21.9,216879998.0
2018-01-22,BBAS3,35.07,221007401.0
2018-01-22,BBDC3,35.7,34921301.0
2018-01-22,BBDC4,37.62,329338668.0
2018-01-22,BBSE3,30.55,70005147.0
2018-01-22,BRAP4,31.93,55176972.0
2018-01-22,BRFS3,36.86,180352299.0
2018-01-22,BRKM5,52.03,131464468.0
2018-01-22,BRML3,12.41,33134952.0
2018-01-22,BVMF3,24.75,213714712.0
2018-01-22,CCRO3,15.73,76859448.0
2018-01-22,CIEL3,27.38,176989164.0
2018-01-22,CMIG4,6.56,60469312.0
2018-01-22,CPFE3,20.4,14849439.0
2018-01-22,CPLE6,22.7,13748214.0
2018-01-22,CSAN3,41.92,15117227.0
2018-01-22,CSNA3,10.75,66798533.0
2018-01-22,CYRE3,14.15,12022160.0
2018-01-22,ECOR3,12.1,17329274.0
2018-01-22,EGIE3,36.7,26729894.0
2018-01-22,ELET3,18.77,174094371.0
2018-01-22,ELET6,21.58,99848574.0
2018-01-22,EMBR3,19.59,42431068.0
2018-01-22,ENBR3,13.7,8686376.0
2018-01-22,EQTL3,66.54,26253756.0
2018-01-22,ESTC3,32.25,138617077.0
2018-01-22,FIBR3,54.3,121283084.0
2018-01-22,FLRY3,27.48,33910224.0
2018-01-22,GGBR4,13.98,163191645.0
2018-01-22,GOAU4,6.62,71415083.0
2018-01-22,HYPE3,36.16,29465479.0
2018-01-22,IGTA3,40.59,23032813.0
2018-01-22,ITSA4,12.28,221908036.0
2018-01-22,ITUB4,48.23,569701411.0
2018-01-22,JBSS3,9.75,37181482.0
2018-01-22,KLBN11,17.92,36604180.0
2018-01-22,KROT3,16.91,84097127.0
2018-01-22,LAME4,16.36,62244969.0
2018-01-22,LREN3,36.41,66636730.0
2018-01-22,MGLU3,77.0,50726889.0
2018-01-22,MRFG3,6.6,6948068.0
2018-01-22,MRVE3,15.25,20069800.0
2018-01-22,MULT3,72.84,36235604.0
2018-01-22,NATU3,34.88,34005826.0
2018-01-22,PCAR4,75.19,25413822.0
2018-01-22,PETR3,19.51,150561398.0
2018-01-22,PETR4,18.47,620941511.0
2018-01-22,QUAL3,33.26,59897590.0
2018-01-22,RADL3,85.34,60967901.0
2018-01-22,RAIL3,12.75,67090265.0
2018-01-22,RENT3,23.52,75872505.0
2018-01-22,SANB11,33.49,38833885.0
2018-01-22,SAPR11,54.8,22379743.0
2018-01-22,SBSP3,35.45,25718028.0
2018-01-22,SMLS3,78.3,39368380.0
2018-01-22,SUZB3,21.31,77646049.0
2018-01-22,TAEE11,20.44,13053681.0
2018-01-22,TIMP3,12.8,33147571.0
2018-01-22,UGPA3,79.18,46793926.0
2018-01-22,USIM5,11.25,203783920.0
2018-01-22,VALE3,42.65,493060038.0
2018-01-22,VIVT4,50.25,67056384.0
2018-01-22,VVAR11,24.22,62561634.0
2018-01-22,WEGE3,25.6,22510068.0
2018-01-23,ABEV3,21.9,256760747.0
2018-01-23,BBAS3,35.2,622321014.0
2018-01-23,BBDC3,35.9,84760147.0
2018-01-23,BBDC4,37.75,817241833.0
2018-01-23,BBSE3,30.69,102607832.0
2018-01-23,BRAP4,30.69,42999794.0
2018-01-23,BRFS3,35.71,188266407.0
2018-01-23,BRKM5,50.5,161458248.0
2018-01-23,BRML3,12.2,66267081.0
2018-01-23,BVMF3,24.51,275952782.0
2018-01-23,CCRO3,15.64,91421619.0
2018-01-23,CIEL3,27.25,247352198.0
2018-01-23,CMIG4,6.54,87564343.0
2018-01-23,CPFE3,20.2,12567153.0
2018-01-23,CPLE6,22.85,11548422.0
2018-01-23,CSAN3,42.65,36700013.0
2018-01-23,CSNA3,10.33,88944853.0
2018-01-23,CYRE3,13.98,23381242.0
2018-01-23,ECOR3,11.55,54106317.0
2018-01-23,EGIE3,36.0,21702902.0
2018-01-23,ELET3,18.13,41210400.0
2018-01-23,ELET6,20.65,24573359.0
2018-01-23,EMBR3,19.4,63690744.0
2018-01-23,ENBR3,13.3,17203034.0
2018-01-23,EQTL3,65.56,50359868.0
2018-01-23,ESTC3,31.49,142340675.0
2018-01-23,FIBR3,55.12,136965540.0
2018-01-23,FLRY3,26.75,79698799.0
2018-01-23,GGBR4,13.71,305320406.0
2018-01-23,GOAU4,6.39,103635375.0
2018-01-23,HYPE3,35.81,175796382.0
2018-01-23,IGTA3,40.0,46578239.0
2018-01-23,ITSA4,12.14,179371967.0
2018-01-23,ITUB4,48.06,939444468.0
2018-01-23,JBSS3,9.52,59304762.0
2018-01-23,KLBN11,17.77,66563592.0
2018-01-23,KROT3,16.4,211126323.0
2018-01-23,LAME4,15.9,76965737.0
2018-01-23,LREN3,35.7,114383457.0
2018-01-23,MGLU3,74.9,84738893.0
2018-01-23,MRFG3,6.42,8148736.0
2018-01-23,MRVE3,15.08,29422619.0
2018-01-23,MULT3,71.77,57940533.0
2018-01-23,NATU3,34.77,43677100.0
2018-01-23,PCAR4,73.6,55821150.0
2018-01-23,PETR3,19.39,163277093.0
2018-01-23,PETR4,18.29,725655241.0
2018-01-23,QUAL3,32.5,49239421.0
2018-01-23,RADL3,83.11,134515489.0
2018-01-23,RAIL3,12.4,85153306.0
2018-01-23,RENT3,22.94,50917554.0
2018-01-23,SANB11,33.57,36270685.0
2018-01-23,SAPR11,54.2,31073181.0
2018-01-23,SBSP3,35.18,28639671.0
2018-01-23,SMLS3,78.55,40810356.0
2018-01-23,SUZB3,21.09,59866766.0
2018-01-23,TAEE11,20.33,18121649.0
2018-01-23,TIMP3,12.65,44201820.0
2018-01-23,UGPA3,79.4,63593177.0
2018-01-23,USIM5,10.72,181564250.0
2018-01-23,VALE3,40.87,1005678548.0
2018-01-23,VIVT4,50.22,109497024.0
2018-01-23,VVAR11,24.19,57040703.0
2018-01-23,WEGE3,24.81,45384131.0
2018-01-24,ABEV3,21.89,462193585.0
2018-01-24,BBAS3,37.99,1026047547.0
2018-01-24,BBDC3,38.19,77031453.0
2018-01-24,BBDC4,39.8,813802692.0
2018-01-24,BBSE3,31.81,124597085.0
2018-01-24,BRAP4,31.3,65337741.0
2018-01-24,BRFS3,36.41,161562126.0
2018-01-24,BRKM5,50.86,109592880.0
2018-01-24,BRML3,12.53,95729597.0
2018-01-24,BVMF3,25.87,407310644.0
2018-01-24,CCRO3,15.95,107823052.0
2018-01-24,CIEL3,27.0,405725921.0
2018-01-24,CMIG4,6.75,131257227.0
2018-01-24,CPFE3,20.67,20643662.0
2018-01-24,CPLE6,23.39,26335065.0
2018-01-24,CSAN3,44.2,79265831.0
2018-01-24,CSNA3,10.86,127639253.0
2018-01-24,CYRE3,14.5,40984779.0
2018-01-24,ECOR3,11.79,41140869.0
2018-01-24,EGIE3,36.7,57552868.0
2018-01-24,ELET3,19.55,98183876.0
2018-01-24,ELET6,22.65,102300272.0
2018-01-24,EMBR3,19.8,80448117.0
2018-01-24,ENBR3,13.68,38463790.0
2018-01-24,EQTL3,67.79,67417232.0
2018-01-24,ESTC3,32.5,258421489.0
2018-01-24,FIBR3,53.23,148209487.0
2018-01-24,FLRY3,28.25,75522683.0
2018-01-24,GGBR4,14.14,193689646.0
2018-01-24,GOAU4,6.72,152927524.0
2018-01-24,HYPE3,36.48,61992194.0
2018-01-24,IGTA3,41.9,110990649.0
2018-01-24,ITSA4,12.91,321908076.0
2018-01-24,ITUB4,50.37,729199575.0
2018-01-24,JBSS3,9.89,139122329.0
2018-01-24,KLBN11,17.92,44566979.0
2018-01-24,KROT3,16.57,490176896.0
2018-01-24,LAME4,16.5,105002449.0
2018-01-24,LREN3,37.25,114245051.0
2018-01-24,MGLU3,80.99,175668398.0
2018-01-24,MRFG3,6.87,15190393.0
2018-01-24,MRVE3,15.27,52932385.0
2018-01-24,MULT3,72.6,128588036.0
2018-01-24,NATU3,37.1,71929798.0
2018-01-24,PCAR4,76.0,46089175.0
2018-01-24,PETR3,20.63,491557071.0
2018-01-24,PETR4,19.34,1707747172.0
2018-01-24,QUAL3,33.5,142824667.0
2018-01-24,RADL3,84.49,107834402.0
2018-01-24,RAIL3,13.23,214464573.0
2018-01-24,RENT3,24.17,98465617.0
2018-01-24,SANB11,35.15,108186662.0
2018-01-24,SAPR11,57.29,51396739.0
2018-01-24,SBSP3,35.89,78649602.0
2018-01-24,SMLS3,81.01,42326250.0
2018-01-24,SUZB3,20.89,74440401.0
2018-01-24,TAEE11,20.58,23398987.0
2018-01-24,TIMP3,12.95,99777125.0
2018-01-24,UGPA3,81.01,129005120.0
2018-01-24,USIM5,11.3,213514618.0
2018-01-24,VALE3,41.78,921090140.0
2018-01-24,VIVT4,52.3,175718100.0
2018-01-24,VVAR11,26.33,114159708.0
2018-01-24,WEGE3,24.9,75937684.0
2018-01-26,ABEV3,21.88,324597774.0
2018-01-26,BBAS3,39.17,944495887.0
2018-01-26,BBDC3,39.95,72032216.0
2018-01-26,BBDC4,41.2,791603600.0
2018-01-26,BBSE3,32.5,111339479.0
2018-01-26,BRAP4,31.11,38973377.0
2018-01-26,BRFS3,37.01,124972664.0
2018-01-26,BRKM5,50.33,100225983.0
2018-01-26,BRML3,12.87,120760116.0
2018-01-26,BVMF3,26.35,520314737.0
2018-01-26,CCRO3,16.0,145602920.0
2018-01-26,CIEL3,26.57,283800061.0
2018-01-26,CMIG4,7.43,218911756.0
2018-01-26,CPFE3,20.9,14167331.0
2018-01-26,CPLE6,24.1,25926252.0
2018-01-26,CSAN3,45.23,63121245.0
2018-01-26,CSNA3,10.88,87416875.0
2018-01-26,CYRE3,15.1,75938822.0
2018-01-26,ECOR3,11.97,26943354.0
2018-01-26,EGIE3,36.81,32088273.0
2018-01-26,ELET3,20.25,97068359.0
2018-01-26,ELET6,23.83,56095776.0
2018-01-26,EMBR3,19.79,69582022.0
2018-01-26,ENBR3,14.11,27517749.0
2018-01-26,EQTL3,68.19,64325072.0
2018-01-26,ESTC3,33.7,207202871.0
2018-01-26,FIBR3,52.6,198292258.0
2018-01-26,FLRY3,28.6,77030731.0
2018-01-26,GGBR4,14.94,166700848.0
2018-01-26,GOAU4,6.87,183920313.0
2018-01-26,HYPE3,36.0,67991200.0
2018-01-26,IGTA3,43.5,88712752.0
2018-01-26,ITSA4,13.45,458190806.0
2018-01-26,ITUB4,53.12,1656077510.0
2018-01-26,JBSS3,10.04,84497669.0
2018-01-26,KLBN11,17.82,53773102.0
2018-01-26,KROT3,16.39,416739493.0
2018-01-26,LAME4,17.1,283215582.0
2018-01-26,LREN3,38.21,148924528.0
2018-01-26,MGLU3,82.8,170523888.0
2018-01-26,MRFG3,6.76,7995436.0
2018-01-26,MRVE3,15.42,64790162.0
2018-01-26,MULT3,74.23,108292200.0
2018-01-26,NATU3,36.55,109949119.0
2018-01-26,PCAR4,78.99,72555587.0
2018-01-26,PETR3,21.71,361655039.0
2018-01-26,PETR4,19.93,1610693391.0
2018-01-26,QUAL3,33.9,68929100.0
2018-01-26,RADL3,85.71,165461744.0
2018-01-26,RAIL3,13.98,199243728.0
2018-01-26,RENT3,25.05,130969055.0
2018-01-26,SANB11,36.69,101682253.0
2018-01-26,SAPR11,58.49,72697902.0
2018-01-26,SBSP3,36.2,53566440.0
2018-01-26,SMLS3,82.2,76013731.0
2018-01-26,SUZB3,20.59,73504983.0
2018-01-26,TAEE11,20.46,39602799.0
2018-01-26,TIMP3,13.39,76442495.0
2018-01-26,UGPA3,80.67,115788710.0
2018-01-26,USIM5,11.41,146122365.0
2018-01-26,VALE3,41.43,793958021.0
2018-01-26,VIVT4,52.94,138919589.0
2018-01-26,VVAR11,27.85,111900935.0
2018-01-26,WEGE3,25.01,63195613.0
2018-01-29,ABEV3,21.84,181291744.0
2018-01-29,BBAS3,38.95,518908935.0
2018-01-29,BBDC3,38.8,49896685.0
2018-01-29,BBDC4,40.0,486711566.0
2018-01-29,BBSE3,31.2,120905808.0
2018-01-29,BRAP4,31.36,56183779.0
2018-01-29,BRFS3,37.1,86118657.0
2018-01-29,BRKM5,50.58,52423023.0
2018-01-29,BRML3,12.9,77551566.0
2018-01-29,BVMF3,26.39,231422529.0
2018-01-29,CCRO3,15.69,52914786.0
2018-01-29,CIEL3,25.99,402120350.0
2018-01-29,CMIG4,7.51,236137739.0
2018-01-29,CPFE3,21.24,12570522.0
2018-01-29,CPLE6,24.5,17032647.0
2018-01-29,CSAN3,45.65,39471693.0
2018-01-29,CSNA3,10.72,134032919.0
2018-01-29,CYRE3,15.0,19462278.0
2018-01-29,ECOR3,11.73,33996845.0
2018-01-29,EGIE3,36.63,30578646.0
2018-01-29,ELET3,20.22,35020921.0
2018-01-29,ELET6,23.65,21502736.0
2018-01-29,EMBR3,20.05,69297271.0
2018-01-29,ENBR3,14.05,15700818.0
2018-01-29,EQTL3,68.5,32330210.0
2018-01-29,ESTC3,33.42,103393230.0
2018-01-29,FIBR3,55.35,423630268.0
2018-01-29,FLRY3,28.61,46695947.0
2018-01-29,GGBR4,14.62,136984752.0
2018-01-29,GOAU4,6.73,153281573.0
2018-01-29,HYPE3,35.95,65059099.0
2018-01-29,IGTA3,43.27,85087189.0
2018-01-29,ITSA4,13.1,194759721.0
2018-01-29,ITUB4,51.69,1151636643.0
2018-01-29,JBSS3,10.18,95963461.0
2018-01-29,KLBN11,18.0,54031256.0
2018-01-29,KROT3,16.05,167299660.0
2018-01-29,LAME4,17.06,197075805.0
2018-01-29,LREN3,37.37,64402157.0
2018-01-29,MGLU3,84.6,67527965.0
2018-01-29,MRFG3,6.79,4946703.0
2018-01-29,MRVE3,15.36,32153362.0
2018-01-29,MULT3,73.0,63067903.0
2018-01-29,NATU3,35.8,23164418.0
2018-01-29,PCAR4,78.51,66480644.0
2018-01-29,PETR3,21.71,257761891.0
2018-01-29,PETR4,19.85,1104404127.0
2018-01-29,QUAL3,32.67,42756532.0
2018-01-29,RADL3,84.5,84236381.0
2018-01-29,RAIL3,13.7,148082739.0
2018-01-29,RENT3,25.14,50439349.0
2018-01-29,SANB11,35.72,35141986.0
2018-01-29,SAPR11,58.0,79780328.0
2018-01-29,SBSP3,36.55,28952904.0
2018-01-29,SMLS3,82.0,27086562.0
2018-01-29,SUZB3,20.47,163837990.0
2018-01-29,TAEE11,20.46,16670336.0
2018-01-29,TIMP3,13.31,37486595.0
2018-01-29,UGPA3,79.44,93197768.0
2018-01-29,USIM5,11.55,161563625.0
2018-01-29,VALE3,41.89,697169334.0
2018-01-29,VIVT4,52.71,95936999.0
2018-01-29,VVAR11,27.8,46989542.0
2018-01-29,WEGE3,24.21,113801513.0
2018-01-30,ABEV3,21.87,264517213.0
2018-01-30,BBAS3,38.8,419368264.0
2018-01-30,BBDC3,39.0,39151005.0
2018-01-30,BBDC4,40.4,491963174.0
2018-01-30,BBSE3,31.21,71370653.0
2018-01-30,BRAP4,31.08,88706112.0
2018-01-30,BRFS3,36.5,119686064.0
2018-01-30,BRKM5,50.49,59042867.0
2018-01-30,BRML3,13.0,104701762.0
2018-01-30,BVMF3,26.2,262412754.0
2018-01-30,CCRO3,15.72,46970362.0
2018-01-30,CIEL3,26.38,342048753.0
2018-01-30,CMIG4,7.54,113367978.0
2018-01-30,CPFE3,21.33,6624932.0
2018-01-30,CPLE6,24.46,19574875.0
2018-01-30,CSAN3,44.38,31565500.0
2018-01-30,CSNA3,10.83,116041247.0
2018-01-30,CYRE3,14.89,17949222.0
2018-01-30,ECOR3,11.55,18750295.0
2018-01-30,EGIE3,36.45,16150881.0
2018-01-30,ELET3,20.0,44838395.0
2018-01-30,ELET6,23.3,30413480.0
2018-01-30,EMBR3,20.25,60956694.0
2018-01-30,ENBR3,13.97,16292061.0
2018-01-30,EQTL3,69.0,62204871.0
2018-01-30,ESTC3,33.71,71957338.0
2018-01-30,FIBR3,56.47,169180177.0
2018-01-30,FLRY3,29.3,72721780.0
2018-01-30,GGBR4,14.72,166848023.0
2018-01-30,GOAU4,6.83,116960720.0
2018-01-30,HYPE3,35.8,80328070.0
2018-01-30,IGTA3,43.14,52055239.0
2018-01-30,ITSA4,13.18,292808545.0
2018-01-30,ITUB4,51.49,868640793.0
2018-01-30,JBSS3,10.16,130265072.0
2018-01-30,KLBN11,18.08,29148030.0
2018-01-30,KROT3,16.1,206460494.0
2018-01-30,LAME4,16.89,66923043.0
2018-01-30,LREN3,37.5,89077857.0
2018-01-30,MGLU3,84.66,95860661.0
2018-01-30,MRFG3,6.85,10709296.0
2018-01-30,MRVE3,15.25,22928806.0
2018-01-30,MULT3,72.61,26894562.0
2018-01-30,NATU3,35.5,22485861.0
2018-01-30,PCAR4,76.45,58508120.0
2018-01-30,PETR3,21.18,422296943.0
2018-01-30,PETR4,19.49,902546047.0
2018-01-30,QUAL3,31.38,107059518.0
2018-01-30,RADL3,85.0,43632036.0
2018-01-30,RAIL3,13.6,190219184.0
2018-01-30,RENT3,24.8,71655616.0
2018-01-30,SANB11,35.65,59589565.0
2018-01-30,SAPR11,57.5,48009695.0
2018-01-30,SBSP3,36.89,33267268.0
2018-01-30,SMLS3,81.29,32866859.0
2018-01-30,SUZB3,21.06,48127902.0
2018-01-30,TAEE11,20.35,19471311.0
2018-01-30,TIMP3,13.16,35439551.0
2018-01-30,UGPA3,79.95,76293656.0
2018-01-30,USIM5,11.58,142105934.0
2018-01-30,VALE3,41.47,547302650.0
2018-01-30,VIVT4,53.23,99361457.0
2018-01-30,VVAR11,27.6,52010075.0
2018-01-30,WEGE3,24.0,43524319.0
2018-01-31,ABEV3,21.95,270010818.0
2018-01-31,BBAS3,39.68,508715403.0
2018-01-31,BBDC3,39.33,55727092.0
2018-01-31,BBDC4,40.75,748396888.0
2018-01-31,BBSE3,31.11,172395994.0
2018-01-31,BRAP4,31.29,109742229.0
2018-01-31,BRFS3,35.35,251653431.0
2018-01-31,BRKM5,49.41,47899136.0
2018-01-31,BRML3,12.85,86859977.0
2018-01-31,BVMF3,26.08,288873316.0
2018-01-31,CCRO3,15.67,100673842.0
2018-01-31,CIEL3,26.88,223573769.0
2018-01-31,CMIG4,7.5,133177269.0
2018-01-31,CPFE3,21.45,10827588.0
2018-01-31,CPLE6,24.51,21422786.0
2018-01-31,CSAN3,43.64,34250271.0
2018-01-31,CSNA3,10.99,142628130.0
2018-01-31,CYRE3,14.98,64336646.0
2018-01-31,ECOR3,11.39,31274601.0
2018-01-31,EGIE3,35.94,31800294.0
2018-01-31,ELET3,20.33,58416276.0
2018-01-31,ELET6,23.69,72834226.0
2018-01-31,EMBR3,20.02,77275282.0
2018-01-31,ENBR3,13.71,17575860.0
2018-01-31,EQTL3,70.0,135017766.0
2018-01-31,ESTC3,35.05,113625776.0
2018-01-31,FIBR3,54.88,122822092.0
2018-01-31,FLRY3,30.0,96448077.0
2018-01-31,GGBR4,14.4,271710499.0
2018-01-31,GOAU4,6.88,209316967.0
2018-01-31,HYPE3,36.34,80582895.0
2018-01-31,IGTA3,43.0,73250496.0
2018-01-31,ITSA4,13.25,316034606.0
2018-01-31,ITUB4,52.26,734938898.0
2018-01-31,JBSS3,10.05,86488333.0
2018-01-31,KLBN11,17.81,41787735.0
2018-01-31,KROT3,16.25,214749740.0
2018-01-31,LAME4,16.9,81834487.0
2018-01-31,LREN3,37.86,80648486.0
2018-01-31,MGLU3,84.56,87991275.0
2018-01-31,MRFG3,6.81,11568312.0
2018-01-31,MRVE3,15.15,56198216.0
2018-01-31,MULT3,72.54,44136653.0
2018-01-31,NATU3,34.92,84940144.0
2018-01-31,PCAR4,75.3,77081865.0
2018-01-31,PETR3,21.3,204587544.0
2018-01-31,PETR4,19.7,823872832.0
2018-01-31,QUAL3,30.59,112524911.0
2018-01-31,RADL3,84.43,84434147.0
2018-01-31,RAIL3,14.27,270524363.0
2018-01-31,RENT3,25.78,129519412.0
2018-01-31,SANB11,35.84,104157609.0
2018-01-31,SAPR11,58.11,15260380.0
2018-01-31,SBSP3,36.38,42452927.0
2018-01-31,SMLS3,82.15,76332061.0
2018-01-31,SUZB3,20.66,53277503.0
2018-01-31,TAEE11,20.15,46834043.0
2018-01-31,TIMP3,13.5,93044674.0
2018-01-31,UGPA3,81.54,94802280.0
2018-01-31,USIM5,11.86,232846373.0
2018-01-31,VALE3,41.45,960097834.0
2018-01-31,VIVT4,53.85,96427002.0
2018-01-31,VVAR11,27.12,96294802.0
2018-01-31,WEGE3,23.7,86474468.0
2018-02-01,ABEV3,22.23,521631802.0
2018-02-01,BBAS3,39.79,437962997.0
2018-02-01,BBDC3,38.2,63008779.0
2018-02-01,BBDC4,39.67,965386652.0
2018-02-01,BBSE3,31.92,84111183.0
2018-02-01,BRAP4,31.65,59806336.0
2018-02-01,BRFS3,36.2,118025640.0
2018-02-01,BRKM5,48.9,69612707.0
2018-02-01,BRML3,13.3,96877906.0
2018-02-01,BVMF3,26.27,350102883.0
2018-02-01,CCRO3,15.58,84275681.0
2018-02-01,CIEL3,26.97,135380589.0
2018-02-01,CMIG4,7.66,78640670.0
2018-02-01,CPFE3,21.78,16552557.0
2018-02-01,CPLE6,24.58,12015832.0
2018-02-01,CSAN3,44.0,39667556.0
2018-02-01,CSNA3,11.12,164938400.0
2018-02-01,CYRE3,15.53,42239786.0
2018-02-01,ECOR3,11.63,51237521.0
2018-02-01,EGIE3,36.09,39395699.0
2018-02-01,ELET3,20.4,56016703.0
2018-02-01,ELET6,23.48,83849742.0
2018-02-01,EMBR3,20.4,77271166.0
2018-02-01,ENBR3,13.8,13987749.0
2018-02-01,EQTL3,70.69,59964339.0
2018-02-01,ESTC3,35.99,98053046.0
2018-02-01,FIBR3,55.41,80761380.0
2018-02-01,FLRY3,29.64,67146644.0
2018-02-01,GGBR4,14.62,191853566.0
2018-02-01,GOAU4,6.96,112537905.0
2018-02-01,HYPE3,37.2,90687226.0
2018-02-01,IGTA3,43.02,124681887.0
2018-02-01,ITSA4,13.21,269621865.0
2018-02-01,ITUB4,52.51,897473748.0
2018-02-01,JBSS3,10.19,60815566.0
2018-02-01,KLBN11,17.71,64602506.0
2018-02-01,KROT3,16.47,287243830.0
2018-02-01,LAME4,16.96,46308140.0
2018-02-01,LREN3,37.69,87694877.0
2018-02-01,MGLU3,85.86,74260923.0
2018-02-01,MRFG3,6.8,9225355.0
2018-02-01,MRVE3,15.25,29802498.0
2018-02-01,MULT3,73.92,71909526.0
2018-02-01,NATU3,35.0,31827665.0
2018-02-01,PCAR4,74.7,148569390.0
2018-02-01,PETR3,22.13,275593165.0
2018-02-01,PETR4,20.52,1052148405.0
2018-02-01,QUAL3,31.19,65447539.0
2018-02-01,RADL3,82.68,120436124.0
2018-02-01,RAIL3,14.15,191284743.0
2018-02-01,RENT3,25.47,162299051.0
2018-02-01,SANB11,36.6,64323267.0
2018-02-01,SAPR11,58.35,11195336.0
2018-02-01,SBSP3,36.36,38762961.0
2018-02-01,SMLS3,83.0,97354424.0
2018-02-01,SUZB3,21.03,43019947.0
2018-02-01,TAEE11,20.29,17038021.0
2018-02-01,TIMP3,13.47,89074916.0
2018-02-01,UGPA3,81.85,88546571.0
2018-02-01,USIM5,11.7,268457260.0
2018-02-01,VALE3,41.79,920862393.0
2018-02-01,VIVT4,54.24,124584299.0
2018-02-01,VVAR11,27.88,72167724.0
2018-02-01,WEGE3,23.5,52769806.0
2018-02-02,ABEV3,22.01,270049711.0
2018-02-02,BBAS3,39.25,330401025.0
2018-02-02,BBDC3,37.25,41763180.0
2018-02-02,BBDC4,38.42,769339009.0
2018-02-02,BBSE3,31.75,59597088.0
2018-02-02,BRAP4,31.0,45476455.0
2018-02-02,BRFS3,35.06,173016382.0
2018-02-02,BRKM5,48.8,96460304.0
2018-02-02,BRML3,13.01,100815367.0
2018-02-02,BVMF3,26.0,186112651.0
2018-02-02,CCRO3,15.11,70155637.0
2018-02-02,CIEL3,26.22,150362457.0
2018-02-02,CMIG4,7.45,56151637.0
2018-02-02,CPFE3,21.53,15220241.0
2018-02-02,CPLE6,24.2,19372401.0
2018-02-02,CSAN3,44.01,42613740.0
2018-02-02,CSNA3,10.77,113768809.0
2018-02-02,CYRE3,15.4,53884033.0
2018-02-02,ECOR3,11.15,41530514.0
2018-02-02,EGIE3,36.0,36994411.0
2018-02-02,ELET3,19.79,67788576.0
2018-02-02,ELET6,23.0,36544173.0
2018-02-02,EMBR3,21.3,254159479.0
2018-02-02,ENBR3,13.73,23806603.0
2018-02-02,EQTL3,69.31,66101869.0
2018-02-02,ESTC3,35.46,98371829.0
2018-02-02,FIBR3,56.43,161393446.0
2018-02-02,FLRY3,29.52,51582245.0
2018-02-02,GGBR4,14.57,181442603.0
2018-02-02,GOAU4,6.95,124518511.0
2018-02-02,HYPE3,36.81,71092608.0
2018-02-02,IGTA3,42.56,67599170.0
2018-02-02,ITSA4,13.0,205054039.0
2018-02-02,ITUB4,51.85,626326872.0
2018-02-02,JBSS3,9.99,36991471.0
2018-02-02,KLBN11,17.64,41760645.0
2018-02-02,KROT3,16.29,104100071.0
2018-02-02,LAME4,16.6,51167529.0
2018-02-02,LREN3,37.26,70347502.0
2018-02-02,MGLU3,83.86,82931311.0
2018-02-02,MRFG3,6.64,7542871.0
2018-02-02,MRVE3,15.2,68302929.0
2018-02-02,MULT3,73.74,35627200.0
2018-02-02,NATU3,34.5,64848836.0
2018-02-02,PCAR4,72.83,93252550.0
2018-02-02,PETR3,21.54,147399297.0
2018-02-02,PETR4,19.97,1018519535.0
2018-02-02,QUAL3,30.35,59627643.0
2018-02-02,RADL3,81.54,66253410.0
2018-02-02,RAIL3,13.75,87954937.0
2018-02-02,RENT3,25.4,96632359.0
2018-02-02,SANB11,36.4,65735304.0
2018-02-02,SAPR11,57.76,24328444.0
2018-02-02,SBSP3,35.42,30058331.0
2018-02-02,SMLS3,81.0,39717460.0
2018-02-02,SUZB3,21.2,60874380.0
2018-02-02,TAEE11,20.26,18491573.0
2018-02-02,TIMP3,13.35,56052968.0
2018-02-02,UGPA3,80.94,83565207.0
2018-02-02,USIM5,11.8,215828649.0
2018-02-02,VALE3,40.8,735811060.0
2018-02-02,VIVT4,53.45,101983984.0
2018-02-02,VVAR11,26.72,44028504.0
2018-02-02,WEGE3,22.75,65397355.0
2018-02-05,ABEV3,21.68,273758150.0
2018-02-05,BBAS3,38.08,234408041.0
2018-02-05,BBDC3,36.42,45378376.0
2018-02-05,BBDC4,37.8,435539918.0
2018-02-05,BBSE3,31.25,73495761.0
2018-02-05,BRAP4,30.54,29803014.0
2018-02-05,BRFS3,33.46,224897388.0
2018-02-05,BRKM5,48.48,88605754.0
2018-02-05,BRML3,12.58,44256680.0
2018-02-05,BVMF3,24.91,329612145.0
2018-02-05,CCRO3,14.88,102530772.0
2018-02-05,CIEL3,25.27,111880061.0
2018-02-05,CMIG4,7.2,83793401.0
2018-02-05,CPFE3,21.5,11235271.0
2018-02-05,CPLE6,23.41,12945089.0
2018-02-05,CSAN3,43.65,44841907.0
2018-02-05,CSNA3,10.15,85483591.0
2018-02-05,CYRE3,14.96,23535022.0
2018-02-05,ECOR3,10.85,22941244.0
2018-02-05,EGIE3,35.5,24883436.0
2018-02-05,ELET3,19.79,47722832.0
2018-02-05,ELET6,22.95,26230496.0
2018-02-05,EMBR3,20.92,124494489.0
2018-02-05,ENBR3,13.34,10997148.0
2018-02-05,EQTL3,68.5,57912177.0
2018-02-05,ESTC3,34.62,53946462.0
2018-02-05,FIBR3,55.15,124977380.0
2018-02-05,FLRY3,28.13,40642867.0
2018-02-05,GGBR4,13.74,152075434.0
2018-02-05,GOAU4,6.59,100244243.0
2018-02-05,HYPE3,35.98,51523822.0
2018-02-05,IGTA3,41.62,48288803.0
2018-02-05,ITSA4,12.6,185006934.0
2018-02-05,ITUB4,50.03,787981623.0
2018-02-05,JBSS3,9.88,76756462.0
2018-02-05,KLBN11,17.75,32778291.0
2018-02-05,KROT3,15.77,170690697.0
2018-02-05,LAME4,16.3,59948107.0
2018-02-05,LREN3,35.97,49078066.0
2018-02-05,MGLU3,80.63,77113924.0
2018-02-05,MRFG3,6.54,6651186.0
2018-02-05,MRVE3,15.0,55904929.0
2018-02-05,MULT3,71.95,31334054.0
2018-02-05,NATU3,34.2,45617845.0
2018-02-05,PCAR4,71.16,61219161.0
2018-02-05,PETR3,20.57,189355921.0
2018-02-05,PETR4,19.04,1215492077.0
2018-02-05,QUAL3,29.6,30663952.0
2018-02-05,RADL3,81.4,53716787.0
2018-02-05,RAIL3,13.51,70129193.0
2018-02-05,RENT3,25.0,40100180.0
2018-02-05,SANB11,34.92,43603256.0
2018-02-05,SAPR11,57.44,40549307.0
2018-02-05,SBSP3,34.45,34655158.0
2018-02-05,SMLS3,78.43,61534747.0
2018-02-05,SUZB3,21.06,68871995.0
2018-02-05,TAEE11,20.04,16380431.0
2018-02-05,TIMP3,13.03,44634721.0
2018-02-05,UGPA3,79.35,51573439.0
2018-02-05,USIM5,11.36,148554128.0
2018-02-05,VALE3,40.35,923610479.0
2018-02-05,VIVT4,52.8,76661605.0
2018-02-05,VVAR11,25.63,30119599.0
2018-02-05,WEGE3,22.5,46830889.0
2018-02-06,ABEV3,21.62,409541263.0
2018-02-06,BBAS3,39.75,506599222.0
2018-02-06,BBDC3,37.48,96154243.0
2018-02-06,BBDC4,38.7,1222116402.0
2018-02-06,BBSE3,31.92,97378062.0
2018-02-06,BRAP4,31.65,75849025.0
2018-02-06,BRFS3,33.2,265599330.0
2018-02-06,BRKM5,48.75,61975601.0
2018-02-06,BRML3,12.45,116780900.0
2018-02-06,BVMF3,24.99,457879494.0
2018-02-06,CCRO3,15.04,158320412.0
2018-02-06,CIEL3,25.12,185395574.0
2018-02-06,CMIG4,7.55,83689819.0
2018-02-06,CPFE3,21.8,15909592.0
2018-02-06,CPLE6,23.78,13508198.0
2018-02-06,CSAN3,44.45,57358797.0
2018-02-06,CSNA3,10.54,99551592.0
2018-02-06,CYRE3,14.93,49168425.0
2018-02-06,ECOR3,11.4,55110160.0
2018-02-06,EGIE3,35.95,40506939.0
2018-02-06,ELET3,20.89,61652961.0
2018-02-06,ELET6,24.21,93192453.0
2018-02-06,EMBR3,22.0,209365057.0
2018-02-06,ENBR3,13.66,21489670.0
2018-02-06,EQTL3,69.43,67008932.0
2018-02-06,ESTC3,35.35,107773019.0
2018-02-06,FIBR3,54.31,132270274.0
2018-02-06,FLRY3,27.98,64653815.0
2018-02-06,GGBR4,14.57,180689049.0
2018-02-06,GOAU4,6.75,156693484.0
2018-02-06,HYPE3,35.8,84141338.0
2018-02-06,IGTA3,40.86,96751350.0
2018-02-06,ITSA4,13.09,337021840.0
2018-02-06,ITUB4,51.83,3040596539.0
2018-02-06,JBSS3,9.94,208075856.0
2018-02-06,KLBN11,17.75,39942251.0
2018-02-06,KROT3,15.68,186425828.0
2018-02-06,LAME4,16.3,139751753.0
2018-02-06,LREN3,36.36,144391320.0
2018-02-06,MGLU3,81.64,110881247.0
2018-02-06,MRFG3,6.7,13426270.0
2018-02-06,MRVE3,15.06,59182846.0
2018-02-06,MULT3,70.3,111688110.0
2018-02-06,NATU3,34.91,40365372.0
2018-02-06,PCAR4,71.8,83219110.0
2018-02-06,PETR3,21.6,366072642.0
2018-02-06,PETR4,19.99,1437849661.0
2018-02-06,QUAL3,30.9,144891363.0
2018-02-06,RADL3,80.93,131027714.0
2018-02-06,RAIL3,13.68,267479607.0
2018-02-06,RENT3,24.69,120622193.0
2018-02-06,SANB11,36.19,56932602.0
2018-02-06,SAPR11,57.28,23150928.0
2018-02-06,SBSP3,34.83,85928443.0
2018-02-06,SMLS3,81.18,93783630.0
2018-02-06,SUZB3,20.92,68212573.0
2018-02-06,TAEE11,20.14,23386368.0
2018-02-06,TIMP3,13.94,101319124.0
2018-02-06,UGPA3,80.0,108705339.0
2018-02-06,USIM5,11.7,309263974.0
2018-02-06,VALE3,42.47,1078958144.0
2018-02-06,VIVT4,54.83,125674286.0
2018-02-06,VVAR11,25.4,61763664.0
2018-02-06,WEGE3,23.18,83444908.0
2018-02-07,ABEV3,21.62,281162227.0
2018-02-07,BBAS3,39.79,560455954.0
2018-02-07,BBDC3,36.55,47482035.0
2018-02-07,BBDC4,38.12,521285878.0
2018-02-07,BBSE3,31.25,153765126.0
2018-02-07,BRAP4,31.09,39262176.0
2018-02-07,BRFS3,32.57,191932119.0
2018-02-07,BRKM5,48.48,45360259.0
2018-02-07,BRML3,12.28,88036999.0
2018-02-07,BVMF3,24.67,228981989.0
2018-02-07,CCRO3,14.57,113913328.0
2018-02-07,CIEL3,25.4,163152949.0
2018-02-07,CMIG4,7.53,89899903.0
2018-02-07,CPFE3,22.37,24802138.0
2018-02-07,CPLE6,23.59,23804627.0
2018-02-07,CSAN3,44.36,41713478.0
2018-02-07,CSNA3,10.17,62473703.0
2018-02-07,CYRE3,14.77,38159634.0
2018-02-07,ECOR3,11.12,34971125.0
2018-02-07,EGIE3,35.77,23863167.0
2018-02-07,ELET3,21.06,72948941.0
2018-02-07,ELET6,24.87,147998795.0
2018-02-07,EMBR3,21.69,97975591.0
2018-02-07,ENBR3,13.53,39999886.0
2018-02-07,EQTL3,70.09,58997154.0
2018-02-07,ESTC3,35.5,156120430.0
2018-02-07,FIBR3,55.8,179041765.0
2018-02-07,FLRY3,28.1,27467337.0
2018-02-07,GGBR4,14.06,113603722.0
2018-02-07,GOAU4,6.67,117105567.0
2018-02-07,HYPE3,35.95,52289303.0
2018-02-07,IGTA3,40.5,95932127.0
2018-02-07,ITSA4,12.82,289932129.0
2018-02-07,ITUB4,50.6,940660951.0
2018-02-07,JBSS3,9.85,54729178.0
2018-02-07,KLBN11,18.07,66711400.0
2018-02-07,KROT3,15.51,212958584.0
2018-02-07,LAME4,15.88,189492501.0
2018-02-07,LREN3,35.15,131231974.0
2018-02-07,MGLU3,79.0,89406003.0
2018-02-07,MRFG3,6.5,9502138.0
2018-02-07,MRVE3,14.86,39430948.0
2018-02-07,MULT3,70.0,72813702.0
2018-02-07,NATU3,35.0,66128104.0
2018-02-07,PCAR4,71.88,65859936.0
2018-02-07,PETR3,20.98,224398354.0
2018-02-07,PETR4,19.44,1225444170.0
2018-02-07,QUAL3,30.96,76983153.0
2018-02-07,RADL3,81.35,112872910.0
2018-02-07,RAIL3,13.4,107472051.0
2018-02-07,RENT3,24.78,69627169.0
2018-02-07,SANB11,35.5,67449825.0
2018-02-07,SAPR11,57.28,15282671.0
2018-02-07,SBSP3,34.51,42184902.0
2018-02-07,SMLS3,79.29,61506099.0
2018-02-07,SUZB3,20.9,83759819.0
2018-02-07,TAEE11,20.16,15484148.0
2018-02-07,TIMP3,14.17,73425282.0
2018-02-07,UGPA3,79.9,86583948.0
2018-02-07,USIM5,11.6,188302575.0
2018-02-07,VALE3,41.71,868494891.0
2018-02-07,VIVT4,54.0,105455200.0
2018-02-07,VVAR11,24.84,48138849.0
2018-02-07,WEGE3,22.9,52197104.0
2018-02-08,ABEV3,21.66,434945070.0
2018-02-08,BBAS3,38.54,497278309.0
2018-02-08,BBDC3,35.47,57952091.0
2018-02-08,BBDC4,37.65,459657769.0
2018-02-08,BBSE3,30.44,151834692.0
2018-02-08,BRAP4,30.69,35906034.0
2018-02-08,BRFS3,31.28,311271322.0
2018-02-08,BRKM5,46.54,99732779.0
2018-02-08,BRML3,12.1,145037706.0
2018-02-08,BVMF3,24.46,262626827.0
2018-02-08,CCRO3,14.72,129756648.0
2018-02-08,CIEL3,24.32,215486112.0
2018-02-08,CMIG4,7.3,59986881.0
2018-02-08,CPFE3,22.32,10074001.0
2018-02-08,CPLE6,23.4,14717631.0
2018-02-08,CSAN3,43.32,87291542.0
2018-02-08,CSNA3,10.04,82720860.0
2018-02-08,CYRE3,14.72,36115909.0
2018-02-08,ECOR3,10.98,15540529.0
2018-02-08,EGIE3,35.18,21652286.0
2018-02-08,ELET3,21.64,81453121.0
2018-02-08,ELET6,25.57,84416450.0
2018-02-08,EMBR3,21.6,115364568.0
2018-02-08,ENBR3,13.17,19139962.0
2018-02-08,EQTL3,69.4,46510427.0
2018-02-08,ESTC3,34.25,150490489.0
2018-02-08,FIBR3,54.77,124666763.0
2018-02-08,FLRY3,28.24,73424264.0
2018-02-08,GGBR4,13.76,116718985.0
2018-02-08,GOAU4,6.55,146927745.0
2018-02-08,HYPE3,35.36,37125411.0
2018-02-08,IGTA3,39.77,122301645.0
2018-02-08,ITSA4,12.7,321095984.0
2018-02-08,ITUB4,50.35,761851884.0
2018-02-08,JBSS3,9.6,92339240.0
2018-02-08,KLBN11,17.5,46773359.0
2018-02-08,KROT3,15.0,219677651.0
2018-02-08,LAME4,15.67,224526448.0
2018-02-08,LREN3,34.78,78329918.0
2018-02-08,MGLU3,76.0,105629555.0
2018-02-08,MRFG3,6.42,9490583.0
2018-02-08,MRVE3,14.98,42954670.0
2018-02-08,MULT3,68.52,77265035.0
2018-02-08,NATU3,34.1,85781796.0
2018-02-08,PCAR4,69.7,90934694.0
2018-02-08,PETR3,20.35,149401588.0
2018-02-08,PETR4,19.05,982725253.0
2018-02-08,QUAL3,29.78,54736083.0
2018-02-08,RADL3,80.85,68895345.0
2018-02-08,RAIL3,13.0,103906485.0
2018-02-08,RENT3,24.46,57284850.0
2018-02-08,SANB11,35.33,63506164.0
2018-02-08,SAPR11,56.71,9117353.0
2018-02-08,SBSP3,33.97,57153610.0
2018-02-08,SMLS3,77.52,59469955.0
2018-02-08,SUZB3,19.88,102697171.0
2018-02-08,TAEE11,19.78,47562430.0
2018-02-08,TIMP3,13.73,89601567.0
2018-02-08,UGPA3,78.2,83387293.0
2018-02-08,USIM5,11.33,205359892.0
2018-02-08,VALE3,41.59,787830337.0
2018-02-08,VIVT4,52.93,73375955.0
2018-02-08,VVAR11,25.25,63681030.0
2018-02-08,WEGE3,22.23,43125994.0
2018-02-09,ABEV3,21.49,369297070.0
2018-02-09,BBAS3,37.82,382167470.0
2018-02-09,BBDC3,35.34,61504300.0
2018-02-09,BBDC4,37.22,508085918.0
2018-02-09,BBSE3,30.61,135601247.0
2018-02-09,BRAP4,31.17,31759680.0
2018-02-09,BRFS3,30.35,218021649.0
2018-02-09,BRKM5,44.98,101666427.0
2018-02-09,BRML3,11.98,76282491.0
2018-02-09,BVMF3,23.99,314515020.0
2018-02-09,CCRO3,14.72,108554292.0
2018-02-09,CIEL3,24.14,125976096.0
2018-02-09,CMIG4,7.27,72406247.0
2018-02-09,CPFE3,22.08,15105822.0
2018-02-09,CPLE6,23.19,17810253.0
2018-02-09,CSAN3,43.42,53129522.0
2018-02-09,CSNA3,9.89,102314597.0
2018-02-09,CYRE3,14.55,39978058.0
2018-02-09,ECOR3,10.33,48361829.0
2018-02-09,EGIE3,34.95,23853591.0
2018-02-09,ELET3,21.12,167975111.0
2018-02-09,ELET6,24.9,116147504.0
2018-02-09,EMBR3,21.44,58797124.0
2018-02-09,ENBR3,13.0,34472004.0
2018-02-09,EQTL3,68.77,73380555.0
2018-02-09,ESTC3,33.39,99817392.0
2018-02-09,FIBR3,54.33,119064890.0
2018-02-09,FLRY3,28.35,49431208.0
2018-02-09,GGBR4,14.03,156212356.0
2018-02-09,GOAU4,6.62,100402156.0
2018-02-09,HYPE3,35.85,93824985.0
2018-02-09,IGTA3,39.01,53503851.0
2018-02-09,ITSA4,12.68,256733249.0
2018-02-09,ITUB4,50.48,874567648.0
2018-02-09,JBSS3,9.65,66233255.0
2018-02-09,KLBN11,17.22,64241890.0
2018-02-09,KROT3,15.06,180376307.0
2018-02-09,LAME4,15.63,114160410.0
2018-02-09,LREN3,33.17,274381525.0
2018-02-09,MGLU3,73.89,119993797.0
2018-02-09,MRFG3,6.42,8603730.0
2018-02-09,MRVE3,14.92,41731624.0
2018-02-09,MULT3,67.74,77769826.0
2018-02-09,NATU3,33.71,54719948.0
2018-02-09,PCAR4,67.8,98406581.0
2018-02-09,PETR3,20.09,258726053.0
2018-02-09,PETR4,18.77,1297964486.0
2018-02-09,QUAL3,29.35,62013620.0
2018-02-09,RADL3,79.85,87096834.0
2018-02-09,RAIL3,12.86,119934302.0
2018-02-09,RENT3,23.89,129673654.0
2018-02-09,SANB11,34.78,67309957.0
2018-02-09,SAPR11,55.9,30483900.0
2018-02-09,SBSP3,33.34,54678127.0
2018-02-09,SMLS3,78.35,46305350.0
2018-02-09,SUZB3,19.92,119444744.0
2018-02-09,TAEE11,19.65,33285914.0
2018-02-09,TIMP3,13.53,54101567.0
2018-02-09,UGPA3,77.29,92404873.0
2018-02-09,USIM5,11.23,340992052.0
2018-02-09,VALE3,42.0,950851013.0
2018-02-09,VIVT4,51.54,120210626.0
2018-02-09,VVAR11,24.36,91222924.0
2018-02-09,WEGE3,21.92,58303534.0
2018-02-14,ABEV3,22.24,396420111.0
2018-02-14,BBAS3,39.56,419538852.0
2018-02-14,BBDC3,36.4,84815725.0
2018-02-14,BBDC4,38.58,555062455.0
2018-02-14,BBSE3,31.05,76280738.0
2018-02-14,BRAP4,33.32,54439261.0
2018-02-14,BRFS3,31.12,175755136.0
2018-02-14,BRKM5,46.1,78472795.0
2018-02-14,BRML3,12.31,98467127.0
2018-02-14,BVMF3,24.44,329387012.0
2018-02-14,CCRO3,14.48,177133550.0
2018-02-14,CIEL3,24.05,137255523.0
2018-02-14,CMIG4,7.52,74993198.0
2018-02-14,CPFE3,22.18,7001583.0
2018-02-14,CPLE6,24.41,26057366.0
2018-02-14,CSAN3,43.05,74401635.0
2018-02-14,CSNA3,10.75,121819799.0
2018-02-14,CYRE3,14.87,28044922.0
2018-02-14,ECOR3,10.38,22947532.0
2018-02-14,EGIE3,35.43,41700156.0
2018-02-14,ELET3,21.53,46029280.0
2018-02-14,ELET6,25.0,56271893.0
2018-02-14,EMBR3,21.75,56538001.0
2018-02-14,ENBR3,13.19,33193620.0
2018-02-14,EQTL3,69.96,54192987.0
2018-02-14,ESTC3,34.14,165795151.0
2018-02-14,FIBR3,53.95,95682510.0
2018-02-14,FLRY3,29.52,97624954.0
2018-02-14,GGBR4,14.96,145261313.0
2018-02-14,GOAU4,6.86,98000477.0
2018-02-14,HYPE3,36.95,58687356.0
2018-02-14,IGTA3,39.74,47970987.0
2018-02-14,ITSA4,13.09,235521558.0
2018-02-14,ITUB4,52.66,764064942.0
2018-02-14,JBSS3,9.85,64413169.0
2018-02-14,KLBN11,17.3,41319866.0
2018-02-14,KROT3,15.71,364742074.0
2018-02-14,LAME4,16.06,109370465.0
2018-02-14,LREN3,33.9,138437074.0
2018-02-14,MGLU3,74.7,136036007.0
2018-02-14,MRFG3,6.27,13652528.0
2018-02-14,MRVE3,15.42,43109413.0
2018-02-14,MULT3,69.69,69360216.0
2018-02-14,NATU3,33.48,81706239.0
2018-02-14,PCAR4,71.6,89443938.0
2018-02-14,PETR3,20.38,210301524.0
2018-02-14,PETR4,19.25,831828607.0
2018-02-14,QUAL3,29.64,63690316.0
2018-02-14,RADL3,82.32,117384505.0
2018-02-14,RAIL3,13.18,145829614.0
2018-02-14,RENT3,24.99,67764954.0
2018-02-14,SANB11,36.01,56573480.0
2018-02-14,SAPR11,56.6,24631178.0
2018-02-14,SBSP3,35.4,86598418.0
2018-02-14,SMLS3,79.78,42648015.0
2018-02-14,SUZB3,20.32,99509305.0
2018-02-14,TAEE11,20.39,47608028.0
2018-02-14,TIMP3,14.35,85405834.0
2018-02-14,UGPA3,78.37,114228538.0
2018-02-14,USIM5,11.97,203584710.0
2018-02-14,VALE3,44.51,1139832997.0
2018-02-14,VIVT4,52.59,134800779.0
2018-02-14,VVAR11,25.89,72693666.0
2018-02-14,WEGE3,22.9,64067393.0
2018-02-15,ABEV3,22.3,230271458.0
2018-02-15,BBAS3,39.9,448113376.0
2018-02-15,BBDC3,36.64,44418398.0
2018-02-15,BBDC4,38.74,262855668.0
2018-02-15,BBSE3,31.27,47194566.0
2018-02-15,BRAP4,34.77,133761744.0
2018-02-15,BRFS3,30.5,141155947.0
2018-02-15,BRKM5,45.73,63228465.0
2018-02-15,BRML3,12.17,50724402.0
2018-02-15,BVMF3,25.11,348092928.0
2018-02-15,CCRO3,14.65,300154036.0
2018-02-15,CIEL3,24.85,130216281.0
2018-02-15,CMIG4,7.92,154808648.0
2018-02-15,CPFE3,22.32,22519383.0
2018-02-15,CPLE6,24.4,24101779.0
2018-02-15,CSAN3,43.41,27938061.0
2018-02-15,CSNA3,10.56,85934065.0
2018-02-15,CYRE3,14.97,23628677.0
2018-02-15,ECOR3,10.23,19573630.0
2018-02-15,EGIE3,35.95,32691072.0
2018-02-15,ELET3,21.44,31497832.0
2018-02-15,ELET6,24.98,34623677.0
2018-02-15,EMBR3,21.89,59669849.0
2018-02-15,ENBR3,13.02,33945814.0
2018-02-15,EQTL3,69.85,33129743.0
2018-02-15,ESTC3,34.0,101573953.0
2018-02-15,FIBR3,53.75,50650135.0
2018-02-15,FLRY3,29.22,70839576.0
2018-02-15,GGBR4,15.0,146506764.0
2018-02-15,GOAU4,7.04,140907208.0
2018-02-15,HYPE3,37.0,39193481.0
2018-02-15,IGTA3,39.61,45543978.0
2018-02-15,ITSA4,13.09,126201685.0
2018-02-15,ITUB4,52.67,1435135081.0
2018-02-15,JBSS3,9.66,88435139.0
2018-02-15,KLBN11,17.5,28613678.0
2018-02-15,KROT3,16.01,145187931.0
2018-02-15,LAME4,15.97,67853924.0
2018-02-15,LREN3,35.0,115643430.0
2018-02-15,MGLU3,79.21,95226884.0
2018-02-15,MRFG3,6.21,10128267.0
2018-02-15,MRVE3,15.37,39150454.0
2018-02-15,MULT3,68.95,60296574.0
2018-02-15,NATU3,33.3,92462085.0
2018-02-15,PCAR4,73.2,117789076.0
2018-02-15,PETR3,20.73,171210813.0
2018-02-15,PETR4,19.4,619732830.0
2018-02-15,QUAL3,29.71,33546403.0
2018-02-15,RADL3,82.35,44072001.0
2018-02-15,RAIL3,13.35,149163845.0
2018-02-15,RENT3,24.65,54807122.0
2018-02-15,SANB11,36.38,31593222.0
2018-02-15,SAPR11,56.69,62408685.0
2018-02-15,SBSP3,35.38,23849277.0
2018-02-15,SMLS3,80.86,22386850.0
2018-02-15,SUZB3,20.29,37513629.0
2018-02-15,TAEE11,20.6,31034472.0
2018-02-15,TIMP3,14.09,29885562.0
2018-02-15,UGPA3,79.0,79520587.0
2018-02-15,USIM5,12.13,213558651.0
2018-02-15,VALE3,45.95,1414199108.0
2018-02-15,VIVT4,53.14,72639734.0
2018-02-15,VVAR11,26.47,45964181.0
2018-02-15,WEGE3,23.41,48578302.0
2018-02-16,ABEV3,22.43,292773499.0
2018-02-16,BBAS3,40.3,263406204.0
2018-02-16,BBDC3,36.46,50806419.0
2018-02-16,BBDC4,38.67,278564700.0
2018-02-16,BBSE3,31.75,86025600.0
2018-02-16,BRAP4,34.92,57742779.0
2018-02-16,BRFS3,29.7,139287114.0
2018-02-16,BRKM5,44.02,85513755.0
2018-02-16,BRML3,12.29,38679770.0
2018-02-16,BVMF3,25.54,226730224.0
2018-02-16,CCRO3,14.66,49146782.0
2018-02-16,CIEL3,24.36,104221152.0
2018-02-16,CMIG4,8.09,116152803.0
2018-02-16,CPFE3,22.48,10293314.0
2018-02-16,CPLE6,24.33,14049283.0
2018-02-16,CSAN3,42.9,54737381.0
2018-02-16,CSNA3,10.63,97519841.0
2018-02-16,CYRE3,15.0,36764030.0
2018-02-16,ECOR3,10.23,16725769.0
2018-02-16,EGIE3,36.74,38501654.0
2018-02-16,ELET3,21.45,30887444.0
2018-02-16,ELET6,24.9,21368646.0
2018-02-16,EMBR3,22.13,89495374.0
2018-02-16,ENBR3,13.09,38032615.0
2018-02-16,EQTL3,70.14,76324901.0
2018-02-16,ESTC3,33.52,68493978.0
2018-02-16,FIBR3,57.3,238252458.0
2018-02-16,FLRY3,28.97,76735971.0
2018-02-16,GGBR4,15.93,347121855.0
2018-02-16,GOAU4,7.44,204919552.0
2018-02-16,HYPE3,36.83,31692777.0
2018-02-16,IGTA3,40.15,28582566.0
2018-02-16,ITSA4,13.4,333246940.0
2018-02-16,ITUB4,50.83,1825654649.0
2018-02-16,JBSS3,9.6,37217832.0
2018-02-16,KLBN11,17.52,44758189.0
2018-02-16,KROT3,15.74,131788334.0
2018-02-16,LAME4,16.0,38559440.0
2018-02-16,LREN3,34.59,99775121.0
2018-02-16,MGLU3,78.61,86062141.0
2018-02-16,MRFG3,6.09,12245141.0
2018-02-16,MRVE3,15.45,38279689.0
2018-02-16,MULT3,68.35,73740241.0
2018-02-16,NATU3,33.62,28256064.0
2018-02-16,PCAR4,71.32,72011455.0
2018-02-16,PETR3,20.72,147322237.0
2018-02-16,PETR4,19.42,675715748.0
2018-02-16,QUAL3,29.5,34082233.0
2018-02-16,RADL3,81.95,57493386.0
2018-02-16,RAIL3,13.33,87359311.0
2018-02-16,RENT3,24.75,78483032.0
2018-02-16,SANB11,36.64,30196458.0
2018-02-16,SAPR11,55.85,20186230.0
2018-02-16,SBSP3,35.7,29609353.0
2018-02-16,SMLS3,79.1,30394229.0
2018-02-16,SUZB3,21.34,99227432.0
2018-02-16,TAEE11,20.65,21115347.0
2018-02-16,TIMP3,14.09,29519727.0
2018-02-16,UGPA3,78.75,54370818.0
2018-02-16,USIM5,12.12,180836359.0
2018-02-16,VALE3,46.03,968157606.0
2018-02-16,VIVT4,53.02,70710593.0
2018-02-16,VVAR11,27.0,73266919.0
2018-02-16,WEGE3,22.87,53486431.0
2018-02-19,ABEV3,22.34,55790885.0
2018-02-19,BBAS3,39.63,183852788.0
2018-02-19,BBDC3,36.4,25619247.0
2018-02-19,BBDC4,38.48,209424417.0
2018-02-19,BBSE3,30.28,197404248.0
2018-02-19,BRAP4,35.24,26281929.0
2018-02-19,BRFS3,29.87,75842322.0
2018-02-19,BRKM5,44.87,47046756.0
2018-02-19,BRML3,12.08,38293971.0
2018-02-19,BVMF3,25.5,131106242.0
2018-02-19,CCRO3,14.85,46622896.0
2018-02-19,CIEL3,24.28,47595229.0
2018-02-19,CMIG4,8.13,61176116.0
2018-02-19,CPFE3,22.96,15010880.0
2018-02-19,CPLE6,24.45,5248020.0
2018-02-19,CSAN3,44.65,83850178.0
2018-02-19,CSNA3,10.73,51998352.0
2018-02-19,CYRE3,15.03,15848366.0
2018-02-19,ECOR3,10.65,9998969.0
2018-02-19,EGIE3,36.82,9397281.0
2018-02-19,ELET3,21.42,14524356.0
2018-02-19,ELET6,24.85,13493734.0
2018-02-19,EMBR3,22.6,46876954.0
2018-02-19,ENBR3,13.09,10623536.0
2018-02-19,EQTL3,70.11,73657017.0
2018-02-19,ESTC3,33.78,34728465.0
2018-02-19,FIBR3,59.15,222766732.0
2018-02-19,FLRY3,28.46,41046783.0
2018-02-19,GGBR4,16.73,267707630.0
2018-02-19,GOAU4,7.77,156665979.0
2018-02-19,HYPE3,37.16,13899128.0
2018-02-19,IGTA3,39.44,19787282.0
2018-02-19,ITSA4,13.37,153175899.0
2018-02-19,ITUB4,50.43,278607928.0
2018-02-19,JBSS3,9.64,15105741.0
2018-02-19,KLBN11,17.46,31004108.0
2018-02-19,KROT3,15.79,40236304.0
2018-02-19,LAME4,15.91,44930151.0
2018-02-19,LREN3,34.49,35270905.0
2018-02-19,MGLU3,82.26,71465553.0
2018-02-19,MRFG3,6.18,4124383.0
2018-02-19,MRVE3,15.59,20456081.0
2018-02-19,MULT3,68.46,41923341.0
2018-02-19,NATU3,34.64,18452132.0
2018-02-19,PCAR4,71.31,19443838.0
2018-02-19,PETR3,21.3,62724723.0
2018-02-19,PETR4,20.05,814625297.0
2018-02-19,QUAL3,29.61,18418988.0
2018-02-19,RADL3,81.91,31850279.0
2018-02-19,RAIL3,13.35,31703633.0
2018-02-19,RENT3,24.93,21360244.0
2018-02-19,SANB11,36.59,12180053.0
2018-02-19,SAPR11,55.49,9934264.0
2018-02-19,SBSP3,35.76,8683283.0
2018-02-19,SMLS3,80.4,13863458.0
2018-02-19,SUZB3,22.09,78915324.0
2018-02-19,TAEE11,20.43,9902983.0
2018-02-19,TIMP3,13.79,11767234.0
2018-02-19,UGPA3,78.71,22993264.0
2018-02-19,USIM5,12.14,122619348.0
2018-02-19,VALE3,46.45,593221468.0
2018-02-19,VIVT4,52.57,23659618.0
2018-02-19,VVAR11,26.68,62989973.0
2018-02-19,WEGE3,22.97,11810300.0
2018-02-20,ABEV3,22.71,350377690.0
2018-02-20,BBAS3,40.8,361155216.0
2018-02-20,BBDC3,37.28,43698890.0
2018-02-20,BBDC4,39.65,450543543.0
2018-02-20,BBSE3,30.39,223730533.0
2018-02-20,BRAP4,34.67,30490162.0
2018-02-20,BRFS3,29.8,104778821.0
2018-02-20,BRKM5,46.04,82090946.0
2018-02-20,BRML3,12.0,83869196.0
2018-02-20,BVMF3,25.85,319476011.0
2018-02-20,CCRO3,14.89,81598120.0
2018-02-20,CIEL3,24.49,67639791.0
2018-02-20,CMIG4,7.95,94956474.0
2018-02-20,CPFE3,22.9,13368515.0
2018-02-20,CPLE6,24.65,13482140.0
2018-02-20,CSAN3,46.57,123034500.0
2018-02-20,CSNA3,10.43,103581621.0
2018-02-20,CYRE3,15.13,17799625.0
2018-02-20,ECOR3,10.25,42478151.0
2018-02-20,EGIE3,37.77,96698626.0
2018-02-20,ELET3,22.88,124932896.0
2018-02-20,ELET6,27.0,131812996.0
2018-02-20,EMBR3,22.47,40465185.0
2018-02-20,ENBR3,13.4,26710437.0
2018-02-20,EQTL3,71.5,56820294.0
2018-02-20,ESTC3,33.91,97253685.0
2018-02-20,FIBR3,63.09,392132110.0
2018-02-20,FLRY3,28.39,57007409.0
2018-02-20,GGBR4,16.15,360939439.0
2018-02-20,GOAU4,7.63,171841802.0
2018-02-20,HYPE3,36.99,49243048.0
2018-02-20,IGTA3,39.98,36086814.0
2018-02-20,ITSA4,13.91,530359529.0
2018-02-20,ITUB4,51.67,886048718.0
2018-02-20,JBSS3,9.79,51871497.0
2018-02-20,KLBN11,17.65,49390359.0
2018-02-20,KROT3,16.33,149601593.0
2018-02-20,LAME4,16.15,81532686.0
2018-02-20,LREN3,34.66,72843751.0
2018-02-20,MGLU3,82.99,77767772.0
2018-02-20,MRFG3,6.06,7589397.0
2018-02-20,MRVE3,15.48,28378273.0
2018-02-20,MULT3,69.13,55744589.0
2018-02-20,NATU3,34.55,29643948.0
2018-02-20,PCAR4,67.55,214679363.0
2018-02-20,PETR3,21.68,384433474.0
2018-02-20,PETR4,20.44,1375165382.0
2018-02-20,QUAL3,29.05,67899938.0
2018-02-20,RADL3,82.25,104763549.0
2018-02-20,RAIL3,13.36,57903816.0
2018-02-20,RENT3,25.38,72709200.0
2018-02-20,SANB11,36.24,78495708.0
2018-02-20,SAPR11,55.25,47419667.0
2018-02-20,SBSP3,36.41,26538634.0
2018-02-20,SMLS3,82.1,52648536.0
2018-02-20,SUZB3,22.82,116773536.0
2018-02-20,TAEE11,20.78,26580482.0
2018-02-20,TIMP3,14.0,33841763.0
2018-02-20,UGPA3,78.68,65676901.0
2018-02-20,USIM5,12.1,148365552.0
2018-02-20,VALE3,45.51,845977795.0
2018-02-20,VIVT4,52.44,65576237.0
2018-02-20,VVAR11,25.8,71377466.0
2018-02-20,WEGE3,22.95,33527428.0
2018-02-21,ABEV3,22.4,509019285.0
2018-02-21,BBAS3,41.12,486179210.0
2018-02-21,BBDC3,37.99,68346174.0
2018-02-21,BBDC4,39.86,884087227.0
2018-02-21,BBSE3,30.85,101829590.0
2018-02-21,BRAP4,34.2,40105510.0
2018-02-21,BRFS3,30.25,141231488.0
2018-02-21,BRKM5,46.61,78571024.0
2018-02-21,BRML3,12.18,92534381.0
2018-02-21,BVMF3,26.66,664309614.0
2018-02-21,CCRO3,15.25,142885816.0
2018-02-21,CIEL3,24.67,153191716.0
2018-02-21,CMIG4,7.81,118532456.0
2018-02-21,CPFE3,23.41,27067894.0
2018-02-21,CPLE6,24.55,16244433.0
2018-02-21,CSAN3,47.8,122184512.0
2018-02-21,CSNA3,10.36,94968711.0
2018-02-21,CYRE3,15.42,31988943.0
2018-02-21,ECOR3,10.58,32482996.0
2018-02-21,EGIE3,38.05,69271364.0
2018-02-21,ELET3,23.35,279289782.0
2018-02-21,ELET6,27.35,299156196.0
2018-02-21,EMBR3,22.37,77924013.0
2018-02-21,ENBR3,13.44,31857477.0
2018-02-21,EQTL3,71.05,65045053.0
2018-02-21,ESTC3,33.32,135907951.0
2018-02-21,FIBR3,61.05,227836718.0
2018-02-21,FLRY3,28.37,35362447.0
2018-02-21,GGBR4,16.3,318745997.0
2018-02-21,GOAU4,7.84,167359289.0
2018-02-21,HYPE3,37.07,48318096.0
2018-02-21,IGTA3,40.18,91865373.0
2018-02-21,ITSA4,14.15,417595748.0
2018-02-21,ITUB4,52.35,1003820368.0
2018-02-21,JBSS3,9.99,98985415.0
2018-02-21,KLBN11,17.78,34423495.0
2018-02-21,KROT3,16.57,192457202.0
2018-02-21,LAME4,16.8,289509557.0
2018-02-21,LREN3,34.9,135614966.0
2018-02-21,MGLU3,79.54,210681607.0
2018-02-21,MRFG3,6.2,16070574.0
2018-02-21,MRVE3,15.44,44908691.0
2018-02-21,MULT3,69.36,77100409.0
2018-02-21,NATU3,34.23,40135958.0
2018-02-21,PCAR4,65.88,125266321.0
2018-02-21,PETR3,21.44,240528325.0
2018-02-21,PETR4,20.25,1148127614.0
2018-02-21,QUAL3,29.6,71033960.0
2018-02-21,RADL3,81.9,76734071.0
2018-02-21,RAIL3,13.85,216644371.0
2018-02-21,RENT3,25.25,95743622.0
2018-02-21,SANB11,36.68,173930016.0
2018-02-21,SAPR11,55.0,46317088.0
2018-02-21,SBSP3,36.6,64233589.0
2018-02-21,SMLS3,83.26,39641068.0
2018-02-21,SUZB3,22.8,163539696.0
2018-02-21,TAEE11,21.0,41222947.0
2018-02-21,TIMP3,14.09,74737845.0
2018-02-21,UGPA3,78.54,91752416.0
2018-02-21,USIM5,12.15,127993077.0
2018-02-21,VALE3,44.8,1099598850.0
2018-02-21,VIVT4,51.86,107008616.0
2018-02-21,VVAR11,26.36,103071067.0
2018-02-21,WEGE3,22.84,57347616.0
2018-02-22,ABEV3,22.42,364683066.0
2018-02-22,BBAS3,42.4,729016248.0
2018-02-22,BBDC3,38.39,37023928.0
2018-02-22,BBDC4,40.1,368685040.0
2018-02-22,BBSE3,30.55,106563839.0
2018-02-22,BRAP4,34.45,67634283.0
2018-02-22,BRFS3,30.98,158390031.0
2018-02-22,BRKM5,46.64,69866668.0
2018-02-22,BRML3,12.15,46034513.0
2018-02-22,BVMF3,26.31,553640065.0
2018-02-22,CCRO3,14.7,118475763.0
2018-02-22,CIEL3,24.02,150353783.0
2018-02-22,CMIG4,8.05,102625347.0
2018-02-22,CPFE3,23.7,18188745.0
2018-02-22,CPLE6,24.59,17510369.0
2018-02-22,CSAN3,47.08,62372569.0
2018-02-22,CSNA3,10.23,69763246.0
2018-02-22,CYRE3,15.38,30733893.0
2018-02-22,ECOR3,10.27,29688705.0
2018-02-22,EGIE3,38.2,69980462.0
2018-02-22,ELET3,23.89,104401311.0
2018-02-22,ELET6,27.95,189301394.0
2018-02-22,EMBR3,22.39,64396805.0
2018-02-22,ENBR3,13.35,18787450.0
2018-02-22,EQTL3,71.8,60198451.0
2018-02-22,ESTC3,33.79,174639963.0
2018-02-22,FIBR3,61.32,115671269.0
2018-02-22,FLRY3,28.47,38452087.0
2018-02-22,GGBR4,16.11,175283234.0
2018-02-22,GOAU4,7.82,117008554.0
2018-02-22,HYPE3,37.0,54705793.0
2018-02-22,IGTA3,39.86,37502194.0
2018-02-22,ITSA4,14.38,449788823.0
2018-02-22,ITUB4,52.64,602807356.0
2018-02-22,JBSS3,10.24,110095311.0
2018-02-22,KLBN11,17.82,31593670.0
2018-02-22,KROT3,16.31,100347601.0
2018-02-22,LAME4,16.96,97459266.0
2018-02-22,LREN3,36.23,222064210.0
2018-02-22,MGLU3,81.42,92015248.0
2018-02-22,MRFG3,6.1,7722856.0
2018-02-22,MRVE3,15.3,45425211.0
2018-02-22,MULT3,69.65,54395131.0
2018-02-22,NATU3,34.94,22146321.0
2018-02-22,PCAR4,65.03,120556794.0
2018-02-22,PETR3,22.08,184187613.0
2018-02-22,PETR4,20.74,789766435.0
2018-02-22,QUAL3,28.85,51440102.0
2018-02-22,RADL3,82.0,72003435.0
2018-02-22,RAIL3,13.75,91679275.0
2018-02-22,RENT3,25.78,139477792.0
2018-02-22,SANB11,37.25,45454171.0
2018-02-22,SAPR11,54.5,36589732.0
2018-02-22,SBSP3,36.92,38272127.0
2018-02-22,SMLS3,82.92,106103332.0
2018-02-22,SUZB3,22.15,89148533.0
2018-02-22,TAEE11,20.95,18225777.0
2018-02-22,TIMP3,13.97,46513976.0
2018-02-22,UGPA3,78.64,159911906.0
2018-02-22,USIM5,12.01,110309468.0
2018-02-22,VALE3,45.67,640345727.0
2018-02-22,VIVT4,50.93,95707723.0
2018-02-22,VVAR11,27.7,112905913.0
2018-02-22,WEGE3,22.99,43470763.0
2018-02-23,ABEV3,21.97,722732563.0
2018-02-23,BBAS3,42.4,364730403.0
2018-02-23,BBDC3,38.34,66360123.0
2018-02-23,BBDC4,40.47,345592374.0
2018-02-23,BBSE3,29.75,116425884.0
2018-02-23,BRAP4,34.82,125977401.0
2018-02-23,BRFS3,28.4,863283573.0
2018-02-23,BRKM5,47.7,63167247.0
2018-02-23,BRML3,12.33,46934382.0
2018-02-23,BVMF3,27.01,285168208.0
2018-02-23,CCRO3,13.79,334012152.0
2018-02-23,CIEL3,24.65,135510853.0
2018-02-23,CMIG4,8.25,89750951.0
2018-02-23,CPFE3,24.08,18981503.0
2018-02-23,CPLE6,25.4,32105847.0
2018-02-23,CSAN3,45.98,111724107.0
2018-02-23,CSNA3,10.26,75039203.0
2018-02-23,CYRE3,15.64,24966250.0
2018-02-23,ECOR3,10.23,35008063.0
2018-02-23,EGIE3,39.0,64196852.0
2018-02-23,ELET3,24.9,84279798.0
2018-02-23,ELET6,29.23,65565475.0
2018-02-23,EMBR3,22.6,60000073.0
2018-02-23,ENBR3,13.87,47857319.0
2018-02-23,EQTL3,70.68,93896421.0
2018-02-23,ESTC3,34.3,115587378.0
2018-02-23,FIBR3,61.07,107813186.0
2018-02-23,FLRY3,28.7,55326197.0
2018-02-23,GGBR4,16.62,159202862.0
2018-02-23,GOAU4,7.91,124530230.0
2018-02-23,HYPE3,36.96,48341913.0
2018-02-23,IGTA3,40.55,87881736.0
2018-02-23,ITSA4,13.63,311361245.0
2018-02-23,ITUB4,53.0,778072394.0
2018-02-23,JBSS3,10.3,87016218.0
2018-02-23,KLBN11,18.19,43261716.0
2018-02-23,KROT3,16.02,130525351.0
2018-02-23,LAME4,16.99,66375381.0
2018-02-23,LREN3,36.38,95656772.0
2018-02-23,MGLU3,86.99,509012411.0
2018-02-23,MRFG3,6.08,8988521.0
2018-02-23,MRVE3,15.34,50410606.0
2018-02-23,MULT3,71.6,90115346.0
2018-02-23,NATU3,35.8,56719919.0
2018-02-23,PCAR4,66.5,87238574.0
2018-02-23,PETR3,22.65,294224626.0
2018-02-23,PETR4,21.12,1168188813.0
2018-02-23,QUAL3,29.38,77234626.0
2018-02-23,RADL3,80.84,184497748.0
2018-02-23,RAIL3,14.26,98842326.0
2018-02-23,RENT3,26.19,86426235.0
2018-02-23,SANB11,38.07,58352025.0
2018-02-23,SAPR11,54.55,53553380.0
2018-02-23,SBSP3,37.57,49427462.0
2018-02-23,SMLS3,82.39,79681732.0
2018-02-23,SUZB3,22.15,63228195.0
2018-02-23,TAEE11,21.01,50792114.0
2018-02-23,TIMP3,14.23,96936909.0
2018-02-23,UGPA3,79.27,73520624.0
2018-02-23,USIM5,12.2,150096680.0
2018-02-23,VALE3,46.08,804862678.0
2018-02-23,VIVT4,52.3,125343054.0
2018-02-23,VVAR11,28.0,72053829.0
2018-02-23,WEGE3,23.85,62059810.0
2018-02-26,ABEV3,22.15,421394155.0
2018-02-26,BBAS3,43.02,300096025.0
2018-02-26,BBDC3,38.26,67399746.0
2018-02-26,BBDC4,40.47,308735757.0
2018-02-26,BBSE3,29.6,89695889.0
2018-02-26,BRAP4,35.71,44586453.0
2018-02-26,BRFS3,28.6,306734883.0
2018-02-26,BRKM5,47.2,80623131.0
2018-02-26,BRML3,12.42,94221413.0
2018-02-26,BVMF3,27.21,236435088.0
2018-02-26,CCRO3,12.41,599105194.0
2018-02-26,CIEL3,24.28,96429158.0
2018-02-26,CMIG4,8.45,107647185.0
2018-02-26,CPFE3,24.2,13535319.0
2018-02-26,CPLE6,26.28,37928145.0
2018-02-26,CSAN3,46.1,104972645.0
2018-02-26,CSNA3,10.88,118966461.0
2018-02-26,CYRE3,15.83,29129421.0
2018-02-26,ECOR3,9.79,57014263.0
2018-02-26,EGIE3,39.6,70002790.0
2018-02-26,ELET3,24.46,66056926.0
2018-02-26,ELET6,28.49,69007399.0
2018-02-26,EMBR3,22.62,79524787.0
2018-02-26,ENBR3,13.6,20838964.0
2018-02-26,EQTL3,70.33,97558755.0
2018-02-26,ESTC3,34.88,120115381.0
2018-02-26,FIBR3,61.23,70102776.0
2018-02-26,FLRY3,28.07,38213161.0
2018-02-26,GGBR4,17.03,210777864.0
2018-02-26,GOAU4,8.19,177170468.0
2018-02-26,HYPE3,35.27,95249701.0
2018-02-26,IGTA3,40.16,66884313.0
2018-02-26,ITSA4,13.65,219904015.0
2018-02-26,ITUB4,52.94,611978128.0
2018-02-26,JBSS3,9.93,100044877.0
2018-02-26,KLBN11,18.03,50779905.0
2018-02-26,KROT3,15.8,168750704.0
2018-02-26,LAME4,16.81,53610230.0
2018-02-26,LREN3,35.87,122084283.0
2018-02-26,MGLU3,94.32,274458465.0
2018-02-26,MRFG3,6.12,6645674.0
2018-02-26,MRVE3,15.5,43579716.0
2018-02-26,MULT3,71.7,73567891.0
2018-02-26,NATU3,34.75,46227410.0
2018-02-26,PCAR4,66.29,110376864.0
2018-02-26,PETR3,23.18,363254969.0
2018-02-26,PETR4,21.52,1038352034.0
2018-02-26,QUAL3,29.17,41152992.0
2018-02-26,RADL3,79.54,171500763.0
2018-02-26,RAIL3,14.36,106305126.0
2018-02-26,RENT3,26.1,106235743.0
2018-02-26,SANB11,38.25,89881398.0
2018-02-26,SAPR11,54.46,23113448.0
2018-02-26,SBSP3,37.45,37917816.0
2018-02-26,SMLS3,83.09,67239991.0
2018-02-26,SUZB3,21.59,81617797.0
2018-02-26,TAEE11,21.4,43741430.0
2018-02-26,TIMP3,14.35,49223347.0
2018-02-26,UGPA3,77.57,123859004.0
2018-02-26,USIM5,12.75,190954577.0
2018-02-26,VALE3,47.4,959852224.0
2018-02-26,VIVT4,52.42,92358186.0
2018-02-26,VVAR11,28.34,47100011.0
2018-02-26,WEGE3,24.16,63876783.0
2018-02-27,ABEV3,22.22,204992805.0
2018-02-27,BBAS3,42.6,254823926.0
2018-02-27,BBDC3,38.0,29853470.0
2018-02-27,BBDC4,40.03,272445696.0
2018-02-27,BBSE3,29.31,58729197.0
2018-02-27,BRAP4,35.51,53420988.0
2018-02-27,BRFS3,28.65,157486263.0
2018-02-27,BRKM5,46.56,46533305.0
2018-02-27,BRML3,12.07,57593573.0
2018-02-27,BVMF3,26.5,235338255.0
2018-02-27,CCRO3,12.82,856519497.0
2018-02-27,CIEL3,24.19,77030864.0
2018-02-27,CMIG4,8.39,99331635.0
2018-02-27,CPFE3,24.25,10141380.0
2018-02-27,CPLE6,25.81,25281543.0
2018-02-27,CSAN3,44.52,72341846.0
2018-02-27,CSNA3,10.64,130537491.0
2018-02-27,CYRE3,15.74,35555943.0
2018-02-27,ECOR3,10.06,112855514.0
2018-02-27,EGIE3,39.5,41214163.0
2018-02-27,ELET3,24.9,70396172.0
2018-02-27,ELET6,28.83,62658603.0
2018-02-27,EMBR3,22.84,92410062.0
2018-02-27,ENBR3,13.67,18624891.0
2018-02-27,EQTL3,71.2,72299987.0
2018-02-27,ESTC3,33.5,96411887.0
2018-02-27,FIBR3,62.5,89240514.0
2018-02-27,FLRY3,27.31,74122325.0
2018-02-27,GGBR4,16.65,176273789.0
2018-02-27,GOAU4,8.0,141319967.0
2018-02-27,HYPE3,34.9,56027248.0
2018-02-27,IGTA3,39.7,67983710.0
2018-02-27,ITSA4,13.47,141621509.0
2018-02-27,ITUB4,52.15,403787441.0
2018-02-27,JBSS3,9.88,50958701.0
2018-02-27,KLBN11,17.94,40379170.0
2018-02-27,KROT3,15.6,94933173.0
2018-02-27,LAME4,16.73,37391900.0
2018-02-27,LREN3,34.66,109895175.0
2018-02-27,MGLU3,91.5,270142394.0
2018-02-27,MRFG3,6.04,6038335.0
2018-02-27,MRVE3,15.3,41437197.0
2018-02-27,MULT3,70.84,51650914.0
2018-02-27,NATU3,35.01,26780396.0
2018-02-27,PCAR4,68.3,93183478.0
2018-02-27,PETR3,23.12,228944939.0
2018-02-27,PETR4,21.5,926711242.0
2018-02-27,QUAL3,28.55,36946630.0
2018-02-27,RADL3,77.36,119470207.0
2018-02-27,RAIL3,14.04,78472920.0
2018-02-27,RENT3,25.98,76290309.0
2018-02-27,SANB11,37.88,76878631.0
2018-02-27,SAPR11,53.43,29697866.0
2018-02-27,SBSP3,38.3,116771318.0
2018-02-27,SMLS3,82.5,52334984.0
2018-02-27,SUZB3,21.46,76879199.0
2018-02-27,TAEE11,21.18,33141448.0
2018-02-27,TIMP3,14.11,35474957.0
2018-02-27,UGPA3,76.42,67693051.0
2018-02-27,USIM5,12.65,125515713.0
2018-02-27,VALE3,47.33,709735772.0
2018-02-27,VIVT4,51.54,63688425.0
2018-02-27,VVAR11,27.66,69676683.0
2018-02-27,WEGE3,23.8,44491719.0
2018-02-28,ABEV3,22.0,1383918081.0
2018-02-28,BBAS3,41.8,326651765.0
2018-02-28,BBDC3,36.83,212706305.0
2018-02-28,BBDC4,38.77,722843617.0
2018-02-28,BBSE3,29.1,143092183.0
2018-02-28,BRAP4,34.17,62820115.0
2018-02-28,BRFS3,29.92,359072721.0
2018-02-28,BRKM5,46.44,70621471.0
2018-02-28,BRML3,11.93,72008364.0
2018-02-28,BVMF3,25.62,367161742.0
2018-02-28,CCRO3,12.7,380947094.0
2018-02-28,CIEL3,24.19,170736934.0
2018-02-28,CMIG4,8.21,112519500.0
2018-02-28,CPFE3,24.07,16435007.0
2018-02-28,CPLE6,25.35,36243267.0
2018-02-28,CSAN3,43.37,153564775.0
2018-02-28,CSNA3,10.15,107199333.0
2018-02-28,CYRE3,15.34,43268091.0
2018-02-28,ECOR3,10.05,38801670.0
2018-02-28,EGIE3,39.15,67634473.0
2018-02-28,ELET3,24.77,106228420.0
2018-02-28,ELET6,27.9,59386575.0
2018-02-28,EMBR3,21.76,174518921.0
2018-02-28,ENBR3,13.3,32132975.0
2018-02-28,EQTL3,71.6,84327842.0
2018-02-28,ESTC3,33.9,122261066.0
2018-02-28,FIBR3,61.67,134164310.0
2018-02-28,FLRY3,27.13,54047509.0
2018-02-28,GGBR4,16.62,320253748.0
2018-02-28,GOAU4,7.88,195775146.0
2018-02-28,HYPE3,34.52,69950297.0
2018-02-28,IGTA3,39.49,57035935.0
2018-02-28,ITSA4,13.12,656322922.0
2018-02-28,ITUB4,50.38,1448542111.0
2018-02-28,JBSS3,9.91,97858914.0
2018-02-28,KLBN11,17.9,68668466.0
2018-02-28,KROT3,15.5,173885913.0
2018-02-28,LAME4,16.88,103710938.0
2018-02-28,LREN3,34.52,224641199.0
2018-02-28,MGLU3,91.05,146174410.0
2018-02-28,MRFG3,5.97,8108382.0
2018-02-28,MRVE3,15.18,39531444.0
2018-02-28,MULT3,70.2,57871531.0
2018-02-28,NATU3,34.33,71849198.0
2018-02-28,PCAR4,68.49,154924139.0
2018-02-28,PETR3,23.15,816920098.0
2018-02-28,PETR4,21.46,1421662966.0
2018-02-28,QUAL3,28.75,83784665.0
2018-02-28,RADL3,77.74,104118965.0
2018-02-28,RAIL3,14.24,163732343.0
2018-02-28,RENT3,25.94,85754207.0
2018-02-28,SANB11,36.77,91924627.0
2018-02-28,SAPR11,53.5,19847315.0
2018-02-28,SBSP3,37.65,74843317.0
2018-02-28,SMLS3,84.28,104890304.0
2018-02-28,SUZB3,21.75,151411458.0
2018-02-28,TAEE11,20.5,133545177.0
2018-02-28,TIMP3,14.1,72236154.0
2018-02-28,UGPA3,75.34,141953141.0
2018-02-28,USIM5,12.32,129031683.0
2018-02-28,VALE3,45.05,1814392209.0
2018-02-28,VIVT4,50.65,122542749.0
2018-02-28,VVAR11,27.39,44070749.0
2018-02-28,WEGE3,23.41,90053155.0
2018-03-01,ABEV3,22.34,470589197.0
2018-03-01,BBAS3,42.1,303890531.0
2018-03-01,BBDC3,37.11,41728925.0
2018-03-01,BBDC4,38.99,366031027.0
2018-03-01,BBSE3,29.21,63702129.0
2018-03-01,BRAP4,33.46,67783711.0
2018-03-01,BRFS3,30.15,235718460.0
2018-03-01,BRKM5,45.97,64380385.0
2018-03-01,BRML3,11.73,78152575.0
2018-03-01,BVMF3,25.59,191736106.0
2018-03-01,CCRO3,12.58,388414642.0
2018-03-01,CIEL3,24.2,204879313.0
2018-03-01,CMIG4,8.04,79412046.0
2018-03-01,CPFE3,23.85,12706827.0
2018-03-01,CPLE6,25.41,22198945.0
2018-03-01,CSAN3,44.29,70175739.0
2018-03-01,CSNA3,9.7,130219174.0
2018-03-01,CYRE3,15.2,28010575.0
2018-03-01,ECOR3,9.23,127522381.0
2018-03-01,EGIE3,39.31,45163888.0
2018-03-01,ELET3,24.17,73973730.0
2018-03-01,ELET6,27.9,45022051.0
2018-03-01,EMBR3,21.6,42175355.0
2018-03-01,ENBR3,13.55,37052303.0
2018-03-01,EQTL3,71.25,48498421.0
2018-03-01,ESTC3,33.65,85529390.0
2018-03-01,FIBR3,61.44,83268776.0
2018-03-01,FLRY3,27.31,68607029.0
2018-03-01,GGBR4,17.15,454361333.0
2018-03-01,GOAU4,7.98,266496847.0
2018-03-01,HYPE3,34.99,47394353.0
2018-03-01,IGTA3,39.02,31422717.0
2018-03-01,ITSA4,13.33,239936600.0
2018-03-01,ITUB4,51.11,755876133.0
2018-03-01,JBSS3,9.95,57892615.0
2018-03-01,KLBN11,17.85,31054239.0
2018-03-01,KROT3,15.51,66502061.0
2018-03-01,LAME4,17.12,133825677.0
2018-03-01,LREN3,34.7,94827259.0
2018-03-01,MGLU3,92.18,151824691.0
2018-03-01,MRFG3,6.1,8563765.0
2018-03-01,MRVE3,15.28,35871966.0
2018-03-01,MULT3,69.25,58606066.0
2018-03-01,NATU3,34.88,25341082.0
2018-03-01,PCAR4,68.63,62919817.0
2018-03-01,PETR3,22.77,216932229.0
2018-03-01,PETR4,21.03,1403548709.0
2018-03-01,QUAL3,28.7,53511540.0
2018-03-01,RADL3,79.21,81464665.0
2018-03-01,RAIL3,13.7,103653496.0
2018-03-01,RENT3,25.7,65999621.0
2018-03-01,SANB11,36.57,72199326.0
2018-03-01,SAPR11,53.3,15437184.0
2018-03-01,SBSP3,38.21,74481743.0
2018-03-01,SMLS3,84.8,44502513.0
2018-03-01,SUZB3,21.26,67429965.0
2018-03-01,TAEE11,20.45,42863765.0
2018-03-01,TIMP3,14.03,38989913.0
2018-03-01,UGPA3,74.2,128644114.0
2018-03-01,USIM5,11.8,273729279.0
2018-03-01,VALE3,44.45,1153189602.0
2018-03-01,VIVT4,51.88,83223778.0
2018-03-01,VVAR11,28.18,52848663.0
2018-03-01,WEGE3,23.28,76098148.0
2018-03-02,ABEV3,22.58,307798319.0
2018-03-02,BBAS3,42.2,237846539.0
2018-03-02,BBDC3,37.54,37884641.0
2018-03-02,BBDC4,39.22,288421284.0
2018-03-02,BBSE3,29.2,53670129.0
2018-03-02,BRAP4,32.98,45021752.0
2018-03-02,BRFS3,30.84,129872087.0
2018-03-02,BRKM5,46.35,51521072.0
2018-03-02,BRML3,11.78,47681310.0
2018-03-02,BVMF3,25.88,275849878.0
2018-03-02,CCRO3,12.6,194914319.0
2018-03-02,CIEL3,23.89,81655915.0
2018-03-02,CMIG4,8.25,107123465.0
2018-03-02,CPFE3,24.15,15035302.0
2018-03-02,CPLE6,25.45,34808065.0
2018-03-02,CSAN3,44.3,55394786.0
2018-03-02,CSNA3,9.21,209804196.0
2018-03-02,CYRE3,15.31,31269063.0
2018-03-02,ECOR3,9.17,126677397.0
2018-03-02,EGIE3,39.15,58372682.0
2018-03-02,ELET3,24.71,42197999.0
2018-03-02,ELET6,28.54,37479575.0
2018-03-02,EMBR3,21.5,41830275.0
2018-03-02,ENBR3,13.83,16017408.0
2018-03-02,EQTL3,72.2,59650272.0
2018-03-02,ESTC3,33.15,110987030.0
2018-03-02,FIBR3,61.93,108496488.0
2018-03-02,FLRY3,28.5,133265190.0
2018-03-02,GGBR4,16.9,304363492.0
2018-03-02,GOAU4,7.79,254852842.0
2018-03-02,HYPE3,35.41,43765883.0
2018-03-02,IGTA3,40.0,42073193.0
2018-03-02,ITSA4,13.44,253869654.0
2018-03-02,ITUB4,51.38,528792589.0
2018-03-02,JBSS3,10.0,47056820.0
2018-03-02,KLBN11,17.85,37838527.0
2018-03-02,KROT3,15.32,76153335.0
2018-03-02,LAME4,17.34,64723512.0
2018-03-02,LREN3,35.3,101599426.0
2018-03-02,MGLU3,92.84,118143771.0
2018-03-02,MRFG3,6.32,8999413.0
2018-03-02,MRVE3,15.28,38109043.0
2018-03-02,MULT3,70.14,64898755.0
2018-03-02,NATU3,34.64,22307666.0
2018-03-02,PCAR4,69.0,46641175.0
2018-03-02,PETR3,23.18,196015278.0
2018-03-02,PETR4,21.51,1105575989.0
2018-03-02,QUAL3,28.61,49981681.0
2018-03-02,RADL3,79.1,76122416.0
2018-03-02,RAIL3,13.8,122222352.0
2018-03-02,RENT3,25.87,59014019.0
2018-03-02,SANB11,36.61,32211100.0
2018-03-02,SAPR11,54.08,40575638.0
2018-03-02,SBSP3,37.71,94097862.0
2018-03-02,SMLS3,83.5,37315811.0
2018-03-02,SUZB3,21.8,89058090.0
2018-03-02,TAEE11,20.8,24814866.0
2018-03-02,TIMP3,14.01,24388697.0
2018-03-02,UGPA3,73.25,105977053.0
2018-03-02,USIM5,11.34,316128155.0
2018-03-02,VALE3,43.75,1092848534.0
2018-03-02,VIVT4,51.63,56083249.0
2018-03-02,VVAR11,27.69,53420122.0
2018-03-02,WEGE3,23.15,39022617.0
2018-03-05,ABEV3,22.52,304016752.0
2018-03-05,BBAS3,42.55,256458995.0
2018-03-05,BBDC3,38.05,41866864.0
2018-03-05,BBDC4,39.48,279665414.0
2018-03-05,BBSE3,29.42,58663643.0
2018-03-05,BRAP4,32.58,35114969.0
2018-03-05,BRFS3,24.75,1201960682.0
2018-03-05,BRKM5,46.06,39987212.0
2018-03-05,BRML3,11.82,32460775.0
2018-03-05,BVMF3,26.2,182490609.0
2018-03-05,CCRO3,12.49,137545372.0
2018-03-05,CIEL3,24.05,101685915.0
2018-03-05,CMIG4,8.23,44247862.0
2018-03-05,CPFE3,24.2,11819949.0
2018-03-05,CPLE6,25.46,15106956.0
2018-03-05,CSAN3,43.89,59831513.0
2018-03-05,CSNA3,9.08,109795176.0
2018-03-05,CYRE3,15.54,19392972.0
2018-03-05,ECOR3,9.09,31202427.0
2018-03-05,EGIE3,39.25,26696579.0
2018-03-05,ELET3,24.67,42467110.0
2018-03-05,ELET6,28.78,32374703.0
2018-03-05,EMBR3,21.62,31225711.0
2018-03-05,ENBR3,13.82,23082066.0
2018-03-05,EQTL3,72.87,70360246.0
2018-03-05,ESTC3,33.2,94185175.0
2018-03-05,FIBR3,61.57,66764631.0
2018-03-05,FLRY3,28.9,67302899.0
2018-03-05,GGBR4,17.07,201149496.0
2018-03-05,GOAU4,7.9,167580189.0
2018-03-05,HYPE3,36.28,60549265.0
2018-03-05,IGTA3,39.64,31148603.0
2018-03-05,ITSA4,13.8,182630675.0
2018-03-05,ITUB4,52.11,447451767.0
2018-03-05,JBSS3,9.5,92145704.0
2018-03-05,KLBN11,17.85,20479674.0
2018-03-05,KROT3,15.7,148546901.0
2018-03-05,LAME4,17.49,111531546.0
2018-03-05,LREN3,34.91,75257985.0
2018-03-05,MGLU3,90.4,107413008.0
2018-03-05,MRFG3,6.26,10414728.0
2018-03-05,MRVE3,15.28,34616312.0
2018-03-05,MULT3,70.3,42719449.0
2018-03-05,NATU3,33.85,41252394.0
2018-03-05,PCAR4,68.13,51416527.0
2018-03-05,PETR3,23.84,207090163.0
2018-03-05,PETR4,22.12,1186116212.0
2018-03-05,QUAL3,28.6,25522579.0
2018-03-05,RADL3,78.3,63955093.0
2018-03-05,RAIL3,13.6,72535766.0
2018-03-05,RENT3,26.03,43487983.0
2018-03-05,SANB11,36.81,38258384.0
2018-03-05,SAPR11,54.0,43764401.0
2018-03-05,SBSP3,37.92,74542852.0
2018-03-05,SMLS3,80.51,59674545.0
2018-03-05,SUZB3,21.42,49052194.0
2018-03-05,TAEE11,20.57,17271403.0
2018-03-05,TIMP3,14.11,27311999.0
2018-03-05,UGPA3,72.5,77663686.0
2018-03-05,USIM5,11.14,172615039.0
2018-03-05,VALE3,43.7,700589321.0
2018-03-05,VIVT4,52.45,48157426.0
2018-03-05,VVAR11,27.56,24971935.0
2018-03-05,WEGE3,22.76,36311513.0
2018-03-06,ABEV3,22.77,384963819.0
2018-03-06,BBAS3,43.49,651512986.0
2018-03-06,BBDC3,38.45,47580331.0
2018-03-06,BBDC4,39.55,311125505.0
2018-03-06,BBSE3,29.5,59403748.0
2018-03-06,BRAP4,32.5,73132034.0
2018-03-06,BRFS3,24.14,550639362.0
2018-03-06,BRKM5,46.79,40425849.0
2018-03-06,BRML3,11.71,35507143.0
2018-03-06,BVMF3,26.25,186231512.0
2018-03-06,CCRO3,12.11,160855237.0
2018-03-06,CIEL3,23.62,128046156.0
2018-03-06,CMIG4,8.11,66762127.0
2018-03-06,CPFE3,24.23,16096362.0
2018-03-06,CPLE6,25.0,20278526.0
2018-03-06,CSAN3,44.31,49618261.0
2018-03-06,CSNA3,9.08,86547586.0
2018-03-06,CYRE3,15.5,26094227.0
2018-03-06,ECOR3,8.91,34505512.0
2018-03-06,EGIE3,38.66,44821962.0
2018-03-06,ELET3,24.4,64869434.0
2018-03-06,ELET6,28.37,31304313.0
2018-03-06,EMBR3,21.03,40391564.0
2018-03-06,ENBR3,13.64,19885992.0
2018-03-06,EQTL3,72.43,95919587.0
2018-03-06,ESTC3,32.58,81608758.0
2018-03-06,FIBR3,62.56,74809418.0
2018-03-06,FLRY3,28.55,32713170.0
2018-03-06,GGBR4,16.32,299534352.0
2018-03-06,GOAU4,7.65,171115502.0
2018-03-06,HYPE3,35.6,75024319.0
2018-03-06,IGTA3,39.33,21861889.0
2018-03-06,ITSA4,13.74,185523703.0
2018-03-06,ITUB4,51.92,473746958.0
2018-03-06,JBSS3,9.46,87133727.0
2018-03-06,KLBN11,17.84,28496161.0
2018-03-06,KROT3,15.37,104672597.0
2018-03-06,LAME4,16.86,117565434.0
2018-03-06,LREN3,34.5,78617518.0
2018-03-06,MGLU3,89.18,95852119.0
2018-03-06,MRFG3,5.99,9784976.0
2018-03-06,MRVE3,15.13,47188244.0
2018-03-06,MULT3,68.7,55472705.0
2018-03-06,NATU3,33.26,52359938.0
2018-03-06,PCAR4,67.83,29667408.0
2018-03-06,PETR3,23.68,295852089.0
2018-03-06,PETR4,21.9,1269989464.0
2018-03-06,QUAL3,28.68,29838264.0
2018-03-06,RADL3,77.19,62383011.0
2018-03-06,RAIL3,13.25,78474061.0
2018-03-06,RENT3,26.45,86311371.0
2018-03-06,SANB11,36.49,48404519.0
2018-03-06,SAPR11,54.1,11137800.0
2018-03-06,SBSP3,37.45,51358661.0
2018-03-06,SMLS3,80.0,61061490.0
2018-03-06,SUZB3,21.65,41149655.0
2018-03-06,TAEE11,20.45,15034019.0
2018-03-06,TIMP3,14.06,54140731.0
2018-03-06,UGPA3,72.58,70601040.0
2018-03-06,USIM5,11.6,193975772.0
2018-03-06,VALE3,43.49,989744833.0
2018-03-06,VIVT4,51.95,60519060.0
2018-03-06,VVAR11,27.1,47834936.0
2018-03-06,WEGE3,22.72,35104415.0
2018-03-07,ABEV3,23.07,311679077.0
2018-03-07,BBAS3,43.19,340562653.0
2018-03-07,BBDC3,37.25,61995029.0
2018-03-07,BBDC4,38.85,341571396.0
2018-03-07,BBSE3,29.05,113226326.0
2018-03-07,BRAP4,32.23,99258163.0
2018-03-07,BRFS3,25.16,547727484.0
2018-03-07,BRKM5,46.66,55462205.0
2018-03-07,BRML3,11.72,41662690.0
2018-03-07,BVMF3,26.15,189446013.0
2018-03-07,CCRO3,12.27,70123200.0
2018-03-07,CIEL3,23.9,108147104.0
2018-03-07,CMIG4,8.26,61069716.0
2018-03-07,CPFE3,24.17,8211468.0
2018-03-07,CPLE6,25.06,15332372.0
2018-03-07,CSAN3,44.14,51740072.0
2018-03-07,CSNA3,9.05,95069669.0
2018-03-07,CYRE3,15.41,18618480.0
2018-03-07,ECOR3,8.71,42017822.0
2018-03-07,EGIE3,39.06,44874135.0
2018-03-07,ELET3,23.65,59846072.0
2018-03-07,ELET6,27.09,50015994.0
2018-03-07,EMBR3,21.43,50823497.0
2018-03-07,ENBR3,13.59,17844482.0
2018-03-07,EQTL3,72.7,44050363.0
2018-03-07,ESTC3,31.42,174005515.0
2018-03-07,FIBR3,63.1,97875329.0
2018-03-07,FLRY3,28.77,72805082.0
2018-03-07,GGBR4,16.73,237747116.0
2018-03-07,GOAU4,7.81,140800019.0
2018-03-07,HYPE3,36.5,53667600.0
2018-03-07,IGTA3,39.63,31279000.0
2018-03-07,ITSA4,13.7,203110422.0
2018-03-07,ITUB4,51.85,501031106.0
2018-03-07,JBSS3,9.41,59306814.0
2018-03-07,KLBN11,18.17,29308969.0
2018-03-07,KROT3,15.12,89725498.0
2018-03-07,LAME4,16.58,109891301.0
2018-03-07,LREN3,34.6,115366233.0
2018-03-07,MGLU3,90.03,62702577.0
2018-03-07,MRFG3,5.78,15101934.0
2018-03-07,MRVE3,14.93,52100354.0
2018-03-07,MULT3,68.69,43952827.0
2018-03-07,NATU3,33.41,69775962.0
2018-03-07,PCAR4,67.7,33862623.0
2018-03-07,PETR3,23.36,234516191.0
2018-03-07,PETR4,21.67,1100410666.0
2018-03-07,QUAL3,28.7,34609360.0
2018-03-07,RADL3,79.68,126497672.0
2018-03-07,RAIL3,13.5,60897454.0
2018-03-07,RENT3,26.25,178165214.0
2018-03-07,SANB11,36.6,52620077.0
2018-03-07,SAPR11,54.0,11878985.0
2018-03-07,SBSP3,37.75,42885477.0
2018-03-07,SMLS3,72.1,413857150.0
2018-03-07,SUZB3,21.96,54007102.0
2018-03-07,TAEE11,20.45,25512714.0
2018-03-07,TIMP3,14.52,93934945.0
2018-03-07,UGPA3,72.92,80376639.0
2018-03-07,USIM5,11.27,150016011.0
2018-03-07,VALE3,42.85,822752989.0
2018-03-07,VIVT4,52.28,59455321.0
2018-03-07,VVAR11,26.95,54552314.0
2018-03-07,WEGE3,22.57,50942569.0
2018-03-08,ABEV3,23.3,388100475.0
2018-03-08,BBAS3,43.42,391628110.0
2018-03-08,BBDC3,36.65,37059114.0
2018-03-08,BBDC4,38.34,382594361.0
2018-03-08,BBSE3,28.8,96943999.0
2018-03-08,BRAP4,31.15,93874853.0
2018-03-08,BRFS3,25.03,226538590.0
2018-03-08,BRKM5,46.64,40658476.0
2018-03-08,BRML3,11.72,55780154.0
2018-03-08,BVMF3,26.09,241267022.0
2018-03-08,CCRO3,12.35,116443236.0
2018-03-08,CIEL3,23.85,96636855.0
2018-03-08,CMIG4,8.49,181199891.0
2018-03-08,CPFE3,24.2,27137223.0
2018-03-08,CPLE6,25.59,14852244.0
2018-03-08,CSAN3,43.55,27351390.0
2018-03-08,CSNA3,8.59,91919877.0
2018-03-08,CYRE3,15.06,29206143.0
2018-03-08,ECOR3,8.77,26462030.0
2018-03-08,EGIE3,39.11,23858862.0
2018-03-08,ELET3,23.23,81160257.0
2018-03-08,ELET6,26.31,67326802.0
2018-03-08,EMBR3,20.75,146626295.0
2018-03-08,ENBR3,13.57,11058547.0
2018-03-08,EQTL3,73.0,54264290.0
2018-03-08,ESTC3,31.7,89452174.0
2018-03-08,FIBR3,67.22,272992854.0
2018-03-08,FLRY3,28.96,33703606.0
2018-03-08,GGBR4,16.03,233627782.0
2018-03-08,GOAU4,7.61,155148530.0
2018-03-08,HYPE3,37.14,72887340.0
2018-03-08,IGTA3,39.56,49014493.0
2018-03-08,ITSA4,13.61,173304661.0
2018-03-08,ITUB4,51.49,475711983.0
2018-03-08,JBSS3,9.35,49644727.0
2018-03-08,KLBN11,18.32,49231309.0
2018-03-08,KROT3,14.62,226718139.0
2018-03-08,LAME4,16.85,226061033.0
2018-03-08,LREN3,34.65,112535286.0
2018-03-08,MGLU3,88.24,155242871.0
2018-03-08,MRFG3,5.76,3668733.0
2018-03-08,MRVE3,14.94,206240841.0
2018-03-08,MULT3,68.64,42945681.0
2018-03-08,NATU3,33.25,18197108.0
2018-03-08,PCAR4,67.2,31948133.0
2018-03-08,PETR3,23.39,131917632.0
2018-03-08,PETR4,21.7,781665055.0
2018-03-08,QUAL3,27.32,99621859.0
2018-03-08,RADL3,78.8,73749145.0
2018-03-08,RAIL3,13.33,44235890.0
2018-03-08,RENT3,27.65,368614498.0
2018-03-08,SANB11,36.47,35981168.0
2018-03-08,SAPR11,54.0,13560592.0
2018-03-08,SBSP3,37.63,40651168.0
2018-03-08,SMLS3,70.0,166215808.0
2018-03-08,SUZB3,22.76,164397175.0
2018-03-08,TAEE11,20.45,19088911.0
2018-03-08,TIMP3,14.45,48714950.0
2018-03-08,UGPA3,72.72,100447141.0
2018-03-08,USIM5,11.03,170634521.0
2018-03-08,VALE3,41.46,833431667.0
2018-03-08,VIVT4,52.31,49643177.0
2018-03-08,VVAR11,26.64,39545067.0
2018-03-08,WEGE3,22.45,27403810.0
2018-03-09,ABEV3,23.44,255894973.0
2018-03-09,BBAS3,43.71,400706632.0
2018-03-09,BBDC3,37.5,41425034.0
2018-03-09,BBDC4,39.16,411538673.0
2018-03-09,BBSE3,29.47,54283236.0
2018-03-09,BRAP4,31.57,31922497.0
2018-03-09,BRFS3,26.56,251137725.0
2018-03-09,BRKM5,47.8,60142181.0
2018-03-09,BRML3,11.87,25556416.0
2018-03-09,BVMF3,27.0,175619987.0
2018-03-09,CCRO3,12.49,83292625.0
2018-03-09,CIEL3,22.98,206043738.0
2018-03-09,CMIG4,8.37,111260918.0
2018-03-09,CPFE3,24.46,24247063.0
2018-03-09,CPLE6,26.11,16074849.0
2018-03-09,CSAN3,45.14,76635866.0
2018-03-09,CSNA3,8.93,96141934.0
2018-03-09,CYRE3,15.27,24758395.0
2018-03-09,ECOR3,9.09,34224413.0
2018-03-09,EGIE3,39.15,24058938.0
2018-03-09,ELET3,23.9,63002922.0
2018-03-09,ELET6,26.94,41657215.0
2018-03-09,EMBR3,22.2,91219553.0
2018-03-09,ENBR3,13.75,38238139.0
2018-03-09,EQTL3,71.7,80369149.0
2018-03-09,ESTC3,31.61,109437900.0
2018-03-09,FIBR3,67.56,197624231.0
2018-03-09,FLRY3,28.74,53451062.0
2018-03-09,GGBR4,16.13,247810467.0
2018-03-09,GOAU4,7.57,149761976.0
2018-03-09,HYPE3,37.0,86155780.0
2018-03-09,IGTA3,39.85,33427353.0
2018-03-09,ITSA4,13.73,187112771.0
2018-03-09,ITUB4,52.2,472464465.0
2018-03-09,JBSS3,9.77,88754096.0
2018-03-09,KLBN11,18.32,38037442.0
2018-03-09,KROT3,14.55,314828222.0
2018-03-09,LAME4,17.14,81124387.0
2018-03-09,LREN3,35.82,123087578.0
2018-03-09,MGLU3,90.7,208226800.0
2018-03-09,MRFG3,5.99,5771981.0
2018-03-09,MRVE3,15.43,66909431.0
2018-03-09,MULT3,69.4,38893306.0
2018-03-09,NATU3,33.42,31274483.0
2018-03-09,PCAR4,68.0,36699739.0
2018-03-09,PETR3,24.0,160862747.0
2018-03-09,PETR4,22.39,1005065839.0
2018-03-09,QUAL3,26.81,79217443.0
2018-03-09,RADL3,79.8,81309850.0
2018-03-09,RAIL3,13.4,79498409.0
2018-03-09,RENT3,29.4,157636371.0
2018-03-09,SANB11,36.84,36032893.0
2018-03-09,SAPR11,55.35,73879657.0
2018-03-09,SBSP3,38.1,57998328.0
2018-03-09,SMLS3,68.87,115996371.0
2018-03-09,SUZB3,23.14,98351329.0
2018-03-09,TAEE11,20.7,19019259.0
2018-03-09,TIMP3,14.64,68025990.0
2018-03-09,UGPA3,74.28,84559423.0
2018-03-09,USIM5,11.18,157346792.0
2018-03-09,VALE3,42.1,878310594.0
2018-03-09,VIVT4,52.01,84915476.0
2018-03-09,VVAR11,27.0,33697562.0
2018-03-09,WEGE3,23.0,31912754.0
2018-03-12,ABEV3,23.98,444199220.0
2018-03-12,BBAS3,43.48,378830203.0
2018-03-12,BBDC3,37.95,27311642.0
2018-03-12,BBDC4,39.47,258286482.0
2018-03-12,BBSE3,29.43,63188172.0
2018-03-12,BRAP4,32.01,17002727.0
2018-03-12,BRFS3,26.92,198974507.0
2018-03-12,BRKM5,48.2,34844937.0
2018-03-12,BRML3,11.82,34858338.0
2018-03-12,BVMF3,26.97,154286355.0
2018-03-12,CCRO3,12.5,91685394.0
2018-03-12,CIEL3,22.85,195038709.0
2018-03-12,CMIG4,8.45,49853273.0
2018-03-12,CPFE3,24.57,14270081.0
2018-03-12,CPLE6,26.88,21897111.0
2018-03-12,CSAN3,44.78,29343169.0
2018-03-12,CSNA3,9.02,51524713.0
2018-03-12,CYRE3,15.5,41042660.0
2018-03-12,ECOR3,8.94,46383863.0
2018-03-12,EGIE3,39.37,21726140.0
2018-03-12,ELET3,24.88,48612444.0
2018-03-12,ELET6,28.15,45817709.0
2018-03-12,EMBR3,21.97,56912363.0
2018-03-12,ENBR3,13.92,15288508.0
2018-03-12,EQTL3,72.5,58917611.0
2018-03-12,ESTC3,32.01,62818530.0
2018-03-12,FIBR3,69.55,263092737.0
2018-03-12,FLRY3,28.61,30759294.0
2018-03-12,GGBR4,16.4,132888746.0
2018-03-12,GOAU4,7.66,75348300.0
2018-03-12,HYPE3,37.3,64535595.0
2018-03-12,IGTA3,40.0,27175112.0
2018-03-12,ITSA4,13.86,139601321.0
2018-03-12,ITUB4,52.79,353734050.0
2018-03-12,JBSS3,10.18,63453056.0
2018-03-12,KLBN11,18.55,38867379.0
2018-03-12,KROT3,14.68,164012886.0
2018-03-12,LAME4,16.97,72946411.0
2018-03-12,LREN3,35.92,68293335.0
2018-03-12,MGLU3,92.58,111760028.0
2018-03-12,MRFG3,6.07,3790636.0
2018-03-12,MRVE3,15.78,45584539.0
2018-03-12,MULT3,69.3,53004883.0
2018-03-12,NATU3,33.31,19061506.0
2018-03-12,PCAR4,68.4,36542879.0
2018-03-12,PETR3,23.9,116786163.0
2018-03-12,PETR4,22.33,724976554.0
2018-03-12,QUAL3,26.67,28666464.0
2018-03-12,RADL3,78.66,75034892.0
2018-03-12,RAIL3,13.56,51781380.0
2018-03-12,RENT3,29.7,107375323.0
2018-03-12,SANB11,37.25,42960464.0
2018-03-12,SAPR11,56.43,50307586.0
2018-03-12,SBSP3,37.87,108727858.0
2018-03-12,SMLS3,71.1,246529804.0
2018-03-12,SUZB3,22.11,195098828.0
2018-03-12,TAEE11,20.89,28132002.0
2018-03-12,TIMP3,14.69,55899370.0
2018-03-12,UGPA3,73.48,72701328.0
2018-03-12,USIM5,11.35,88137135.0
2018-03-12,VALE3,42.46,501437606.0
2018-03-12,VIVT4,51.36,93992773.0
2018-03-12,VVAR11,27.28,23794793.0
2018-03-12,WEGE3,22.9,23037196.0
2018-03-13,ABEV3,23.96,212236172.0
2018-03-13,BBAS3,42.85,365343801.0
2018-03-13,BBDC3,37.41,41797363.0
2018-03-13,BBDC4,38.9,313763647.0
2018-03-13,BBSE3,29.04,80965707.0
2018-03-13,BRAP4,31.9,53922037.0
2018-03-13,BRFS3,26.97,101777910.0
2018-03-13,BRKM5,47.92,46304574.0
2018-03-13,BRML3,11.76,50392245.0
2018-03-13,BVMF3,26.91,126400969.0
2018-03-13,CCRO3,12.74,123484503.0
2018-03-13,CIEL3,23.3,106714239.0
2018-03-13,CMIG4,8.19,144677961.0
2018-03-13,CPFE3,24.51,8665774.0
2018-03-13,CPLE6,27.03,38827200.0
2018-03-13,CSAN3,43.3,51999463.0
2018-03-13,CSNA3,8.87,53248033.0
2018-03-13,CYRE3,15.37,47189863.0
2018-03-13,ECOR3,8.93,19248450.0
2018-03-13,EGIE3,38.5,40315583.0
2018-03-13,ELET3,24.48,65670872.0
2018-03-13,ELET6,27.6,25733376.0
2018-03-13,EMBR3,21.72,81005227.0
2018-03-13,ENBR3,13.77,12175913.0
2018-03-13,EQTL3,71.12,69499961.0
2018-03-13,ESTC3,33.1,124256281.0
2018-03-13,FIBR3,69.23,341374878.0
2018-03-13,FLRY3,27.96,34764262.0
2018-03-13,GGBR4,16.29,100908141.0
2018-03-13,GOAU4,7.62,92913345.0
2018-03-13,HYPE3,37.45,69664358.0
2018-03-13,IGTA3,39.79,29858048.0
2018-03-13,ITSA4,13.77,125561060.0
2018-03-13,ITUB4,52.36,333099216.0
2018-03-13,JBSS3,10.4,80724562.0
2018-03-13,KLBN11,18.99,79761220.0
2018-03-13,KROT3,14.91,93448780.0
2018-03-13,LAME4,17.05,69572565.0
2018-03-13,LREN3,35.47,165078624.0
2018-03-13,MGLU3,91.55,136313473.0
2018-03-13,MRFG3,6.1,6679434.0
2018-03-13,MRVE3,16.22,95525766.0
2018-03-13,MULT3,69.03,45325019.0
2018-03-13,NATU3,33.3,26337515.0
2018-03-13,PCAR4,67.42,41597471.0
2018-03-13,PETR3,23.67,127737958.0
2018-03-13,PETR4,22.11,774057202.0
2018-03-13,QUAL3,26.82,40435164.0
2018-03-13,RADL3,79.62,103795890.0
2018-03-13,RAIL3,13.45,73698718.0
2018-03-13,RENT3,28.8,209130331.0
2018-03-13,SANB11,36.73,53133940.0
2018-03-13,SAPR11,57.22,49668126.0
2018-03-13,SBSP3,38.36,45742010.0
2018-03-13,SMLS3,71.87,165383831.0
2018-03-13,SUZB3,22.75,105388863.0
2018-03-13,TAEE11,20.7,16617038.0
2018-03-13,TIMP3,14.7,47746184.0
2018-03-13,UGPA3,72.94,86461396.0
2018-03-13,USIM5,11.24,94713304.0
2018-03-13,VALE3,42.13,585838406.0
2018-03-13,VIVT4,50.46,87455810.0
2018-03-13,VVAR11,27.23,30211479.0
2018-03-13,WEGE3,22.7,41486035.0
2018-03-14,ABEV3,24.27,207390004.0
2018-03-14,BBAS3,42.48,632973922.0
2018-03-14,BBDC3,37.2,28858860.0
2018-03-14,BBDC4,38.69,291317225.0
2018-03-14,BBSE3,28.77,52419494.0
2018-03-14,BRAP4,31.9,41190224.0
2018-03-14,BRFS3,26.41,115833930.0
2018-03-14,BRKM5,47.21,21818961.0
2018-03-14,BRML3,11.81,55476606.0
2018-03-14,BVMF3,26.44,169251202.0
2018-03-14,CCRO3,12.65,90980067.0
2018-03-14,CIEL3,22.95,79295379.0
2018-03-14,CMIG4,8.0,84289123.0
2018-03-14,CPFE3,24.3,13117178.0
2018-03-14,CPLE6,26.6,11468157.0
2018-03-14,CSAN3,43.27,26800349.0
2018-03-14,CSNA3,8.81,50380858.0
2018-03-14,CYRE3,15.25,23200252.0
2018-03-14,ECOR3,8.85,17164700.0
2018-03-14,EGIE3,38.3,27861838.0
2018-03-14,ELET3,22.8,117082975.0
2018-03-14,ELET6,25.57,104001585.0
2018-03-14,EMBR3,21.12,44766470.0
2018-03-14,ENBR3,13.6,18250930.0
2018-03-14,EQTL3,70.0,97678849.0
2018-03-14,ESTC3,33.7,89807625.0
2018-03-14,FIBR3,71.75,197098860.0
2018-03-14,FLRY3,27.16,62566731.0
2018-03-14,GGBR4,16.05,111952622.0
2018-03-14,GOAU4,7.64,83462799.0
2018-03-14,HYPE3,37.67,51962978.0
2018-03-14,IGTA3,39.85,23643458.0
2018-03-14,ITSA4,13.63,121490863.0
2018-03-14,ITUB4,51.19,578765100.0
2018-03-14,JBSS3,10.13,43774298.0
2018-03-14,KLBN11,19.0,101845567.0
2018-03-14,KROT3,15.08,90771915.0
2018-03-14,LAME4,17.17,88204129.0
2018-03-14,LREN3,35.37,26635674.0
2018-03-14,MGLU3,89.7,123299627.0
2018-03-14,MRFG3,6.01,7858938.0
2018-03-14,MRVE3,16.65,51032066.0
2018-03-14,MULT3,68.5,42330334.0
2018-03-14,NATU3,32.62,40698643.0
2018-03-14,PCAR4,67.0,51100909.0
2018-03-14,PETR3,23.61,149601297.0
2018-03-14,PETR4,22.38,712087657.0
2018-03-14,QUAL3,25.96,45081378.0
2018-03-14,RADL3,79.01,81483775.0
2018-03-14,RAIL3,13.58,65523840.0
2018-03-14,RENT3,28.36,88867759.0
2018-03-14,SANB11,37.17,37264391.0
2018-03-14,SAPR11,57.32,42437188.0
2018-03-14,SBSP3,38.13,27608521.0
2018-03-14,SMLS3,72.48,70220376.0
2018-03-14,SUZB3,24.0,133359535.0
2018-03-14,TAEE11,20.6,30099280.0
2018-03-14,TIMP3,14.74,24921450.0
2018-03-14,UGPA3,72.87,41392108.0
2018-03-14,USIM5,11.34,75586281.0
2018-03-14,VALE3,42.6,769953477.0
2018-03-14,VIVT4,50.43,72523647.0
2018-03-14,VVAR11,26.73,41208049.0
2018-03-14,WEGE3,23.05,20608878.0
2018-03-15,ABEV3,23.88,486776813.0
2018-03-15,BBAS3,42.39,368773166.0
2018-03-15,BBDC3,36.36,67233734.0
2018-03-15,BBDC4,38.13,508450545.0
2018-03-15,BBSE3,27.94,111507840.0
2018-03-15,BRAP4,31.98,26979343.0
2018-03-15,BRFS3,25.27,197338172.0
2018-03-15,BRKM5,47.26,60730954.0
2018-03-15,BRML3,11.55,73219724.0
2018-03-15,BVMF3,26.0,208860928.0
2018-03-15,CCRO3,12.13,132620721.0
2018-03-15,CIEL3,21.92,142106624.0
2018-03-15,CMIG4,8.2,117095788.0
2018-03-15,CPFE3,24.07,9916620.0
2018-03-15,CPLE6,26.79,12503784.0
2018-03-15,CSAN3,42.76,37017119.0
2018-03-15,CSNA3,8.53,59000025.0
2018-03-15,CYRE3,15.15,36703968.0
2018-03-15,ECOR3,8.76,17950676.0
2018-03-15,EGIE3,37.99,39765935.0
2018-03-15,ELET3,22.7,57366275.0
2018-03-15,ELET6,25.45,34934593.0
2018-03-15,EMBR3,20.82,64949365.0
2018-03-15,ENBR3,13.68,24427187.0
2018-03-15,EQTL3,69.15,80526275.0
2018-03-15,ESTC3,33.4,93501567.0
2018-03-15,FIBR3,71.56,229302190.0
2018-03-15,FLRY3,27.28,27971997.0
2018-03-15,GGBR4,15.54,244376868.0
2018-03-15,GOAU4,7.43,144413403.0
2018-03-15,HYPE3,36.96,69029533.0
2018-03-15,IGTA3,39.57,42301173.0
2018-03-15,ITSA4,13.57,250680179.0
2018-03-15,ITUB4,51.43,669313381.0
2018-03-15,JBSS3,9.8,51330365.0
2018-03-15,KLBN11,18.67,34972604.0
2018-03-15,KROT3,14.91,105314350.0
2018-03-15,LAME4,17.21,49793331.0
2018-03-15,LREN3,35.45,103431286.0
2018-03-15,MGLU3,91.0,92679514.0
2018-03-15,MRFG3,5.65,14909523.0
2018-03-15,MRVE3,16.4,41475666.0
2018-03-15,MULT3,67.29,65550968.0
2018-03-15,NATU3,32.57,115256707.0
2018-03-15,PCAR4,65.65,79780059.0
2018-03-15,PETR3,23.12,451356070.0
2018-03-15,PETR4,21.31,1758716369.0
2018-03-15,QUAL3,24.91,88280850.0
2018-03-15,RADL3,77.9,96460529.0
2018-03-15,RAIL3,13.35,71658959.0
2018-03-15,RENT3,28.09,94503441.0
2018-03-15,SANB11,37.1,69289078.0
2018-03-15,SAPR11,57.39,50315201.0
2018-03-15,SBSP3,37.91,47081455.0
2018-03-15,SMLS3,73.0,106393206.0
2018-03-15,SUZB3,23.4,140338685.0
2018-03-15,TAEE11,20.6,23258275.0
2018-03-15,TIMP3,14.69,80242647.0
2018-03-15,UGPA3,71.85,117219084.0
2018-03-15,USIM5,11.14,75151681.0
2018-03-15,VALE3,42.4,679867937.0
2018-03-15,VIVT4,49.4,98462227.0
2018-03-15,VVAR11,27.55,24669537.0
2018-03-15,WEGE3,23.1,45541977.0
2018-03-16,ABEV3,23.61,490450015.0
2018-03-16,BBAS3,42.4,995674838.0
2018-03-16,BBDC3,36.53,112386977.0
2018-03-16,BBDC4,38.23,742756260.0
2018-03-16,BBSE3,28.15,176442146.0
2018-03-16,BRAP4,32.23,44608773.0
2018-03-16,BRFS3,25.0,282562678.0
2018-03-16,BRKM5,48.5,67759315.0
2018-03-16,BRML3,11.23,115671625.0
2018-03-16,BVMF3,25.75,276154698.0
2018-03-16,CCRO3,12.2,205424352.0
2018-03-16,CIEL3,22.17,244199435.0
2018-03-16,CMIG4,8.29,86882623.0
2018-03-16,CPFE3,24.01,55459722.0
2018-03-16,CPLE6,27.55,78431770.0
2018-03-16,CSAN3,43.71,61621891.0
2018-03-16,CSNA3,8.51,52004047.0
2018-03-16,CYRE3,15.07,33744689.0
2018-03-16,ECOR3,8.64,34363410.0
2018-03-16,EGIE3,38.39,78527667.0
2018-03-16,ELET3,22.31,57487748.0
2018-03-16,ELET6,25.4,44387008.0
2018-03-16,EMBR3,20.78,64544278.0
2018-03-16,ENBR3,13.5,43667465.0
2018-03-16,EQTL3,68.88,121897504.0
2018-03-16,ESTC3,36.4,370653119.0
2018-03-16,FIBR3,64.25,943147535.0
2018-03-16,FLRY3,27.48,43954592.0
2018-03-16,GGBR4,15.45,178096588.0
2018-03-16,GOAU4,7.39,174821181.0
2018-03-16,HYPE3,37.6,166272002.0
2018-03-16,IGTA3,39.2,41805364.0
2018-03-16,ITSA4,13.44,259571299.0
2018-03-16,ITUB4,51.22,1020973081.0
2018-03-16,JBSS3,9.62,89127352.0
2018-03-16,KLBN11,18.73,118273588.0
2018-03-16,KROT3,14.53,135362768.0
2018-03-16,LAME4,17.72,168056783.0
2018-03-16,LREN3,35.25,167578361.0
2018-03-16,MGLU3,92.7,161386472.0
2018-03-16,MRFG3,5.65,14726687.0
2018-03-16,MRVE3,16.55,35177083.0
2018-03-16,MULT3,66.29,110463676.0
2018-03-16,NATU3,32.66,62753300.0
2018-03-16,PCAR4,66.07,76795505.0
2018-03-16,PETR3,23.37,538233011.0
2018-03-16,PETR4,21.43,1244892213.0
2018-03-16,QUAL3,22.0,449319510.0
2018-03-16,RADL3,76.48,144919834.0
2018-03-16,RAIL3,13.42,155900531.0
2018-03-16,RENT3,27.7,104422246.0
2018-03-16,SANB11,37.65,114117910.0
2018-03-16,SAPR11,56.82,100367278.0
2018-03-16,SBSP3,38.37,117379629.0
2018-03-16,SMLS3,73.78,70583543.0
2018-03-16,SUZB3,28.5,1255161277.0
2018-03-16,TAEE11,20.8,64401323.0
2018-03-16,TIMP3,14.63,65677764.0
2018-03-16,UGPA3,71.0,150009350.0
2018-03-16,USIM5,11.15,103333999.0
2018-03-16,VALE3,42.3,1134269107.0
2018-03-16,VIVT4,49.38,109683172.0
2018-03-16,VVAR11,27.93,137523617.0
2018-03-16,WEGE3,23.2,62982749.0
2018-03-19,ABEV3,23.79,223329759.0
2018-03-19,BBAS3,41.4,439277639.0
2018-03-19,BBDC3,36.33,34256096.0
2018-03-19,BBDC4,37.84,363071273.0
2018-03-19,BBSE3,28.05,110333206.0
2018-03-19,BRAP4,31.1,69196055.0
2018-03-19,BRFS3,25.0,133341221.0
2018-03-19,BRKM5,47.53,52407119.0
2018-03-19,BRML3,11.15,105955602.0
2018-03-19,BVMF3,25.56,203243436.0
2018-03-19,CCRO3,12.14,78600686.0
2018-03-19,CIEL3,22.55,175286312.0
2018-03-19,CMIG4,8.5,158130739.0
2018-03-19,CPFE3,23.95,6056704.0
2018-03-19,CPLE6,27.39,16058999.0
2018-03-19,CSAN3,42.58,52254330.0
2018-03-19,CSNA3,8.26,44159713.0
2018-03-19,CYRE3,14.95,23362912.0
2018-03-19,ECOR3,8.63,17293268.0
2018-03-19,EGIE3,38.6,17194814.0
2018-03-19,ELET3,22.24,48749181.0
2018-03-19,ELET6,25.12,36953733.0
2018-03-19,EMBR3,20.59,36552553.0
2018-03-19,ENBR3,13.49,26198961.0
2018-03-19,EQTL3,68.6,46852361.0
2018-03-19,ESTC3,35.99,262251400.0
2018-03-19,FIBR3,64.11,415313900.0
2018-03-19,FLRY3,27.47,35392983.0
2018-03-19,GGBR4,15.03,154566574.0
2018-03-19,GOAU4,7.17,105920909.0
2018-03-19,HYPE3,36.95,31247866.0
2018-03-19,IGTA3,38.79,88372618.0
2018-03-19,ITSA4,13.3,165619291.0
2018-03-19,ITUB4,50.12,573452114.0
2018-03-19,JBSS3,9.77,44413605.0
2018-03-19,KLBN11,18.82,40295541.0
2018-03-19,KROT3,14.5,121175061.0
2018-03-19,LAME4,17.89,133242107.0
2018-03-19,LREN3,34.5,111816508.0
2018-03-19,MGLU3,90.7,90391364.0
2018-03-19,MRFG3,5.58,6465312.0
2018-03-19,MRVE3,16.18,35173844.0
2018-03-19,MULT3,67.0,110225171.0
2018-03-19,NATU3,32.6,29776502.0
2018-03-19,PCAR4,65.54,25996356.0
2018-03-19,PETR3,22.59,157217558.0
2018-03-19,PETR4,20.93,889391683.0
2018-03-19,QUAL3,22.8,136914078.0
2018-03-19,RADL3,77.4,76170786.0
2018-03-19,RAIL3,13.07,62318729.0
2018-03-19,RENT3,27.49,54769522.0
2018-03-19,SANB11,37.36,64012934.0
2018-03-19,SAPR11,56.0,33862053.0
2018-03-19,SBSP3,38.42,43431064.0
2018-03-19,SMLS3,71.33,53713673.0
2018-03-19,SUZB3,30.6,744274802.0
2018-03-19,TAEE11,20.72,30676613.0
2018-03-19,TIMP3,14.39,28935119.0
2018-03-19,UGPA3,70.98,65417568.0
2018-03-19,USIM5,10.6,114535246.0
2018-03-19,VALE3,41.1,897720575.0
2018-03-19,VIVT4,49.77,45079293.0
2018-03-19,VVAR11,27.79,44875417.0
2018-03-19,WEGE3,23.21,30456485.0
2018-03-20,ABEV3,23.69,199394228.0
2018-03-20,BBAS3,41.56,248760751.0
2018-03-20,BBDC3,36.27,36271303.0
2018-03-20,BBDC4,37.8,271844841.0
2018-03-20,BBSE3,28.15,133182822.0
2018-03-20,BRAP4,31.55,47858960.0
2018-03-20,BRFS3,24.5,136363118.0
2018-03-20,BRKM5,47.42,39825423.0
2018-03-20,BRML3,11.2,63435683.0
2018-03-20,BVMF3,26.06,141963744.0
2018-03-20,CCRO3,12.0,100113870.0
2018-03-20,CIEL3,22.98,163970956.0
2018-03-20,CMIG4,8.5,68865145.0
2018-03-20,CPFE3,23.76,7463371.0
2018-03-20,CPLE6,27.25,7936105.0
2018-03-20,CSAN3,42.1,30649229.0
2018-03-20,CSNA3,8.42,54683731.0
2018-03-20,CYRE3,14.9,11045303.0
2018-03-20,ECOR3,8.37,34089888.0
2018-03-20,EGIE3,38.8,13976431.0
2018-03-20,ELET3,22.15,46679371.0
2018-03-20,ELET6,25.5,25621493.0
2018-03-20,EMBR3,20.44,51020518.0
2018-03-20,ENBR3,13.55,17892110.0
2018-03-20,EQTL3,68.41,40336283.0
2018-03-20,ESTC3,36.5,102745440.0
2018-03-20,FIBR3,64.0,150583383.0
2018-03-20,FLRY3,26.94,46466399.0
2018-03-20,GGBR4,15.74,258491266.0
2018-03-20,GOAU4,7.42,108758885.0
2018-03-20,HYPE3,36.15,60430209.0
2018-03-20,IGTA3,38.75,36180877.0
2018-03-20,ITSA4,13.3,137965733.0
2018-03-20,ITUB4,50.28,301845116.0
2018-03-20,JBSS3,9.71,37091422.0
2018-03-20,KLBN11,19.0,27961291.0
2018-03-20,KROT3,14.58,78191532.0
2018-03-20,LAME4,17.82,100690824.0
2018-03-20,LREN3,34.1,104123773.0
2018-03-20,MGLU3,90.0,80172678.0
2018-03-20,MRFG3,5.53,5699465.0
2018-03-20,MRVE3,15.98,24243027.0
2018-03-20,MULT3,66.65,68105987.0
2018-03-20,NATU3,31.78,36716843.0
2018-03-20,PCAR4,64.39,23348275.0
2018-03-20,PETR3,22.89,143376052.0
2018-03-20,PETR4,21.16,639325975.0
2018-03-20,QUAL3,23.9,171572476.0
2018-03-20,RADL3,77.38,51643874.0
2018-03-20,RAIL3,13.09,63171177.0
2018-03-20,RENT3,27.15,205264163.0
2018-03-20,SANB11,37.67,78325477.0
2018-03-20,SAPR11,56.28,25164468.0
2018-03-20,SBSP3,38.12,28070616.0
2018-03-20,SMLS3,70.5,67636868.0
2018-03-20,SUZB3,30.45,404455454.0
2018-03-20,TAEE11,20.38,57286197.0
2018-03-20,TIMP3,14.56,31408528.0
2018-03-20,UGPA3,70.46,86914753.0
2018-03-20,USIM5,10.95,117373931.0
2018-03-20,VALE3,41.6,386478030.0
2018-03-20,VIVT4,49.3,63143997.0
2018-03-20,VVAR11,27.62,36828765.0
2018-03-20,WEGE3,23.03,32194991.0
2018-03-21,ABEV3,23.89,225064317.0
2018-03-21,BBAS3,42.25,505468086.0
2018-03-21,BBDC3,36.6,53414230.0
2018-03-21,BBDC4,37.99,425520171.0
2018-03-21,BBSE3,28.39,62774113.0
2018-03-21,BRAP4,32.19,132279308.0
2018-03-21,BRFS3,24.28,133507170.0
2018-03-21,BRKM5,47.86,38092290.0
2018-03-21,BRML3,11.27,73587048.0
2018-03-21,BVMF3,26.22,160875551.0
2018-03-21,CCRO3,12.2,73884931.0
2018-03-21,CIEL3,22.3,204405279.0
2018-03-21,CMIG4,8.6,66813930.0
2018-03-21,CPFE3,23.99,9822612.0
2018-03-21,CPLE6,27.25,10776317.0
2018-03-21,CSAN3,42.77,49125236.0
2018-03-21,CSNA3,8.88,78565199.0
2018-03-21,CYRE3,15.0,17241634.0
2018-03-21,ECOR3,8.49,22130607.0
2018-03-21,EGIE3,39.11,34803622.0
2018-03-21,ELET3,21.45,76354691.0
2018-03-21,ELET6,24.99,48769552.0
2018-03-21,EMBR3,21.5,82287699.0
2018-03-21,ENBR3,13.54,20328359.0
2018-03-21,EQTL3,69.51,115784529.0
2018-03-21,ESTC3,37.85,134101040.0
2018-03-21,FIBR3,63.68,320877402.0
2018-03-21,FLRY3,27.2,46885665.0
2018-03-21,GGBR4,15.98,166186465.0
2018-03-21,GOAU4,7.49,70312817.0
2018-03-21,HYPE3,36.07,35106341.0
2018-03-21,IGTA3,38.67,33221106.0
2018-03-21,ITSA4,13.32,176258190.0
2018-03-21,ITUB4,50.08,832822302.0
2018-03-21,JBSS3,9.63,39099969.0
2018-03-21,KLBN11,19.0,32781528.0
2018-03-21,KROT3,14.48,79218301.0
2018-03-21,LAME4,17.7,63028782.0
2018-03-21,LREN3,34.08,82629258.0
2018-03-21,MGLU3,93.0,124358711.0
2018-03-21,MRFG3,5.65,10469802.0
2018-03-21,MRVE3,15.64,34373926.0
2018-03-21,MULT3,66.34,56720230.0
2018-03-21,NATU3,32.1,28763838.0
2018-03-21,PCAR4,63.92,32980400.0
2018-03-21,PETR3,23.76,223298842.0
2018-03-21,PETR4,22.05,1153054122.0
2018-03-21,QUAL3,23.67,80777580.0
2018-03-21,RADL3,76.6,65678142.0
2018-03-21,RAIL3,13.12,113044469.0
2018-03-21,RENT3,27.91,222437994.0
2018-03-21,SANB11,37.41,104468523.0
2018-03-21,SAPR11,56.45,15247833.0
2018-03-21,SBSP3,38.75,46569074.0
2018-03-21,SMLS3,68.4,69583633.0
2018-03-21,SUZB3,31.77,342008958.0
2018-03-21,TAEE11,20.2,39461606.0
2018-03-21,TIMP3,14.29,64304335.0
2018-03-21,UGPA3,70.8,87084348.0
2018-03-21,USIM5,11.22,97553466.0
2018-03-21,VALE3,42.5,837737485.0
2018-03-21,VIVT4,49.0,93214986.0
2018-03-21,VVAR11,27.88,34613739.0
2018-03-21,WEGE3,23.15,27720992.0
2018-03-22,ABEV3,24.01,250152897.0
2018-03-22,BBAS3,41.49,331489688.0
2018-03-22,BBDC3,37.15,76663779.0
2018-03-22,BBDC4,38.22,389218827.0
2018-03-22,BBSE3,28.65,105656304.0
2018-03-22,BRAP4,31.6,78420174.0
2018-03-22,BRFS3,24.52,103105197.0
2018-03-22,BRKM5,47.21,61186527.0
2018-03-22,BRML3,11.76,65671383.0
2018-03-22,BVMF3,25.98,153846374.0
2018-03-22,CCRO3,12.25,78695940.0
2018-03-22,CIEL3,21.91,157324628.0
2018-03-22,CMIG4,8.59,80954839.0
2018-03-22,CPFE3,23.93,7701005.0
2018-03-22,CPLE6,27.15,15793726.0
2018-03-22,CSAN3,42.05,39865195.0
2018-03-22,CSNA3,8.7,147672004.0
2018-03-22,CYRE3,15.14,28278633.0
2018-03-22,ECOR3,8.74,27276616.0
2018-03-22,EGIE3,38.67,30274160.0
2018-03-22,ELET3,21.36,67436405.0
2018-03-22,ELET6,24.98,59957674.0
2018-03-22,EMBR3,21.25,53475372.0
2018-03-22,ENBR3,13.55,19710026.0
2018-03-22,EQTL3,71.2,135804894.0
2018-03-22,ESTC3,37.47,169269983.0
2018-03-22,FIBR3,64.0,284658809.0
2018-03-22,FLRY3,27.82,37281876.0
2018-03-22,GGBR4,15.36,247795660.0
2018-03-22,GOAU4,7.23,108785446.0
2018-03-22,HYPE3,35.9,39013633.0
2018-03-22,IGTA3,39.9,51995125.0
2018-03-22,ITSA4,13.27,120675465.0
2018-03-22,ITUB4,49.92,624363244.0
2018-03-22,JBSS3,9.61,48131676.0
2018-03-22,KLBN11,19.06,38035057.0
2018-03-22,KROT3,14.35,54576069.0
2018-03-22,LAME4,18.35,126343404.0
2018-03-22,LREN3,35.05,119217312.0
2018-03-22,MGLU3,95.39,153920849.0
2018-03-22,MRFG3,5.7,6529497.0
2018-03-22,MRVE3,15.92,34784958.0
2018-03-22,MULT3,68.09,68107698.0
2018-03-22,NATU3,32.12,34488333.0
2018-03-22,PCAR4,65.2,84503148.0
2018-03-22,PETR3,23.63,224149525.0
2018-03-22,PETR4,21.72,1089834542.0
2018-03-22,QUAL3,22.95,104346664.0
2018-03-22,RADL3,76.7,49058278.0
2018-03-22,RAIL3,13.06,88566600.0
2018-03-22,RENT3,28.2,112579994.0
2018-03-22,SANB11,37.3,45469154.0
2018-03-22,SAPR11,56.77,20353260.0
2018-03-22,SBSP3,38.56,58005114.0
2018-03-22,SMLS3,68.25,106559239.0
2018-03-22,SUZB3,32.5,239321271.0
2018-03-22,TAEE11,20.31,21810664.0
2018-03-22,TIMP3,14.17,35549900.0
2018-03-22,UGPA3,70.02,57926022.0
2018-03-22,USIM5,11.09,193647332.0
2018-03-22,VALE3,41.93,639094288.0
2018-03-22,VIVT4,49.05,76929952.0
2018-03-22,VVAR11,28.01,46573266.0
2018-03-22,WEGE3,23.2,36569002.0
2018-03-23,ABEV3,23.92,211750898.0
2018-03-23,BBAS3,41.2,369714583.0
2018-03-23,BBDC3,37.6,39774612.0
2018-03-23,BBDC4,38.48,415191039.0
2018-03-23,BBSE3,29.51,198151024.0
2018-03-23,BRAP4,31.15,53350632.0
2018-03-23,BRFS3,23.87,130562742.0
2018-03-23,BRKM5,46.53,60095735.0
2018-03-23,BRML3,11.58,49134148.0
2018-03-23,BVMF3,25.43,181734473.0
2018-03-23,CCRO3,12.06,53664273.0
2018-03-23,CIEL3,21.31,154271424.0
2018-03-23,CMIG4,8.55,46772942.0
2018-03-23,CPFE3,23.97,8031363.0
2018-03-23,CPLE6,26.57,13793765.0
2018-03-23,CSAN3,41.97,22164881.0
2018-03-23,CSNA3,8.57,82409388.0
2018-03-23,CYRE3,14.78,37382413.0
2018-03-23,ECOR3,8.58,34764706.0
2018-03-23,EGIE3,38.44,24693174.0
2018-03-23,ELET3,21.18,57591426.0
2018-03-23,ELET6,24.78,34708227.0
2018-03-23,EMBR3,21.21,32537657.0
2018-03-23,ENBR3,13.59,26761259.0
2018-03-23,EQTL3,71.3,110876763.0
2018-03-23,ESTC3,36.16,288951589.0
2018-03-23,FIBR3,64.79,179258187.0
2018-03-23,FLRY3,27.41,53100765.0
2018-03-23,GGBR4,15.09,150413929.0
2018-03-23,GOAU4,7.1,94093773.0
2018-03-23,HYPE3,35.35,58816154.0
2018-03-23,IGTA3,39.6,29865292.0
2018-03-23,ITSA4,13.31,191596104.0
2018-03-23,ITUB4,50.16,797682267.0
2018-03-23,JBSS3,9.43,55700116.0
2018-03-23,KLBN11,18.9,28481540.0
2018-03-23,KROT3,13.7,143112008.0
2018-03-23,LAME4,18.31,90255328.0
2018-03-23,LREN3,34.15,75528284.0
2018-03-23,MGLU3,94.8,120241677.0
2018-03-23,MRFG3,5.7,11304928.0
2018-03-23,MRVE3,15.67,66978735.0
2018-03-23,MULT3,67.68,56473557.0
2018-03-23,NATU3,32.14,25345920.0
2018-03-23,PCAR4,64.28,65154401.0
2018-03-23,PETR3,23.71,195125059.0
2018-03-23,PETR4,21.75,1155251708.0
2018-03-23,QUAL3,22.78,109235046.0
2018-03-23,RADL3,75.3,58086169.0
2018-03-23,RAIL3,13.06,115596562.0
2018-03-23,RENT3,27.8,91462112.0
2018-03-23,SANB11,37.07,40878325.0
2018-03-23,SAPR11,57.5,21426358.0
2018-03-23,SBSP3,38.01,24132723.0
2018-03-23,SMLS3,69.22,95528244.0
2018-03-23,SUZB3,33.19,305730523.0
2018-03-23,TAEE11,20.88,33319705.0
2018-03-23,TIMP3,14.05,41237674.0
2018-03-23,UGPA3,69.25,58770917.0
2018-03-23,USIM5,10.95,111369753.0
2018-03-23,VALE3,41.6,625766259.0
2018-03-23,VIVT4,48.67,46384380.0
2018-03-23,VVAR11,27.72,19493697.0
2018-03-23,WEGE3,23.01,31002622.0
2018-03-26,ABEV3,24.0,223798206.0
2018-03-26,BBAS3,41.48,170465128.0
2018-03-26,BBDC3,37.96,28909771.0
2018-03-26,BBDC4,38.7,318215240.0
2018-03-26,BBSE3,29.08,77465491.0
2018-03-26,BRAP4,31.25,75696904.0
2018-03-26,BRFS3,23.23,136464832.0
2018-03-26,BRKM5,47.43,32052764.0
2018-03-26,BRML3,11.66,25479284.0
2018-03-26,CCRO3,11.85,70371695.0
2018-03-26,CIEL3,21.0,183554757.0
2018-03-26,CMIG4,8.73,46140409.0
2018-03-26,CPFE3,24.13,4102429.0
2018-03-26,CPLE6,26.94,12231947.0
2018-03-26,CSAN3,42.49,35023298.0
2018-03-26,CSNA3,8.57,79852622.0
2018-03-26,CYRE3,15.31,60275776.0
2018-03-26,ECOR3,8.72,27124103.0
2018-03-26,EGIE3,38.5,28797070.0
2018-03-26,ELET3,22.75,33479487.0
2018-03-26,ELET6,26.5,32133260.0
2018-03-26,EMBR3,21.4,27974268.0
2018-03-26,ENBR3,13.53,12372435.0
2018-03-26,EQTL3,72.4,48990854.0
2018-03-26,ESTC3,36.0,99830009.0
2018-03-26,FIBR3,65.63,153678571.0
2018-03-26,FLRY3,27.55,32808009.0
2018-03-26,GGBR4,15.31,134919518.0
2018-03-26,GOAU4,7.04,95698486.0
2018-03-26,HYPE3,35.75,30484684.0
2018-03-26,IGTA3,40.12,31076547.0
2018-03-26,ITSA4,13.53,126995949.0
2018-03-26,ITUB4,50.78,351696650.0
2018-03-26,JBSS3,9.41,40059646.0
2018-03-26,KLBN11,19.13,38101867.0
2018-03-26,KROT3,13.46,152931866.0
2018-03-26,LAME4,18.51,107589080.0
2018-03-26,LREN3,34.29,51714496.0
2018-03-26,MGLU3,100.0,240671990.0
2018-03-26,MRFG3,5.9,9282261.0
2018-03-26,MRVE3,16.0,29415701.0
2018-03-26,MULT3,67.01,27814231.0
2018-03-26,NATU3,31.75,51729281.0
2018-03-26,PCAR4,64.1,53716887.0
2018-03-26,PETR3,23.91,134289649.0
2018-03-26,PETR4,22.03,664672746.0
2018-03-26,QUAL3,22.64,120252987.0
2018-03-26,RADL3,76.3,65718450.0
2018-03-26,RAIL3,13.23,45014429.0
2018-03-26,RENT3,28.4,76337165.0
2018-03-26,SANB11,37.6,25687138.0
2018-03-26,SAPR11,58.47,21899450.0
2018-03-26,SBSP3,38.73,31680405.0
2018-03-26,SMLS3,69.49,80748221.0
2018-03-26,SUZB3,34.21,170653382.0
2018-03-26,TAEE11,21.0,27230829.0
2018-03-26,TIMP3,14.38,37534273.0
2018-03-26,UGPA3,69.38,53120694.0
2018-03-26,USIM5,11.02,88867334.0
2018-03-26,VALE3,42.0,413552169.0
2018-03-26,VIVT4,49.69,84496991.0
2018-03-26,VVAR11,29.02,55599166.0
2018-03-26,WEGE3,22.61,30950158.0
2018-03-27,ABEV3,23.84,254420609.0
2018-03-27,BBAS3,40.45,463370967.0
2018-03-27,BBDC3,37.17,22809753.0
2018-03-27,BBDC4,38.23,219698142.0
2018-03-27,BBSE3,29.05,99979188.0
2018-03-27,BRAP4,30.5,54667070.0
2018-03-27,BRFS3,23.21,169993185.0
2018-03-27,BRKM5,45.84,59646730.0
2018-03-27,BRML3,11.64,42951312.0
2018-03-27,CCRO3,12.03,96929957.0
2018-03-27,CIEL3,20.8,231514233.0
2018-03-27,CMIG4,8.56,74155373.0
2018-03-27,CPFE3,24.4,8711867.0
2018-03-27,CPLE6,26.26,14116802.0
2018-03-27,CSAN3,41.59,23991491.0
2018-03-27,CSNA3,8.4,84186606.0
2018-03-27,CYRE3,15.39,43255146.0
2018-03-27,ECOR3,8.87,34756318.0
2018-03-27,EGIE3,38.58,37467399.0
2018-03-27,ELET3,22.17,32274387.0
2018-03-27,ELET6,25.46,34362413.0
2018-03-27,EMBR3,21.46,40652478.0
2018-03-27,ENBR3,13.4,13896339.0
2018-03-27,EQTL3,72.0,57380428.0
2018-03-27,ESTC3,34.9,74562908.0
2018-03-27,FIBR3,64.45,175643868.0
2018-03-27,FLRY3,27.1,59681818.0
2018-03-27,GGBR4,15.11,103789566.0
2018-03-27,GOAU4,6.88,98973393.0
2018-03-27,HYPE3,35.31,47604605.0
2018-03-27,IGTA3,40.02,28515381.0
2018-03-27,ITSA4,13.39,128986915.0
2018-03-27,ITUB4,50.17,339146952.0
2018-03-27,JBSS3,9.15,40976921.0
2018-03-27,KLBN11,19.3,80897471.0
2018-03-27,KROT3,13.1,166788083.0
2018-03-27,LAME4,18.35,120498125.0
2018-03-27,LREN3,33.5,139887815.0
2018-03-27,MGLU3,96.7,363048149.0
2018-03-27,MRFG3,5.63,12575151.0
2018-03-27,MRVE3,15.99,41169231.0
2018-03-27,MULT3,67.73,23464463.0
2018-03-27,NATU3,30.92,52057359.0
2018-03-27,PCAR4,66.14,98563222.0
2018-03-27,PETR3,23.32,164450731.0
2018-03-27,PETR4,21.44,947222387.0
2018-03-27,QUAL3,22.13,102119298.0
2018-03-27,RADL3,74.29,128091774.0
2018-03-27,RAIL3,13.06,38060865.0
2018-03-27,RENT3,28.0,75181154.0
2018-03-27,SANB11,37.6,35652255.0
2018-03-27,SAPR11,58.3,13282751.0
2018-03-27,SBSP3,35.39,237100538.0
2018-03-27,SMLS3,68.0,64810832.0
2018-03-27,SUZB3,33.03,219599666.0
2018-03-27,TAEE11,21.28,28817123.0
2018-03-27,TIMP3,14.15,40881581.0
2018-03-27,UGPA3,69.56,64086179.0
2018-03-27,USIM5,10.81,94346513.0
2018-03-27,VALE3,40.86,482448721.0
2018-03-27,VIVT4,50.1,93514284.0
2018-03-27,VVAR11,30.5,148579799.0
2018-03-27,WEGE3,22.21,60276302.0
2018-03-28,ABEV3,23.82,212706372.0
2018-03-28,BBAS3,40.32,319162704.0
2018-03-28,BBDC3,37.53,22926907.0
2018-03-28,BBDC4,38.48,271535849.0
2018-03-28,BBSE3,29.24,68052316.0
2018-03-28,BRAP4,30.94,96519341.0
2018-03-28,BRFS3,22.16,148948894.0
2018-03-28,BRKM5,44.94,40674802.0
2018-03-28,BRML3,11.54,62812880.0
2018-03-28,CCRO3,12.12,68897043.0
2018-03-28,CIEL3,20.78,139673714.0
2018-03-28,CMIG4,8.29,91990073.0
2018-03-28,CPFE3,24.73,13680698.0
2018-03-28,CPLE6,25.92,19453363.0
2018-03-28,CSAN3,40.8,60216932.0
2018-03-28,CSNA3,8.32,70740105.0
2018-03-28,CYRE3,15.29,43052036.0
2018-03-28,ECOR3,8.6,46634154.0
2018-03-28,EGIE3,38.65,56942133.0
2018-03-28,ELET3,21.11,46787563.0
2018-03-28,ELET6,24.3,36950876.0
2018-03-28,EMBR3,21.4,33134393.0
2018-03-28,ENBR3,13.17,25385267.0
2018-03-28,EQTL3,71.85,42155809.0
2018-03-28,ESTC3,34.2,135501992.0
2018-03-28,FIBR3,64.67,97509247.0
2018-03-28,FLRY3,26.6,52229767.0
2018-03-28,GGBR4,14.95,162034713.0
2018-03-28,GOAU4,6.89,95384197.0
2018-03-28,HYPE3,35.73,52777774.0
2018-03-28,IGTA3,38.98,71517574.0
2018-03-28,ITSA4,13.55,114515719.0
2018-03-28,ITUB4,50.63,398097159.0
2018-03-28,JBSS3,8.9,57228031.0
2018-03-28,KLBN11,19.98,86726446.0
2018-03-28,KROT3,13.19,143432893.0
2018-03-28,LAME4,18.14,94648820.0
2018-03-28,LREN3,33.38,99032262.0
2018-03-28,MGLU3,97.0,159164264.0
2018-03-28,MRFG3,5.83,11604657.0
2018-03-28,MRVE3,15.88,29343284.0
2018-03-28,MULT3,67.5,64377873.0
2018-03-28,NATU3,31.59,47805108.0
2018-03-28,PCAR4,65.27,23108530.0
2018-03-28,PETR3,23.03,101595170.0
2018-03-28,PETR4,21.2,815602319.0
2018-03-28,QUAL3,22.49,72605757.0
2018-03-28,RADL3,72.83,65806516.0
2018-03-28,RAIL3,12.73,70993744.0
2018-03-28,RENT3,28.11,70066467.0
2018-03-28,SANB11,38.21,82140469.0
2018-03-28,SAPR11,59.5,34633971.0
2018-03-28,SBSP3,34.11,121173679.0
2018-03-28,SMLS3,67.75,66154523.0
2018-03-28,SUZB3,33.45,176562191.0
2018-03-28,TAEE11,21.33,29833167.0
2018-03-28,TIMP3,13.98,34123465.0
2018-03-28,UGPA3,70.5,88573240.0
2018-03-28,USIM5,10.69,84959090.0
2018-03-28,VALE3,41.54,776718668.0
2018-03-28,VIVT4,49.5,72251969.0
2018-03-28,VVAR11,29.65,111536719.0
2018-03-28,WEGE3,22.4,39317671.0
2018-03-29,ABEV3,24.07,299976348.0
2018-03-29,BBAS3,41.03,314317008.0
2018-03-29,BBDC3,38.47,48158243.0
2018-03-29,BBDC4,39.5,605295260.0
2018-03-29,BBSE3,29.27,77972192.0
2018-03-29,BRAP4,31.49,117291791.0
2018-03-29,BRFS3,22.83,174515456.0
2018-03-29,BRKM5,48.0,107892986.0
2018-03-29,BRML3,11.65,31605199.0
2018-03-29,CCRO3,12.5,56450818.0
2018-03-29,CIEL3,20.69,189924485.0
2018-03-29,CMIG4,8.56,77215461.0
2018-03-29,CPFE3,24.91,5927785.0
2018-03-29,CPLE6,26.08,13329879.0
2018-03-29,CSAN3,41.51,58815795.0
2018-03-29,CSNA3,8.8,91250570.0
2018-03-29,CYRE3,15.29,27201679.0
2018-03-29,ECOR3,8.75,23657194.0
2018-03-29,EGIE3,39.16,29194137.0
2018-03-29,ELET3,21.0,66905110.0
2018-03-29,ELET6,24.1,33614678.0
2018-03-29,EMBR3,21.55,58229564.0
2018-03-29,ENBR3,13.31,13645352.0
2018-03-29,EQTL3,71.5,45493735.0
2018-03-29,ESTC3,34.97,124651400.0
2018-03-29,FIBR3,65.03,121861186.0
2018-03-29,FLRY3,27.14,65975111.0
2018-03-29,GGBR4,15.5,101470110.0
2018-03-29,GOAU4,7.14,78759818.0
2018-03-29,HYPE3,36.16,125783529.0
2018-03-29,IGTA3,39.26,39230050.0
2018-03-29,ITSA4,13.79,238095874.0
2018-03-29,ITUB4,51.31,954677721.0
2018-03-29,JBSS3,9.35,84821652.0
2018-03-29,KLBN11,20.7,71908068.0
2018-03-29,KROT3,13.6,144682316.0
2018-03-29,LAME4,18.84,155936453.0
2018-03-29,LREN3,34.35,151696344.0
2018-03-29,MGLU3,97.91,88049540.0
2018-03-29,MRFG3,5.94,5383661.0
2018-03-29,MRVE3,16.25,28450068.0
2018-03-29,MULT3,68.68,37830420.0
2018-03-29,NATU3,32.0,40096622.0
2018-03-29,PCAR4,66.55,49187843.0
2018-03-29,PETR3,23.36,182592835.0
2018-03-29,PETR4,21.41,735234722.0
2018-03-29,QUAL3,22.28,93480459.0
2018-03-29,RADL3,74.8,95527951.0
2018-03-29,RAIL3,13.15,61343524.0
2018-03-29,RENT3,28.72,126766247.0
2018-03-29,SANB11,39.91,104175867.0
2018-03-29,SAPR11,60.0,29125386.0
2018-03-29,SBSP3,35.0,56761295.0
2018-03-29,SMLS3,69.5,51275710.0
2018-03-29,SUZB3,33.36,193767849.0
2018-03-29,TAEE11,21.73,15317636.0
2018-03-29,TIMP3,14.4,34943765.0
2018-03-29,UGPA3,70.92,66351281.0
2018-03-29,USIM5,10.92,81660511.0
2018-03-29,VALE3,42.21,863080847.0
2018-03-29,VIVT4,50.4,70772487.0
2018-03-29,VVAR11,30.32,60464464.0
2018-03-29,WEGE3,22.61,39895122.0
2018-04-02,ABEV3,23.85,132875168.0
2018-04-02,BBAS3,40.25,312811877.0
2018-04-02,BBDC3,34.1,26165301.0
2018-04-02,BBDC4,35.58,290450805.0
2018-04-02,BBSE3,28.74,60434997.0
2018-04-02,BRAP4,31.98,35837245.0
2018-04-02,BRFS3,22.92,68979476.0
2018-04-02,BRKM5,46.59,62204778.0
2018-04-02,BRML3,11.44,38330312.0
2018-04-02,CCRO3,12.14,74190085.0
2018-04-02,CIEL3,20.45,254155834.0
2018-04-02,CMIG4,8.31,106894008.0
2018-04-02,CPFE3,24.59,4956595.0
2018-04-02,CPLE6,25.95,10398178.0
2018-04-02,CSAN3,40.64,27795438.0
2018-04-02,CSNA3,8.94,55487819.0
2018-04-02,CYRE3,15.32,60677401.0
2018-04-02,ECOR3,8.3,48889154.0
2018-04-02,EGIE3,38.49,23413763.0
2018-04-02,ELET3,20.93,69528093.0
2018-04-02,ELET6,23.61,61661807.0
2018-04-02,EMBR3,21.3,29255310.0
2018-04-02,ENBR3,13.28,22244471.0
2018-04-02,EQTL3,71.37,88367077.0
2018-04-02,ESTC3,34.6,56103763.0
2018-04-02,FIBR3,64.37,85849140.0
2018-04-02,FLRY3,26.65,34112468.0
2018-04-02,GGBR4,15.64,129172260.0
2018-04-02,GOAU4,7.16,74607278.0
2018-04-02,HYPE3,35.44,33831589.0
2018-04-02,IGTA3,38.54,22102883.0
2018-04-02,ITSA4,13.71,145287335.0
2018-04-02,ITUB4,51.05,437464523.0
2018-04-02,JBSS3,9.4,51655126.0
2018-04-02,KLBN11,20.38,42031862.0
2018-04-02,KROT3,13.49,104561789.0
2018-04-02,LAME4,18.68,75313847.0
2018-04-02,LREN3,34.12,157241931.0
2018-04-02,MGLU3,97.92,125552449.0
2018-04-02,MRFG3,5.83,8396343.0
2018-04-02,MRVE3,16.04,32650629.0
2018-04-02,MULT3,68.32,50792475.0
2018-04-02,NATU3,31.59,28587034.0
2018-04-02,PCAR4,67.25,45079392.0
2018-04-02,PETR3,22.74,126525392.0
2018-04-02,PETR4,20.9,785202917.0
2018-04-02,QUAL3,22.12,38267467.0
2018-04-02,RADL3,74.43,113848537.0
2018-04-02,RAIL3,12.8,58309038.0
2018-04-02,RENT3,28.3,78796241.0
2018-04-02,SANB11,39.51,46433852.0
2018-04-02,SAPR11,59.5,13649416.0
2018-04-02,SBSP3,34.4,51907457.0
2018-04-02,SMLS3,67.67,48609204.0
2018-04-02,SUZB3,33.53,159150305.0
2018-04-02,TAEE11,21.51,17334525.0
2018-04-02,TIMP3,14.11,28792837.0
2018-04-02,UGPA3,70.3,57049296.0
2018-04-02,USIM5,10.93,85763645.0
2018-04-02,VALE3,43.0,814485403.0
2018-04-02,VIVT4,50.65,79152621.0
2018-04-02,VVAR11,29.71,36361903.0
2018-04-02,WEGE3,22.32,30785107.0
2018-05-03,ABEV3,22.6,262310062.0
2018-05-03,B3SA3,24.16,295483663.0
2018-05-03,BBAS3,35.0,309691888.0
2018-05-03,BBDC3,31.0,52862947.0
2018-05-03,BBDC4,32.97,437901011.0
2018-05-03,BBSE3,27.44,115716970.0
2018-05-03,BRAP4,35.7,52424492.0
2018-05-03,BRFS3,24.3,120096359.0
2018-05-03,BRKM5,42.56,65486507.0
2018-05-03,BRML3,10.5,185595722.0
2018-05-03,BTOW3,27.62,40345116.0
2018-05-03,CCRO3,11.63,98292411.0
2018-05-03,CIEL3,17.99,496204001.0
2018-05-03,CMIG4,7.65,90387079.0
2018-05-03,CPFE3,23.39,21007774.0
2018-05-03,CPLE6,25.56,12016963.0
2018-05-03,CSAN3,37.49,100707304.0
2018-05-03,CSNA3,8.58,69630149.0
2018-05-03,CVCB3,53.7,72272789.0
2018-05-03,CYRE3,13.3,25057504.0
2018-05-03,ECOR3,9.33,25752009.0
2018-05-03,EGIE3,36.68,37320144.0
2018-05-03,ELET3,19.6,96378117.0
2018-05-03,ELET6,22.5,53241259.0
2018-05-03,EMBR3,22.12,53137355.0
2018-05-03,ENBR3,13.35,20165617.0
2018-05-03,EQTL3,69.55,47183560.0
2018-05-03,ESTC3,31.0,185013610.0
2018-05-03,FIBR3,69.48,154291911.0
2018-05-03,FLRY3,25.58,35216615.0
2018-05-03,GGBR4,16.49,112316293.0
2018-05-03,GOAU4,7.68,75862113.0
2018-05-03,GOLL4,17.44,53068564.0
2018-05-03,HYPE3,30.63,107002718.0
2018-05-03,IGTA3,34.2,47492569.0
2018-05-03,ITSA4,12.45,458089365.0
2018-05-03,ITUB4,47.74,717604705.0
2018-05-03,JBSS3,8.41,63713121.0
2018-05-03,KLBN11,20.91,130010758.0
2018-05-03,KROT3,13.25,62892897.0
2018-05-03,LAME4,18.51,90463545.0
2018-05-03,LREN3,32.25,219138120.0
2018-05-03,MGLU3,97.2,297556115.0
2018-05-03,MRFG3,7.59,11803141.0
2018-05-03,MRVE3,14.41,37322377.0
2018-05-03,MULT3,63.2,62795174.0
2018-05-03,NATU3,32.16,44771525.0
2018-05-03,PCAR4,76.99,88056398.0
2018-05-03,PETR3,24.31,240518390.0
2018-05-03,PETR4,22.45,1092196086.0
2018-05-03,QUAL3,23.47,79708846.0
2018-05-03,RADL3,65.38,201663981.0
2018-05-03,RAIL3,14.71,96088233.0
2018-05-03,RENT3,26.58,237149836.0
2018-05-03,SANB11,36.16,52725862.0
2018-05-03,SAPR11,57.6,14865451.0
2018-05-03,SBSP3,34.0,43453807.0
2018-05-03,SMLS3,72.6,61750546.0
2018-05-03,SUZB3,40.82,288599903.0
2018-05-03,TAEE11,20.55,27995059.0
2018-05-03,TIMP3,15.4,70210211.0
2018-05-03,UGPA3,54.01,322595393.0
2018-05-03,USIM5,10.59,92119631.0
2018-05-03,VALE3,49.09,687272416.0
2018-05-03,VIVT4,48.15,85411451.0
2018-05-03,VVAR11,27.31,120949027.0
2018-05-03,WEGE3,17.6,40927410.0
2018-05-04,ABEV3,22.5,526090805.0
2018-05-04,B3SA3,24.04,220585343.0
2018-05-04,BBAS3,34.93,246447369.0
2018-05-04,BBDC3,30.89,88304693.0
2018-05-04,BBDC4,33.0,335569154.0
2018-05-04,BBSE3,27.06,102333601.0
2018-05-04,BRAP4,36.21,55080453.0
2018-05-04,BRFS3,24.4,80973599.0
2018-05-04,BRKM5,43.73,72240181.0
2018-05-04,BRML3,10.87,85209758.0
2018-05-04,BTOW3,28.84,179116684.0
2018-05-04,CCRO3,11.79,117055277.0
2018-05-04,CIEL3,17.41,174167676.0
2018-05-04,CMIG4,7.89,145847688.0
2018-05-04,CPFE3,23.0,30460971.0
2018-05-04,CPLE6,25.9,20503267.0
2018-05-04,CSAN3,36.79,52472553.0
2018-05-04,CSNA3,8.7,55720626.0
2018-05-04,CVCB3,54.65,204082639.0
2018-05-04,CYRE3,13.29,27292884.0
2018-05-04,ECOR3,9.48,23511001.0
2018-05-04,EGIE3,36.33,21924852.0
2018-05-04,ELET3,20.11,44812996.0
2018-05-04,ELET6,23.16,19794710.0
2018-05-04,EMBR3,21.98,50407717.0
2018-05-04,ENBR3,13.16,21144636.0
2018-05-04,EQTL3,68.71,49128306.0
2018-05-04,ESTC3,31.2,200814042.0
2018-05-04,FIBR3,69.04,68631688.0
2018-05-04,FLRY3,26.59,128995169.0
2018-05-04,GGBR4,16.84,113972143.0
2018-05-04,GOAU4,7.8,59332799.0
2018-05-04,GOLL4,18.25,109439097.0
2018-05-04,HYPE3,30.5,56995673.0
2018-05-04,IGTA3,33.8,33090547.0
2018-05-04,ITSA4,12.25,273034368.0
2018-05-04,ITUB4,47.18,720119870.0
2018-05-04,JBSS3,8.25,44756663.0
2018-05-04,KLBN11,20.97,101777537.0
2018-05-04,KROT3,13.28,55071332.0
2018-05-04,LAME4,18.43,58581577.0
2018-05-04,LREN3,34.0,348807664.0
2018-05-04,MGLU3,97.7,190112551.0
2018-05-04,MRFG3,7.96,23003932.0
2018-05-04,MRVE3,14.0,29499127.0
2018-05-04,MULT3,62.6,58355003.0
2018-05-04,NATU3,32.08,56730688.0
2018-05-04,PCAR4,76.5,80655333.0
2018-05-04,PETR3,23.89,469090229.0
2018-05-04,PETR4,22.27,754664995.0
2018-05-04,QUAL3,23.67,122457437.0
2018-05-04,RADL3,63.0,155768884.0
2018-05-04,RAIL3,14.39,116226239.0
2018-05-04,RENT3,26.53,145767484.0
2018-05-04,SANB11,36.31,30382579.0
2018-05-04,SAPR11,58.3,18934290.0
2018-05-04,SBSP3,33.85,46491279.0
2018-05-04,SMLS3,75.8,110244988.0
2018-05-04,SUZB3,39.85,162632451.0
2018-05-04,TAEE11,20.2,38554127.0
2018-05-04,TIMP3,15.5,67278671.0
2018-05-04,UGPA3,54.0,244373528.0
2018-05-04,USIM5,10.98,92363374.0
2018-05-04,VALE3,49.7,735919038.0
2018-05-04,VIVT4,47.61,97063798.0
2018-05-04,VVAR11,26.66,87810213.0
2018-05-04,WEGE3,17.2,27866617.0
2018-05-07,ABEV3,22.34,289242396.0
2018-05-07,B3SA3,23.98,104111542.0
2018-05-07,BBAS3,34.89,260899845.0
2018-05-07,BBDC3,30.5,40005569.0
2018-05-07,BBDC4,32.7,335425855.0
2018-05-07,BBSE3,26.35,116834866.0
2018-05-07,BRAP4,34.39,316088620.0
2018-05-07,BRFS3,24.1,111434073.0
2018-05-07,BRKM5,43.5,34713383.0
2018-05-07,BRML3,10.57,55559130.0
2018-05-07,BTOW3,28.86,84892671.0
2018-05-07,CCRO3,11.62,41925034.0
2018-05-07,CIEL3,17.72,92037482.0
2018-05-07,CMIG4,7.87,41656738.0
2018-05-07,CPFE3,23.17,6576844.0
2018-05-07,CPLE6,25.5,13262217.0
2018-05-07,CSAN3,36.54,37554308.0
2018-05-07,CSNA3,8.47,66247741.0
2018-05-07,CVCB3,53.63,58760409.0
2018-05-07,CYRE3,13.44,36290643.0
2018-05-07,ECOR3,9.5,22279709.0
2018-05-07,EGIE3,36.12,22746879.0
2018-05-07,ELET3,18.27,79687659.0
2018-05-07,ELET6,21.29,79688717.0
2018-05-07,EMBR3,22.02,35305636.0
2018-05-07,ENBR3,13.33,23129433.0
2018-05-07,EQTL3,68.37,24364184.0
2018-05-07,ESTC3,29.98,132585652.0
2018-05-07,FIBR3,68.74,71086807.0
2018-05-07,FLRY3,26.27,36833006.0
2018-05-07,GGBR4,16.36,100251033.0
2018-05-07,GOAU4,7.54,76216877.0
2018-05-07,GOLL4,17.24,56757296.0
2018-05-07,HYPE3,30.36,41388465.0
2018-05-07,IGTA3,33.44,26266929.0
2018-05-07,ITSA4,12.27,168793215.0
2018-05-07,ITUB4,47.25,494835600.0
2018-05-07,JBSS3,8.21,75280827.0
2018-05-07,KLBN11,20.79,36164821.0
2018-05-07,KROT3,13.24,71249376.0
2018-05-07,LAME4,18.36,53584262.0
2018-05-07,LREN3,33.88,106387274.0
2018-05-07,MGLU3,96.85,120998439.0
2018-05-07,MRFG3,7.73,15275905.0
2018-05-07,MRVE3,14.57,37239305.0
2018-05-07,MULT3,62.06,31141158.0
2018-05-07,NATU3,31.38,32238659.0
2018-05-07,PCAR4,74.89,85300410.0
2018-05-07,PETR3,24.74,278740063.0
2018-05-07,PETR4,22.65,1090537831.0
2018-05-07,QUAL3,23.45,43691650.0
2018-05-07,RADL3,61.36,91837896.0
2018-05-07,RAIL3,14.62,68995623.0
2018-05-07,RENT3,25.89,55695984.0
2018-05-07,SANB11,36.0,49907798.0
2018-05-07,SAPR11,57.31,12555891.0
2018-05-07,SBSP3,32.43,60902676.0
2018-05-07,SMLS3,70.88,59686226.0
2018-05-07,SUZB3,39.43,104496358.0
2018-05-07,TAEE11,20.51,33894944.0
2018-05-07,TIMP3,15.49,50293568.0
2018-05-07,UGPA3,53.0,98326650.0
2018-05-07,USIM5,10.76,86330706.0
2018-05-07,VALE3,49.24,763120433.0
2018-05-07,VIVT4,47.4,131721281.0
2018-05-07,VVAR11,26.89,76663024.0
2018-05-07,WEGE3,16.92,30920237.0
2018-05-08,ABEV3,22.44,523349438.0
2018-05-08,B3SA3,23.89,146488188.0
2018-05-08,BBAS3,35.84,316102510.0
2018-05-08,BBDC3,30.58,110677449.0
2018-05-08,BBDC4,32.53,457773278.0
2018-05-08,BBSE3,26.9,84336939.0
2018-05-08,BRAP4,32.48,382714952.0
2018-05-08,BRFS3,23.88,110146137.0
2018-05-08,BRKM5,43.64,57025474.0
2018-05-08,BRML3,10.31,137333747.0
2018-05-08,BTOW3,28.25,77092166.0
2018-05-08,CCRO3,11.72,59123053.0
2018-05-08,CIEL3,18.15,163252771.0
2018-05-08,CMIG4,7.83,38442767.0
2018-05-08,CPFE3,22.92,7151208.0
2018-05-08,CPLE6,25.37,12224932.0
2018-05-08,CSAN3,36.95,43295034.0
2018-05-08,CSNA3,8.47,65040660.0
2018-05-08,CVCB3,53.5,64885720.0
2018-05-08,CYRE3,12.92,31083347.0
2018-05-08,ECOR3,9.51,26777119.0
2018-05-08,EGIE3,35.94,27436794.0
2018-05-08,ELET3,18.31,48717985.0
2018-05-08,ELET6,21.27,37849443.0
2018-05-08,EMBR3,22.29,57921852.0
2018-05-08,ENBR3,13.25,18534426.0
2018-05-08,EQTL3,68.22,48567234.0
2018-05-08,ESTC3,30.79,109174096.0
2018-05-08,FIBR3,68.8,67953744.0
2018-05-08,FLRY3,26.5,64710091.0
2018-05-08,GGBR4,16.33,153125329.0
2018-05-08,GOAU4,7.46,75618973.0
2018-05-08,GOLL4,16.86,36117787.0
2018-05-08,HYPE3,30.15,44835542.0
2018-05-08,IGTA3,33.15,21329791.0
2018-05-08,ITSA4,12.3,238407766.0
2018-05-08,ITUB4,47.4,493104262.0
2018-05-08,JBSS3,8.14,95590150.0
2018-05-08,KLBN11,20.79,41198571.0
2018-05-08,KROT3,13.35,86467236.0
2018-05-08,LAME4,18.6,50943284.0
2018-05-08,LREN3,33.61,97042750.0
2018-05-08,MGLU3,110.99,552541829.0
2018-05-08,MRFG3,7.66,19105936.0
2018-05-08,MRVE3,14.7,34087644.0
2018-05-08,MULT3,61.2,40624384.0
2018-05-08,NATU3,31.05,43164916.0
2018-05-08,PCAR4,74.45,58122451.0
2018-05-08,PETR3,24.74,319780394.0
2018-05-08,PETR4,22.91,1854778553.0
2018-05-08,QUAL3,22.98,65203569.0
2018-05-08,RADL3,62.32,122533096.0
2018-05-08,RAIL3,14.7,91546964.0
2018-05-08,RENT3,26.34,214323750.0
2018-05-08,SANB11,35.62,61986829.0
2018-05-08,SAPR11,57.0,15610647.0
2018-05-08,SBSP3,32.78,39493779.0
2018-05-08,SMLS3,68.96,86862329.0
2018-05-08,SUZB3,39.98,200360931.0
2018-05-08,TAEE11,20.3,28778818.0
2018-05-08,TIMP3,15.85,106386204.0
2018-05-08,UGPA3,52.55,101239268.0
2018-05-08,USIM5,10.85,95259966.0
2018-05-08,VALE3,49.19,1105091891.0
2018-05-08,VIVT4,47.26,285136315.0
2018-05-08,VVAR11,27.5,67371004.0
2018-05-08,WEGE3,16.86,80610548.0
2018-05-09,ABEV3,21.91,705925805.0
2018-05-09,B3SA3,24.06,181818445.0
2018-05-09,BBAS3,37.35,479222775.0
2018-05-09,BBDC3,30.62,50308557.0
2018-05-09,BBDC4,32.79,249640775.0
2018-05-09,BBSE3,27.05,62452884.0
2018-05-09,BRAP4,32.58,136039621.0
2018-05-09,BRFS3,24.36,110933885.0
2018-05-09,BRKM5,44.23,62212900.0
2018-05-09,BRML3,10.3,63065380.0
2018-05-09,BTOW3,27.22,99560506.0
2018-05-09,CCRO3,11.67,80780797.0
2018-05-09,CIEL3,17.85,122568905.0
2018-05-09,CMIG4,7.79,36115311.0
2018-05-09,CPFE3,22.67,5567015.0
2018-05-09,CPLE6,24.91,15454604.0
2018-05-09,CSAN3,37.9,52543530.0
2018-05-09,CSNA3,8.7,70781001.0
2018-05-09,CVCB3,53.36,43428668.0
2018-05-09,CYRE3,12.99,22742715.0
2018-05-09,ECOR3,9.46,30549949.0
2018-05-09,EGIE3,35.98,27874310.0
2018-05-09,ELET3,18.65,48019454.0
2018-05-09,ELET6,21.74,37892145.0
2018-05-09,EMBR3,23.08,62316033.0
2018-05-09,ENBR3,13.01,18238908.0
2018-05-09,EQTL3,67.9,43323944.0
2018-05-09,ESTC3,31.07,103114056.0
2018-05-09,FIBR3,70.0,73406663.0
2018-05-09,FLRY3,27.0,75825580.0
2018-05-09,GGBR4,17.36,386830608.0
2018-05-09,GOAU4,7.94,127442100.0
2018-05-09,GOLL4,15.2,112847963.0
2018-05-09,HYPE3,29.94,51809033.0
2018-05-09,IGTA3,33.5,39199407.0
2018-05-09,ITSA4,12.33,202071129.0
2018-05-09,ITUB4,47.55,472648509.0
2018-05-09,JBSS3,8.46,82389313.0
2018-05-09,KLBN11,21.07,211890453.0
2018-05-09,KROT3,12.85,82513666.0
2018-05-09,LAME4,18.7,65284117.0
2018-05-09,LREN3,32.93,77622401.0
2018-05-09,MGLU3,112.63,288302000.0
2018-05-09,MRFG3,8.17,46918857.0
2018-05-09,MRVE3,14.9,23330455.0
2018-05-09,MULT3,61.7,62928777.0
2018-05-09,NATU3,31.26,40177421.0
2018-05-09,PCAR4,77.44,144542987.0
2018-05-09,PETR3,27.22,778543446.0
2018-05-09,PETR4,24.78,2839818411.0
2018-05-09,QUAL3,23.3,63477650.0
2018-05-09,RADL3,63.2,72758937.0
2018-05-09,RAIL3,14.7,65246806.0
2018-05-09,RENT3,26.85,152621382.0
2018-05-09,SANB11,35.69,70378126.0
2018-05-09,SAPR11,58.4,20034083.0
2018-05-09,SBSP3,32.72,49174381.0
2018-05-09,SMLS3,65.8,80949299.0
2018-05-09,SUZB3,42.85,211163859.0
2018-05-09,TAEE11,20.1,30606288.0
2018-05-09,TIMP3,14.87,283143020.0
2018-05-09,UGPA3,52.11,94473378.0
2018-05-09,USIM5,11.08,105836197.0
2018-05-09,VALE3,50.25,837211350.0
2018-05-09,VIVT4,46.9,199586987.0
2018-05-09,VVAR11,27.1,31886230.0
2018-05-09,WEGE3,16.94,50489479.0
2018-05-10,ABEV3,21.8,595580913.0
2018-05-10,B3SA3,24.68,308845241.0
2018-05-10,BBAS3,35.98,740557293.0
2018-05-10,BBDC3,31.38,54139326.0
2018-05-10,BBDC4,33.45,296619625.0
2018-05-10,BBSE3,27.75,93686356.0
2018-05-10,BRAP4,33.73,69387075.0
2018-05-10,BRFS3,24.0,147797136.0
2018-05-10,BRKM5,46.26,136918168.0
2018-05-10,BRML3,10.62,42821474.0
2018-05-10,BTOW3,28.15,143727887.0
2018-05-10,CCRO3,11.94,55895400.0
2018-05-10,CIEL3,18.1,70131756.0
2018-05-10,CMIG4,7.93,46344753.0
2018-05-10,CPFE3,23.12,9154502.0
2018-05-10,CPLE6,25.81,16948412.0
2018-05-10,CSAN3,37.6,81121834.0
2018-05-10,CSNA3,8.99,82507852.0
2018-05-10,CVCB3,53.77,61208144.0
2018-05-10,CYRE3,13.28,32343087.0
2018-05-10,ECOR3,9.5,34585194.0
2018-05-10,EGIE3,37.18,49704319.0
2018-05-10,ELET3,19.26,54534203.0
2018-05-10,ELET6,22.53,32017770.0
2018-05-10,EMBR3,22.47,175322435.0
2018-05-10,ENBR3,13.5,50308189.0
2018-05-10,EQTL3,68.0,35889407.0
2018-05-10,ESTC3,31.0,128257900.0
2018-05-10,FIBR3,69.91,88997789.0
2018-05-10,FLRY3,27.16,88711803.0
2018-05-10,GGBR4,17.85,233547627.0
2018-05-10,GOAU4,8.12,165646203.0
2018-05-10,GOLL4,16.29,90822818.0
2018-05-10,HYPE3,30.23,37546346.0
2018-05-10,IGTA3,35.09,45522136.0
2018-05-10,ITSA4,12.74,207200867.0
2018-05-10,ITUB4,48.85,562475919.0
2018-05-10,JBSS3,8.92,72030339.0
2018-05-10,KLBN11,21.28,69389720.0
2018-05-10,KROT3,13.15,59612267.0
2018-05-10,LAME4,19.09,67683444.0
2018-05-10,LREN3,33.1,85849074.0
2018-05-10,MGLU3,109.5,215009118.0
2018-05-10,MRFG3,8.07,38631806.0
2018-05-10,MRVE3,15.17,27078638.0
2018-05-10,MULT3,63.97,59644512.0
2018-05-10,NATU3,31.4,32796777.0
2018-05-10,PCAR4,80.07,128639623.0
2018-05-10,PETR3,28.84,603516791.0
2018-05-10,PETR4,25.75,3265940952.0
2018-05-10,QUAL3,24.01,54524668.0
2018-05-10,RADL3,67.4,96088388.0
2018-05-10,RAIL3,14.59,68789785.0
2018-05-10,RENT3,26.94,142747034.0
2018-05-10,SANB11,37.1,61043916.0
2018-05-10,SAPR11,58.49,18915772.0
2018-05-10,SBSP3,30.73,101779857.0
2018-05-10,SMLS3,65.72,93405240.0
2018-05-10,SUZB3,42.02,204591953.0
2018-05-10,TAEE11,20.59,53185465.0
2018-05-10,TIMP3,14.61,135716984.0
2018-05-10,UGPA3,53.5,92942066.0
2018-05-10,USIM5,11.13,108829960.0
2018-05-10,VALE3,51.4,730150330.0
2018-05-10,VIVT4,47.12,124512063.0
2018-05-10,VVAR11,27.69,35482313.0
2018-05-10,WEGE3,17.75,50023295.0
2018-05-11,ABEV3,21.85,200594725.0
2018-05-11,B3SA3,23.6,339695701.0
2018-05-11,BBAS3,35.81,329312315.0
2018-05-11,BBDC3,30.7,31420421.0
2018-05-11,BBDC4,32.85,300621452.0
2018-05-11,BBSE3,27.95,93126875.0
2018-05-11,BRAP4,33.92,179316590.0
2018-05-11,BRFS3,23.9,228949000.0
2018-05-11,BRKM5,45.31,60880202.0
2018-05-11,BRML3,10.3,113521065.0
2018-05-11,BTOW3,30.42,178695570.0
2018-05-11,CCRO3,12.11,132806490.0
2018-05-11,CIEL3,18.08,75564318.0
2018-05-11,CMIG4,7.91,56405016.0
2018-05-11,CPFE3,22.65,11597277.0
2018-05-11,CPLE6,25.49,13835150.0
2018-05-11,CSAN3,39.09,85066483.0
2018-05-11,CSNA3,9.28,119062910.0
2018-05-11,CVCB3,51.84,113956961.0
2018-05-11,CYRE3,12.56,41449485.0
2018-05-11,ECOR3,9.15,73016994.0
2018-05-11,EGIE3,36.93,36318514.0
2018-05-11,ELET3,18.9,65472763.0
2018-05-11,ELET6,21.76,29456622.0
2018-05-11,EMBR3,22.36,71405038.0
2018-05-11,ENBR3,15.6,189632997.0
2018-05-11,EQTL3,65.1,187634590.0
2018-05-11,ESTC3,27.93,224455158.0
2018-05-11,FIBR3,70.47,79884810.0
2018-05-11,FLRY3,26.55,46616377.0
2018-05-11,GGBR4,17.75,185320808.0
2018-05-11,GOAU4,8.0,87645685.0
2018-05-11,GOLL4,15.78,55318069.0
2018-05-11,HYPE3,29.72,43831235.0
2018-05-11,IGTA3,33.62,29810918.0
2018-05-11,ITSA4,12.54,125881790.0
2018-05-11,ITUB4,48.07,378032413.0
2018-05-11,JBSS3,8.88,56608070.0
2018-05-11,KLBN11,21.18,41499728.0
2018-05-11,KROT3,11.15,409708827.0
2018-05-11,LAME4,19.63,227597939.0
2018-05-11,LREN3,32.02,102372758.0
2018-05-11,MGLU3,108.65,157884675.0
2018-05-11,MRFG3,7.89,11075626.0
2018-05-11,MRVE3,14.97,55005241.0
2018-05-11,MULT3,62.32,80321589.0
2018-05-11,NATU3,36.0,449791013.0
2018-05-11,PCAR4,80.48,102573592.0
2018-05-11,PETR3,28.95,476846158.0
2018-05-11,PETR4,25.44,1888546696.0
2018-05-11,QUAL3,23.89,124563877.0
2018-05-11,RADL3,69.6,139890098.0
2018-05-11,RAIL3,14.54,71182080.0
2018-05-11,RENT3,25.99,133352312.0
2018-05-11,SANB11,36.51,33901057.0
2018-05-11,SAPR11,57.89,13951592.0
2018-05-11,SBSP3,28.88,78380978.0
2018-05-11,SMLS3,65.9,43164280.0
2018-05-11,SUZB3,43.1,165086006.0
2018-05-11,TAEE11,20.4,44482668.0
2018-05-11,TIMP3,14.14,105044818.0
2018-05-11,UGPA3,54.02,72613852.0
2018-05-11,USIM5,11.02,100618765.0
2018-05-11,VALE3,52.63,1128746163.0
2018-05-11,VIVT4,47.01,110006396.0
2018-05-11,VVAR11,26.63,76548599.0
2018-05-11,WEGE3,17.79,27816328.0
2018-05-14,ABEV3,21.71,285709293.0
2018-05-14,B3SA3,23.29,350378891.0
2018-05-14,BBAS3,34.92,310042613.0
2018-05-14,BBDC3,30.17,44745499.0
2018-05-14,BBDC4,32.38,382657370.0
2018-05-14,BBSE3,27.33,131048394.0
2018-05-14,BRAP4,35.0,103494396.0
2018-05-14,BRFS3,24.67,173349282.0
2018-05-14,BRKM5,45.64,42240103.0
2018-05-14,BRML3,10.06,72614194.0
2018-05-14,BTOW3,29.8,180755448.0
2018-05-14,CCRO3,12.15,81847906.0
2018-05-14,CIEL3,18.15,97452769.0
2018-05-14,CMIG4,7.89,87516825.0
2018-05-14,CPFE3,22.36,8637903.0
2018-05-14,CPLE6,24.65,26409212.0
2018-05-14,CSAN3,39.6,71916638.0
2018-05-14,CSNA3,9.52,133773776.0
2018-05-14,CVCB3,50.65,108814858.0
2018-05-14,CYRE3,12.61,31236722.0
2018-05-14,ECOR3,8.88,32617727.0
2018-05-14,EGIE3,37.0,51715100.0
2018-05-14,ELET3,18.38,41373200.0
2018-05-14,ELET6,21.0,28818826.0
2018-05-14,EMBR3,22.16,80959973.0
2018-05-14,ENBR3,13.9,154873374.0
2018-05-14,EQTL3,63.7,127742029.0
2018-05-14,ESTC3,25.85,213354340.0
2018-05-14,FIBR3,70.89,73794461.0
2018-05-14,FLRY3,25.3,74131966.0
2018-05-14,GGBR4,17.71,114643146.0
2018-05-14,GOAU4,8.04,83572687.0
2018-05-14,GOLL4,15.05,49777754.0
2018-05-14,HYPE3,28.9,49892369.0
2018-05-14,IGTA3,32.93,36658959.0
2018-05-14,ITSA4,12.36,171744203.0
2018-05-14,ITUB4,47.35,515387251.0
2018-05-14,JBSS3,9.03,124307732.0
2018-05-14,KLBN11,21.12,90807147.0
2018-05-14,KROT3,11.1,215020816.0
2018-05-14,LAME4,19.04,134445978.0
2018-05-14,LREN3,31.69,121457509.0
2018-05-14,MGLU3,108.15,160381458.0
2018-05-14,MRFG3,7.86,18461338.0
2018-05-14,MRVE3,14.5,33151677.0
2018-05-14,MULT3,61.0,64589331.0
2018-05-14,NATU3,35.92,99213849.0
2018-05-14,PCAR4,81.07,91079648.0
2018-05-14,PETR3,30.15,488938839.0
2018-05-14,PETR4,26.24,1749273482.0
2018-05-14,QUAL3,22.38,74857330.0
2018-05-14,RADL3,70.24,121190048.0
2018-05-14,RAIL3,14.28,67240373.0
2018-05-14,RENT3,25.18,135578434.0
2018-05-14,SANB11,36.33,55735204.0
2018-05-14,SAPR11,55.95,22292769.0
2018-05-14,SBSP3,28.0,80156860.0
2018-05-14,SMLS3,62.77,75215802.0
2018-05-14,SUZB3,45.25,220123471.0
2018-05-14,TAEE11,20.41,42294107.0
2018-05-14,TIMP3,13.67,103433659.0
2018-05-14,UGPA3,55.11,152283986.0
2018-05-14,USIM5,10.85,114529958.0
2018-05-14,VALE3,54.27,853976090.0
2018-05-14,VIVT4,46.3,97956255.0
2018-05-14,VVAR11,25.82,55741815.0
2018-05-14,WEGE3,17.89,42131857.0
2018-05-15,ABEV3,21.46,295115088.0
2018-05-15,B3SA3,22.8,345189603.0
2018-05-15,BBAS3,33.97,412483275.0
2018-05-15,BBDC3,30.0,71536822.0
2018-05-15,BBDC4,32.19,409105370.0
2018-05-15,BBSE3,26.93,70194305.0
2018-05-15,BRAP4,35.0,75817396.0
2018-05-15,BRFS3,23.95,184577559.0
2018-05-15,BRKM5,47.5,91589224.0
2018-05-15,BRML3,10.47,154870597.0
2018-05-15,BTOW3,28.21,59244670.0
2018-05-15,CCRO3,11.86,96139576.0
2018-05-15,CIEL3,17.73,86246826.0
2018-05-15,CMIG4,7.81,88072633.0
2018-05-15,CPFE3,21.9,8081119.0
2018-05-15,CPLE6,24.15,23155909.0
2018-05-15,CSAN3,40.35,87896138.0
2018-05-15,CSNA3,9.4,127934802.0
2018-05-15,CVCB3,50.0,162366240.0
2018-05-15,CYRE3,12.55,30813343.0
2018-05-15,ECOR3,8.89,38706700.0
2018-05-15,EGIE3,36.97,48036182.0
2018-05-15,ELET3,18.81,34641810.0
2018-05-15,ELET6,21.76,31264680.0
2018-05-15,EMBR3,23.1,77064341.0
2018-05-15,ENBR3,13.49,61960405.0
2018-05-15,EQTL3,63.32,84682349.0
2018-05-15,ESTC3,26.09,269785402.0
2018-05-15,FIBR3,71.19,117138359.0
2018-05-15,FLRY3,25.2,69254821.0
2018-05-15,GGBR4,17.78,157573336.0
2018-05-15,GOAU4,7.95,66503436.0
2018-05-15,GOLL4,14.9,48840494.0
2018-05-15,HYPE3,28.51,80382134.0
2018-05-15,IGTA3,32.28,57729937.0
2018-05-15,ITSA4,12.19,213710999.0
2018-05-15,ITUB4,47.17,531528349.0
2018-05-15,JBSS3,9.2,111550205.0
2018-05-15,KLBN11,21.95,116398928.0
2018-05-15,KROT3,11.23,90346307.0
2018-05-15,LAME4,18.59,90810607.0
2018-05-15,LREN3,30.6,150808991.0
2018-05-15,MGLU3,106.47,179740590.0
2018-05-15,MRFG3,7.93,24815090.0
2018-05-15,MRVE3,14.07,34662479.0
2018-05-15,MULT3,60.99,118849043.0
2018-05-15,NATU3,37.79,149618611.0
2018-05-15,PCAR4,78.7,87091230.0
2018-05-15,PETR3,30.91,586018126.0
2018-05-15,PETR4,26.79,1988380424.0
2018-05-15,QUAL3,21.02,198043497.0
2018-05-15,RADL3,69.9,116670285.0
2018-05-15,RAIL3,14.06,84164386.0
2018-05-15,RENT3,25.75,159698359.0
2018-05-15,SANB11,35.86,46541378.0
2018-05-15,SAPR11,54.0,28915636.0
2018-05-15,SBSP3,27.72,123555765.0
2018-05-15,SMLS3,60.06,72760639.0
2018-05-15,SUZB3,45.99,302951806.0
2018-05-15,TAEE11,19.0,96011078.0
2018-05-15,TIMP3,13.79,49439564.0
2018-05-15,UGPA3,53.98,107879651.0
2018-05-15,USIM5,10.38,155552483.0
2018-05-15,VALE3,54.65,861967139.0
2018-05-15,VIVT4,46.97,227083352.0
2018-05-15,VVAR11,25.32,66786185.0
2018-05-15,WEGE3,18.6,67074143.0
2018-05-16,ABEV3,21.51,329360396.0
2018-05-16,B3SA3,23.08,179718457.0
2018-05-16,BBAS3,34.47,258148393.0
2018-05-16,BBDC3,30.62,32990251.0
2018-05-16,BBDC4,32.71,248939661.0
2018-05-16,BBSE3,27.35,85701601.0
2018-05-16,BRAP4,36.4,91740607.0
2018-05-16,BRFS3,23.36,114365403.0
2018-05-16,BRKM5,50.0,127083701.0
2018-05-16,BRML3,10.44,92411622.0
2018-05-16,BTOW3,28.58,42419431.0
2018-05-16,CCRO3,11.99,49967604.0
2018-05-16,CIEL3,17.52,114895478.0
2018-05-16,CMIG4,8.04,101776966.0
2018-05-16,CPFE3,22.09,11618153.0
2018-05-16,CPLE6,24.83,27678604.0
2018-05-16,CSAN3,39.96,106683392.0
2018-05-16,CSNA3,9.58,76922465.0
2018-05-16,CVCB3,51.93,74345954.0
2018-05-16,CYRE3,12.71,19421185.0
2018-05-16,ECOR3,8.97,19942674.0
2018-05-16,EGIE3,38.7,64439465.0
2018-05-16,ELET3,18.75,44920470.0
2018-05-16,ELET6,21.29,23458089.0
2018-05-16,EMBR3,23.3,44498051.0
2018-05-16,ENBR3,13.55,54230928.0
2018-05-16,EQTL3,64.0,98273642.0
2018-05-16,ESTC3,28.7,316831350.0
2018-05-16,FIBR3,70.62,62043116.0
2018-05-16,FLRY3,25.48,51272871.0
2018-05-16,GGBR4,18.25,219868910.0
2018-05-16,GOAU4,8.16,94099675.0
2018-05-16,GOLL4,14.87,34929633.0
2018-05-16,HYPE3,28.75,66218900.0
2018-05-16,IGTA3,33.3,53488046.0
2018-05-16,ITSA4,12.31,136175281.0
2018-05-16,ITUB4,47.99,400461604.0
2018-05-16,JBSS3,9.42,66929609.0
2018-05-16,KLBN11,22.4,80466947.0
2018-05-16,KROT3,11.58,252913758.0
2018-05-16,LAME4,18.9,53916811.0
2018-05-16,LREN3,31.05,123930390.0
2018-05-16,MGLU3,112.21,239356238.0
2018-05-16,MRFG3,8.07,19107181.0
2018-05-16,MRVE3,14.47,22906116.0
2018-05-16,MULT3,61.07,39647094.0
2018-05-16,NATU3,36.5,120155892.0
2018-05-16,PCAR4,82.15,144230484.0
2018-05-16,PETR3,31.63,347876691.0
2018-05-16,PETR4,27.39,1759874382.0
2018-05-16,QUAL3,22.04,101085798.0
2018-05-16,RADL3,71.18,72858560.0
2018-05-16,RAIL3,14.22,40317376.0
2018-05-16,RENT3,26.14,134395873.0
2018-05-16,SANB11,36.98,56495923.0
2018-05-16,SAPR11,54.88,24533547.0
2018-05-16,SBSP3,27.98,87084316.0
2018-05-16,SMLS3,60.95,45534640.0
2018-05-16,SUZB3,44.49,193138738.0
2018-05-16,TAEE11,19.15,57303114.0
2018-05-16,TIMP3,14.31,90359691.0
2018-05-16,UGPA3,54.44,98710193.0
2018-05-16,USIM5,10.89,144632417.0
2018-05-16,VALE3,55.9,1166371189.0
2018-05-16,VIVT4,47.94,95201326.0
2018-05-16,VVAR11,27.11,100290908.0
2018-05-16,WEGE3,19.08,36308785.0
2018-05-17,ABEV3,21.09,498258214.0
2018-05-17,B3SA3,22.11,419664599.0
2018-05-17,BBAS3,32.87,456321055.0
2018-05-17,BBDC3,28.96,72500824.0
2018-05-17,BBDC4,31.35,585844156.0
2018-05-17,BBSE3,26.5,75075322.0
2018-05-17,BRAP4,35.52,76747309.0
2018-05-17,BRFS3,22.0,295356109.0
2018-05-17,BRKM5,48.42,85321610.0
2018-05-17,BRML3,10.0,90885450.0
2018-05-17,BTOW3,26.82,104896601.0
2018-05-17,CCRO3,11.39,105282469.0
2018-05-17,CIEL3,17.0,185005346.0
2018-05-17,CMIG4,7.81,95819499.0
2018-05-17,CPFE3,21.82,15328908.0
2018-05-17,CPLE6,24.05,21229322.0
2018-05-17,CSAN3,40.3,1026593615.0
2018-05-17,CSNA3,9.31,119371577.0
2018-05-17,CVCB3,49.9,83134420.0
2018-05-17,CYRE3,12.37,43152395.0
2018-05-17,ECOR3,8.61,33129292.0
2018-05-17,EGIE3,37.88,54102135.0
2018-05-17,ELET3,18.99,74321735.0
2018-05-17,ELET6,21.05,46643721.0
2018-05-17,EMBR3,22.75,86051733.0
2018-05-17,ENBR3,13.68,140021072.0
2018-05-17,EQTL3,62.5,114387880.0
2018-05-17,ESTC3,27.05,179888605.0
2018-05-17,FIBR3,70.64,106233157.0
2018-05-17,FLRY3,24.7,57964031.0
2018-05-17,GGBR4,17.96,230081769.0
2018-05-17,GOAU4,8.09,97413541.0
2018-05-17,GOLL4,14.15,45552402.0
2018-05-17,HYPE3,27.45,82171834.0
2018-05-17,IGTA3,32.23,52167333.0
2018-05-17,ITSA4,11.77,276994405.0
2018-05-17,ITUB4,45.48,1046919637.0
2018-05-17,JBSS3,9.29,70253923.0
2018-05-17,KLBN11,22.15,89930248.0
2018-05-17,KROT3,10.94,132264016.0
2018-05-17,LAME4,18.03,95905457.0
2018-05-17,LREN3,30.39,193872979.0
2018-05-17,MGLU3,109.35,182433690.0
2018-05-17,MRFG3,7.83,17742216.0
2018-05-17,MRVE3,13.91,27957184.0
2018-05-17,MULT3,59.08,100908641.0
2018-05-17,NATU3,35.24,103191519.0
2018-05-17,PCAR4,78.7,79948392.0
2018-05-17,PETR3,30.21,740050109.0
2018-05-17,PETR4,25.95,3006152577.0
2018-05-17,QUAL3,21.02,89573642.0
2018-05-17,RADL3,69.25,218542856.0
2018-05-17,RAIL3,13.97,125701342.0
2018-05-17,RENT3,24.81,128488276.0
2018-05-17,SANB11,35.44,100175796.0
2018-05-17,SAPR11,53.32,19255202.0
2018-05-17,SBSP3,27.6,62366456.0
2018-05-17,SMLS3,58.09,84771678.0
2018-05-17,SUZB3,44.42,235323610.0
2018-05-17,TAEE11,18.98,38890050.0
2018-05-17,TIMP3,13.4,99048413.0
2018-05-17,UGPA3,53.12,115602454.0
2018-05-17,USIM5,10.79,129397922.0
2018-05-17,VALE3,55.38,1119792152.0
2018-05-17,VIVT4,46.66,88176202.0
2018-05-17,VVAR11,25.62,76805558.0
2018-05-17,WEGE3,18.69,56441050.0
2018-05-18,ABEV3,20.63,1322942713.0
2018-05-18,B3SA3,22.28,309447925.0
2018-05-18,BBAS3,32.69,381038629.0
2018-05-18,BBDC3,29.14,77965070.0
2018-05-18,BBDC4,31.49,817239910.0
2018-05-18,BBSE3,26.67,135987021.0
2018-05-18,BRAP4,34.57,132299979.0
2018-05-18,BRFS3,21.65,190368053.0
2018-05-18,BRKM5,48.26,88399273.0
2018-05-18,BRML3,9.98,110446538.0
2018-05-18,BTOW3,26.61,84100390.0
2018-05-18,CCRO3,11.41,101045238.0
2018-05-18,CIEL3,16.95,141686376.0
2018-05-18,CMIG4,7.66,89411978.0
2018-05-18,CPFE3,21.79,9524976.0
2018-05-18,CPLE6,23.76,20092466.0
2018-05-18,CSAN3,40.0,125811943.0
2018-05-18,CSNA3,9.27,81807024.0
2018-05-18,CVCB3,49.55,127777316.0
2018-05-18,CYRE3,12.8,50389295.0
2018-05-18,ECOR3,8.3,35551679.0
2018-05-18,EGIE3,38.68,65423579.0
2018-05-18,ELET3,18.45,39681521.0
2018-05-18,ELET6,20.23,27108212.0
2018-05-18,EMBR3,22.86,81958061.0
2018-05-18,ENBR3,13.34,68481212.0
2018-05-18,EQTL3,61.75,178500264.0
2018-05-18,ESTC3,26.35,130029380.0
2018-05-18,FIBR3,71.43,126036848.0
2018-05-18,FLRY3,24.69,80620999.0
2018-05-18,GGBR4,17.76,182244829.0
2018-05-18,GOAU4,8.05,88231218.0
2018-05-18,GOLL4,14.21,39281612.0
2018-05-18,HYPE3,27.5,136478463.0
2018-05-18,IGTA3,31.9,52795856.0
2018-05-18,ITSA4,11.6,434511101.0
2018-05-18,ITUB4,45.16,1775664332.0
2018-05-18,JBSS3,9.45,76220355.0
2018-05-18,KLBN11,22.0,76890590.0
2018-05-18,KROT3,10.63,102899587.0
2018-05-18,LAME4,18.0,107448180.0
2018-05-18,LREN3,30.12,309457941.0
2018-05-18,MGLU3,105.09,347539207.0
2018-05-18,MRFG3,7.88,27002472.0
2018-05-18,MRVE3,14.11,46003674.0
2018-05-18,MULT3,58.87,63208110.0
2018-05-18,NATU3,35.18,105736386.0
2018-05-18,PCAR4,78.16,95108429.0
2018-05-18,PETR3,30.15,513222337.0
2018-05-18,PETR4,25.65,2130680449.0
2018-05-18,QUAL3,20.82,91712880.0
2018-05-18,RADL3,66.26,185455436.0
2018-05-18,RAIL3,13.66,148377355.0
2018-05-18,RENT3,25.14,199187000.0
2018-05-18,SANB11,35.5,122436670.0
2018-05-18,SAPR11,53.0,49396680.0
2018-05-18,SBSP3,26.37,71876709.0
2018-05-18,SMLS3,57.4,89624405.0
2018-05-18,SUZB3,46.19,214708628.0
2018-05-18,TAEE11,18.8,36113374.0
2018-05-18,TIMP3,13.3,107407896.0
2018-05-18,UGPA3,54.58,250505996.0
2018-05-18,USIM5,10.68,98629593.0
2018-05-18,VALE3,54.77,1218234675.0
2018-05-18,VIVT4,45.6,149903908.0
2018-05-18,VVAR11,24.71,77476114.0
2018-05-18,WEGE3,18.3,65756892.0
2018-05-21,ABEV3,20.3,555146058.0
2018-05-21,B3SA3,22.15,195343222.0
2018-05-21,BBAS3,31.91,308520133.0
2018-05-21,BBDC3,28.2,72933518.0
2018-05-21,BBDC4,31.04,625167598.0
2018-05-21,BBSE3,26.65,99749915.0
2018-05-21,BRAP4,33.89,68088996.0
2018-05-21,BRFS3,21.63,133695003.0
2018-05-21,BRKM5,46.65,109014501.0
2018-05-21,BRML3,10.17,78227792.0
2018-05-21,BTOW3,26.84,50959490.0
2018-05-21,CCRO3,11.4,204711060.0
2018-05-21,CIEL3,16.71,84582643.0
2018-05-21,CMIG4,7.75,151715265.0
2018-05-21,CPFE3,21.63,10332515.0
2018-05-21,CPLE6,24.3,15897927.0
2018-05-21,CSAN3,39.98,72840852.0
2018-05-21,CSNA3,9.05,75724070.0
2018-05-21,CVCB3,50.5,73287107.0
2018-05-21,CYRE3,12.62,25216887.0
2018-05-21,ECOR3,8.3,41265248.0
2018-05-21,EGIE3,38.6,39807016.0
2018-05-21,ELET3,17.71,55393166.0
2018-05-21,ELET6,19.95,26377775.0
2018-05-21,EMBR3,22.62,68252942.0
2018-05-21,ENBR3,13.43,65875446.0
2018-05-21,EQTL3,60.8,116867937.0
2018-05-21,ESTC3,26.4,83687691.0
2018-05-21,FIBR3,71.5,106252735.0
2018-05-21,FLRY3,24.66,51949747.0
2018-05-21,GGBR4,17.17,227847336.0
2018-05-21,GOAU4,7.85,84046861.0
2018-05-21,GOLL4,14.74,39387689.0
2018-05-21,HYPE3,27.5,118938231.0
2018-05-21,IGTA3,32.4,31804358.0
2018-05-21,ITSA4,11.53,225073615.0
2018-05-21,ITUB4,44.54,772087713.0
2018-05-21,JBSS3,9.57,64498674.0
2018-05-21,KLBN11,21.98,50519522.0
2018-05-21,KROT3,10.8,80036680.0
2018-05-21,LAME4,18.11,64686599.0
2018-05-21,LREN3,30.23,111807938.0
2018-05-21,MGLU3,109.53,168872766.0
2018-05-21,MRFG3,7.67,17412652.0
2018-05-21,MRVE3,14.05,18535018.0
2018-05-21,MULT3,59.01,46342266.0
2018-05-21,NATU3,35.12,47568004.0
2018-05-21,PCAR4,79.37,61411185.0
2018-05-21,PETR3,29.14,453112884.0
2018-05-21,PETR4,25.05,1949005822.0
2018-05-21,QUAL3,20.35,58784409.0
2018-05-21,RADL3,65.1,96127344.0
2018-05-21,RAIL3,13.92,81628144.0
2018-05-21,RENT3,25.12,102564962.0
2018-05-21,SANB11,35.25,93844844.0
2018-05-21,SAPR11,52.19,14782701.0
2018-05-21,SBSP3,25.83,31383662.0
2018-05-21,SMLS3,58.88,46035983.0
2018-05-21,SUZB3,45.72,276203020.0
2018-05-21,TAEE11,18.77,42120931.0
2018-05-21,TIMP3,13.35,51732161.0
2018-05-21,UGPA3,51.34,111309654.0
2018-05-21,USIM5,10.39,107303882.0
2018-05-21,VALE3,53.0,1214405305.0
2018-05-21,VIVT4,45.01,81253222.0
2018-05-21,VVAR11,24.8,34061481.0
2018-05-21,WEGE3,17.93,54828733.0
2018-05-22,ABEV3,20.15,538233799.0
2018-05-22,B3SA3,23.35,321566687.0
2018-05-22,BBAS3,32.4,346696480.0
2018-05-22,BBDC3,28.93,90448432.0
2018-05-22,BBDC4,31.93,470980650.0
2018-05-22,BBSE3,27.7,89567303.0
2018-05-22,BRAP4,33.55,54749305.0
2018-05-22,BRFS3,22.13,132414134.0
2018-05-22,BRKM5,46.13,69655600.0
2018-05-22,BRML3,10.46,82603331.0
2018-05-22,BTOW3,27.76,58064244.0
2018-05-22,CCRO3,11.38,91089983.0
2018-05-22,CIEL3,16.76,97660050.0
2018-05-22,CMIG4,8.15,170694666.0
2018-05-22,CPFE3,22.4,12616687.0
2018-05-22,CPLE6,24.95,13489363.0
2018-05-22,CSAN3,40.34,51916154.0
2018-05-22,CSNA3,9.19,76849728.0
2018-05-22,CVCB3,53.34,117212911.0
2018-05-22,CYRE3,13.38,33781992.0
2018-05-22,ECOR3,8.32,39355982.0
2018-05-22,EGIE3,38.22,66005513.0
2018-05-22,ELET3,18.04,70990267.0
2018-05-22,ELET6,20.7,31541835.0
2018-05-22,EMBR3,22.62,54477831.0
2018-05-22,ENBR3,13.75,47442459.0
2018-05-22,EQTL3,62.01,106391619.0
2018-05-22,ESTC3,26.55,122823660.0
2018-05-22,FIBR3,70.07,79286410.0
2018-05-22,FLRY3,25.5,40188952.0
2018-05-22,GGBR4,16.9,189709882.0
2018-05-22,GOAU4,7.76,78962016.0
2018-05-22,GOLL4,15.0,60368511.0
2018-05-22,HYPE3,28.25,85602038.0
2018-05-22,IGTA3,33.21,62510631.0
2018-05-22,ITSA4,12.03,410205861.0
2018-05-22,ITUB4,45.62,997834725.0
2018-05-22,JBSS3,9.53,62716933.0
2018-05-22,KLBN11,21.65,110490805.0
2018-05-22,KROT3,11.41,150375933.0
2018-05-22,LAME4,18.8,67300096.0
2018-05-22,LREN3,31.71,201132611.0
2018-05-22,MGLU3,114.0,214241128.0
2018-05-22,MRFG3,7.9,51410432.0
2018-05-22,MRVE3,14.5,35173682.0
2018-05-22,MULT3,60.89,49340049.0
2018-05-22,NATU3,35.4,68237187.0
2018-05-22,PCAR4,81.28,107652335.0
2018-05-22,PETR3,28.42,546253230.0
2018-05-22,PETR4,24.71,2168992935.0
2018-05-22,QUAL3,21.43,60326293.0
2018-05-22,RADL3,66.61,66931401.0
2018-05-22,RAIL3,14.9,143163577.0
2018-05-22,RENT3,26.54,135948067.0
2018-05-22,SANB11,35.35,42616295.0
2018-05-22,SAPR11,53.3,18548826.0
2018-05-22,SBSP3,26.26,31969187.0
2018-05-22,SMLS3,61.05,50039974.0
2018-05-22,SUZB3,42.98,335645224.0
2018-05-22,TAEE11,19.45,46655566.0
2018-05-22,TIMP3,13.67,104514610.0
2018-05-22,UGPA3,52.34,93423561.0
2018-05-22,USIM5,10.23,102597549.0
2018-05-22,VALE3,52.34,1073668131.0
2018-05-22,VIVT4,45.24,147811874.0
2018-05-22,VVAR11,25.42,64346086.0
2018-05-22,WEGE3,18.04,52021027.0
2018-05-23,ABEV3,20.05,400335963.0
2018-05-23,B3SA3,22.1,196321867.0
2018-05-23,BBAS3,31.7,282178425.0
2018-05-23,BBDC3,28.1,41556768.0
2018-05-23,BBDC4,31.09,367685006.0
2018-05-23,BBSE3,27.5,56190992.0
2018-05-23,BRAP4,33.03,26894344.0
2018-05-23,BRFS3,21.42,117095979.0
2018-05-23,BRKM5,45.92,39563676.0
2018-05-23,BRML3,10.34,44230622.0
2018-05-23,BTOW3,27.0,29172051.0
2018-05-23,CCRO3,11.01,42240705.0
2018-05-23,CIEL3,16.81,65632630.0
2018-05-23,CMIG4,8.14,157135569.0
2018-05-23,CPFE3,22.24,7873963.0
2018-05-23,CPLE6,25.04,21951906.0
2018-05-23,CSAN3,40.93,94630127.0
2018-05-23,CSNA3,8.7,90891920.0
2018-05-23,CVCB3,50.99,60395546.0
2018-05-23,CYRE3,12.99,30540217.0
2018-05-23,ECOR3,8.06,34333324.0
2018-05-23,EGIE3,38.24,34145911.0
2018-05-23,ELET3,15.97,134648806.0
2018-05-23,ELET6,18.75,77201715.0
2018-05-23,EMBR3,22.95,58705767.0
2018-05-23,ENBR3,13.44,31991971.0
2018-05-23,EQTL3,61.05,76340048.0
2018-05-23,ESTC3,26.79,106038212.0
2018-05-23,FIBR3,69.94,95408397.0
2018-05-23,FLRY3,24.75,36882079.0
2018-05-23,GGBR4,16.52,88189053.0
2018-05-23,GOAU4,7.68,65640906.0
2018-05-23,GOLL4,14.2,35742053.0
2018-05-23,HYPE3,28.0,47091369.0
2018-05-23,IGTA3,31.9,47567844.0
2018-05-23,ITSA4,11.75,326759264.0
2018-05-23,ITUB4,44.76,921490275.0
2018-05-23,JBSS3,9.5,70455396.0
2018-05-23,KLBN11,21.5,51727703.0
2018-05-23,KROT3,11.45,97294456.0
2018-05-23,LAME4,18.49,44765645.0
2018-05-23,LREN3,30.9,108361662.0
2018-05-23,MGLU3,111.88,158071089.0
2018-05-23,MRFG3,8.5,80852835.0
2018-05-23,MRVE3,14.44,37895679.0
2018-05-23,MULT3,59.25,29092022.0
2018-05-23,NATU3,34.3,51358662.0
2018-05-23,PCAR4,79.0,71127937.0
2018-05-23,PETR3,27.15,349798589.0
2018-05-23,PETR4,23.27,1779943728.0
2018-05-23,QUAL3,19.72,130187858.0
2018-05-23,RADL3,63.85,80316169.0
2018-05-23,RAIL3,14.32,100107947.0
2018-05-23,RENT3,26.01,65988070.0
2018-05-23,SANB11,35.13,65079143.0
2018-05-23,SAPR11,52.5,13435623.0
2018-05-23,SBSP3,25.93,33224834.0
2018-05-23,SMLS3,59.25,28822256.0
2018-05-23,SUZB3,42.71,163030541.0
2018-05-23,TAEE11,18.9,47802386.0
2018-05-23,TIMP3,13.46,48341557.0
2018-05-23,UGPA3,50.13,88208780.0
2018-05-23,USIM5,9.85,118937067.0
2018-05-23,VALE3,51.94,812282943.0
2018-05-23,VIVT4,44.73,64927575.0
2018-05-23,VVAR11,24.11,42946612.0
2018-05-23,WEGE3,18.02,47331702.0
2018-05-24,ABEV3,20.33,431341920.0
2018-05-24,B3SA3,21.6,378371816.0
2018-05-24,BBAS3,30.73,624887885.0
2018-05-24,BBDC3,28.19,47491347.0
2018-05-24,BBDC4,31.14,324868455.0
2018-05-24,BBSE3,28.0,165170088.0
2018-05-24,BRAP4,33.33,35443269.0
2018-05-24,BRFS3,22.79,289376589.0
2018-05-24,BRKM5,48.48,104686529.0
2018-05-24,BRML3,10.6,64783532.0
2018-05-24,BTOW3,26.33,30537395.0
2018-05-24,CCRO3,10.79,69203641.0
2018-05-24,CIEL3,17.33,183539898.0
2018-05-24,CMIG4,8.16,105947016.0
2018-05-24,CPFE3,22.87,17082725.0
2018-05-24,CPLE6,24.85,17536685.0
2018-05-24,CSAN3,40.17,74914937.0
2018-05-24,CSNA3,8.6,71142342.0
2018-05-24,CVCB3,51.77,70316252.0
2018-05-24,CYRE3,12.69,33538790.0
2018-05-24,ECOR3,8.22,47689832.0
2018-05-24,EGIE3,37.69,46996381.0
2018-05-24,ELET3,15.25,107583143.0
2018-05-24,ELET6,17.53,71191366.0
2018-05-24,EMBR3,23.2,54679519.0
2018-05-24,ENBR3,13.55,49288122.0
2018-05-24,EQTL3,61.72,127226603.0
2018-05-24,ESTC3,27.0,161231597.0
2018-05-24,FIBR3,71.55,131148924.0
2018-05-24,FLRY3,25.2,32501549.0
2018-05-24,GGBR4,16.54,225103620.0
2018-05-24,GOAU4,7.54,95825157.0
2018-05-24,GOLL4,14.15,40682055.0
2018-05-24,HYPE3,27.9,289098899.0
2018-05-24,IGTA3,32.71,39169090.0
2018-05-24,ITSA4,11.94,243287472.0
2018-05-24,ITUB4,45.35,736273135.0
2018-05-24,JBSS3,9.49,52530481.0
2018-05-24,KLBN11,21.25,126903618.0
2018-05-24,KROT3,11.81,74370066.0
2018-05-24,LAME4,18.89,69442752.0
2018-05-24,LREN3,31.9,109799295.0
2018-05-24,MGLU3,112.99,174412750.0
2018-05-24,MRFG3,8.35,35960559.0
2018-05-24,MRVE3,14.5,35638391.0
2018-05-24,MULT3,60.35,44074065.0
2018-05-24,NATU3,35.0,108207849.0
2018-05-24,PCAR4,80.15,95384347.0
2018-05-24,PETR3,23.2,859694436.0
2018-05-24,PETR4,20.08,4848021042.0
2018-05-24,QUAL3,19.5,82522767.0
2018-05-24,RADL3,63.0,107901001.0
2018-05-24,RAIL3,14.45,74991467.0
2018-05-24,RENT3,25.6,98991084.0
2018-05-24,SANB11,35.12,46160594.0
2018-05-24,SAPR11,52.64,26110746.0
2018-05-24,SBSP3,26.1,23879305.0
2018-05-24,SMLS3,58.8,28622502.0
2018-05-24,SUZB3,45.28,254328375.0
2018-05-24,TAEE11,18.74,54696322.0
2018-05-24,TIMP3,13.61,65933263.0
2018-05-24,UGPA3,50.4,73490636.0
2018-05-24,USIM5,9.6,107266548.0
2018-05-24,VALE3,52.46,759303397.0
2018-05-24,VIVT4,45.4,71765023.0
2018-05-24,VVAR11,24.54,58574484.0
2018-05-24,WEGE3,18.82,65261974.0
2018-05-25,ABEV3,20.16,474954458.0
2018-05-25,B3SA3,21.02,444364371.0
2018-05-25,BBAS3,30.09,295914932.0
2018-05-25,BBDC3,27.6,54484131.0
2018-05-25,BBDC4,30.52,456996833.0
2018-05-25,BBSE3,27.35,99148251.0
2018-05-25,BRAP4,32.4,37903775.0
2018-05-25,BRFS3,22.29,116239564.0
2018-05-25,BRKM5,47.5,50783063.0
2018-05-25,BRML3,10.5,81836851.0
2018-05-25,BTOW3,25.3,25542901.0
2018-05-25,CCRO3,10.6,65614884.0
2018-05-25,CIEL3,17.15,69705957.0
2018-05-25,CMIG4,7.77,110100994.0
2018-05-25,CPFE3,22.75,10234588.0
2018-05-25,CPLE6,24.62,14224523.0
2018-05-25,CSAN3,39.62,63738121.0
2018-05-25,CSNA3,8.17,99468192.0
2018-05-25,CVCB3,51.25,41660602.0
2018-05-25,CYRE3,12.44,23727822.0
2018-05-25,ECOR3,7.94,22900951.0
2018-05-25,EGIE3,37.61,34292165.0
2018-05-25,ELET3,15.06,50530520.0
2018-05-25,ELET6,18.07,42234352.0
2018-05-25,EMBR3,23.4,51771854.0
2018-05-25,ENBR3,13.84,51195632.0
2018-05-25,EQTL3,60.7,89002145.0
2018-05-25,ESTC3,26.49,57073169.0
2018-05-25,FIBR3,71.32,70526707.0
2018-05-25,FLRY3,25.08,52806790.0
2018-05-25,GGBR4,15.85,264090902.0
2018-05-25,GOAU4,7.19,108333636.0
2018-05-25,GOLL4,14.39,32203401.0
2018-05-25,HYPE3,28.0,62124485.0
2018-05-25,IGTA3,32.4,38259962.0
2018-05-25,ITSA4,11.77,202565406.0
2018-05-25,ITUB4,44.95,508810661.0
2018-05-25,JBSS3,9.61,74471806.0
2018-05-25,KLBN11,21.25,103901726.0
2018-05-25,KROT3,11.44,76885643.0
2018-05-25,LAME4,18.31,72032924.0
2018-05-25,LREN3,31.0,100013089.0
2018-05-25,MGLU3,112.0,190478048.0
2018-05-25,MRFG3,8.25,15139405.0
2018-05-25,MRVE3,14.45,37601205.0
2018-05-25,MULT3,60.11,49148011.0
2018-05-25,NATU3,34.34,43904312.0
2018-05-25,PCAR4,78.67,60134506.0
2018-05-25,PETR3,23.03,592682979.0
2018-05-25,PETR4,19.8,2667916919.0
2018-05-25,QUAL3,19.11,71250445.0
2018-05-25,RADL3,61.92,54537906.0
2018-05-25,RAIL3,14.22,63949938.0
2018-05-25,RENT3,24.78,82390800.0
2018-05-25,SANB11,34.66,31245843.0
2018-05-25,SAPR11,52.15,13403111.0
2018-05-25,SBSP3,26.2,47218440.0
2018-05-25,SMLS3,58.89,34121564.0
2018-05-25,SUZB3,44.32,215846243.0
2018-05-25,TAEE11,18.73,74025007.0
2018-05-25,TIMP3,13.51,48599022.0
2018-05-25,UGPA3,48.66,71293181.0
2018-05-25,USIM5,9.01,173043901.0
2018-05-25,VALE3,51.48,677238430.0
2018-05-25,VIVT4,45.75,118306782.0
2018-05-25,VVAR11,23.9,66445437.0
2018-05-25,WEGE3,18.7,59499143.0
2018-05-28,ABEV3,19.76,240338557.0
2018-05-28,B3SA3,20.53,210751762.0
2018-05-28,BBAS3,27.88,416367422.0
2018-05-28,BBDC3,26.65,52887782.0
2018-05-28,BBDC4,29.23,252060557.0
2018-05-28,BBSE3,26.86,91109739.0
2018-05-28,BRAP4,31.75,52569302.0
2018-05-28,BRFS3,22.0,116832712.0
2018-05-28,BRKM5,45.8,38452582.0
2018-05-28,BRML3,10.0,77769754.0
2018-05-28,BTOW3,23.6,57831497.0
2018-05-28,CCRO3,10.12,56573142.0
2018-05-28,CIEL3,16.89,66396519.0
2018-05-28,CMIG4,7.29,71405178.0
2018-05-28,CPFE3,22.39,8916340.0
2018-05-28,CPLE6,23.55,10645805.0
2018-05-28,CSAN3,37.48,89673068.0
2018-05-28,CSNA3,7.35,87726558.0
2018-05-28,CVCB3,47.5,109265288.0
2018-05-28,CYRE3,11.53,34135390.0
2018-05-28,ECOR3,7.45,25197544.0
2018-05-28,EGIE3,36.98,13672997.0
2018-05-28,ELET3,14.0,33874030.0
2018-05-28,ELET6,16.35,25358062.0
2018-05-28,EMBR3,22.35,56627312.0
2018-05-28,ENBR3,13.24,35139513.0
2018-05-28,EQTL3,59.47,47521691.0
2018-05-28,ESTC3,24.42,73901927.0
2018-05-28,FIBR3,72.13,90024512.0
2018-05-28,FLRY3,23.86,22797091.0
2018-05-28,GGBR4,14.86,139498238.0
2018-05-28,GOAU4,6.65,105938361.0
2018-05-28,GOLL4,13.25,25132699.0
2018-05-28,HYPE3,26.99,32506489.0
2018-05-28,IGTA3,31.57,38210336.0
2018-05-28,ITSA4,11.28,171083735.0
2018-05-28,ITUB4,43.05,572806798.0
2018-05-28,JBSS3,9.46,59852531.0
2018-05-28,KLBN11,20.6,117040063.0
2018-05-28,KROT3,10.75,59353581.0
2018-05-28,LAME4,17.33,82623269.0
2018-05-28,LREN3,29.99,91153152.0
2018-05-28,MGLU3,105.0,259617643.0
2018-05-28,MRFG3,8.07,8422746.0
2018-05-28,MRVE3,13.59,20679347.0
2018-05-28,MULT3,57.78,32681244.0
2018-05-28,NATU3,33.5,54596262.0
2018-05-28,PCAR4,73.51,64286406.0
2018-05-28,PETR3,19.79,333223179.0
2018-05-28,PETR4,16.91,2413916109.0
2018-05-28,QUAL3,18.18,68036083.0
2018-05-28,RADL3,61.73,52495862.0
2018-05-28,RAIL3,13.52,116452338.0
2018-05-28,RENT3,23.85,96922804.0
2018-05-28,SANB11,33.39,38896430.0
2018-05-28,SAPR11,50.3,23196610.0
2018-05-28,SBSP3,25.67,38118570.0
2018-05-28,SMLS3,55.59,22977478.0
2018-05-28,SUZB3,45.0,169309886.0
2018-05-28,TAEE11,18.09,51345143.0
2018-05-28,TIMP3,12.87,27405981.0
2018-05-28,UGPA3,47.15,61038207.0
2018-05-28,USIM5,8.35,133984520.0
2018-05-28,VALE3,51.07,712076875.0
2018-05-28,VIVT4,44.42,66933372.0
2018-05-28,VVAR11,22.5,53043193.0
2018-05-28,WEGE3,17.68,48739560.0
2018-05-29,ABEV3,19.59,417476181.0
2018-05-29,B3SA3,20.73,340836071.0
2018-05-29,BBAS3,28.51,413135349.0
2018-05-29,BBDC3,26.42,98584507.0
2018-05-29,BBDC4,29.35,378217417.0
2018-05-29,BBSE3,26.04,179079155.0
2018-05-29,BRAP4,30.77,91212689.0
2018-05-29,BRFS3,21.2,134921240.0
2018-05-29,BRKM5,44.95,88322555.0
2018-05-29,BRML3,9.99,90017754.0
2018-05-29,BTOW3,23.72,63495764.0
2018-05-29,CCRO3,10.08,69539533.0
2018-05-29,CIEL3,16.5,112516577.0
2018-05-29,CMIG4,7.46,95400501.0
2018-05-29,CPFE3,22.23,11716361.0
2018-05-29,CPLE6,23.54,45145243.0
2018-05-29,CSAN3,38.34,58722173.0
2018-05-29,CSNA3,7.66,84400760.0
2018-05-29,CVCB3,49.93,86340818.0
2018-05-29,CYRE3,12.0,67378764.0
2018-05-29,ECOR3,7.67,32841305.0
2018-05-29,EGIE3,36.3,66058293.0
2018-05-29,ELET3,14.3,81512335.0
2018-05-29,ELET6,16.6,37145297.0
2018-05-29,EMBR3,22.07,97487073.0
2018-05-29,ENBR3,13.06,44998394.0
2018-05-29,EQTL3,60.35,87588967.0
2018-05-29,ESTC3,23.9,136096669.0
2018-05-29,FIBR3,70.56,157526453.0
2018-05-29,FLRY3,23.67,46915051.0
2018-05-29,GGBR4,15.08,168369274.0
2018-05-29,GOAU4,6.81,124820529.0
2018-05-29,GOLL4,13.91,45376793.0
2018-05-29,HYPE3,27.77,68884901.0
2018-05-29,IGTA3,31.0,39369664.0
2018-05-29,ITSA4,11.2,258199326.0
2018-05-29,ITUB4,42.9,877274811.0
2018-05-29,JBSS3,9.14,83293612.0
2018-05-29,KLBN11,20.58,79847785.0
2018-05-29,KROT3,10.4,116994100.0
2018-05-29,LAME4,17.42,85439323.0
2018-05-29,LREN3,29.3,175889554.0
2018-05-29,MGLU3,104.49,272731152.0
2018-05-29,MRFG3,8.09,22332987.0
2018-05-29,MRVE3,13.45,58595846.0
2018-05-29,MULT3,57.5,73554020.0
2018-05-29,NATU3,33.0,42637649.0
2018-05-29,PCAR4,76.47,118380081.0
2018-05-29,PETR3,22.24,691401505.0
2018-05-29,PETR4,19.3,3373502097.0
2018-05-29,QUAL3,18.62,137822750.0
2018-05-29,RADL3,61.5,100321828.0
2018-05-29,RAIL3,13.74,79602380.0
2018-05-29,RENT3,24.41,111604782.0
2018-05-29,SANB11,33.45,89742340.0
2018-05-29,SAPR11,49.52,43706304.0
2018-05-29,SBSP3,25.9,47652843.0
2018-05-29,SMLS3,56.06,37345104.0
2018-05-29,SUZB3,43.15,356003628.0
2018-05-29,TAEE11,18.52,95894990.0
2018-05-29,TIMP3,13.13,71641096.0
2018-05-29,UGPA3,50.0,196714981.0
2018-05-29,USIM5,8.56,132778268.0
2018-05-29,VALE3,50.16,949149179.0
2018-05-29,VIVT4,44.4,139338669.0
2018-05-29,VVAR11,22.24,91905091.0
2018-05-29,WEGE3,17.37,120265344.0
2018-05-30,ABEV3,19.69,640477520.0
2018-05-30,B3SA3,21.77,458509990.0
2018-05-30,BBAS3,30.37,644081883.0
2018-05-30,BBDC3,26.08,211832472.0
2018-05-30,BBDC4,29.17,720337363.0
2018-05-30,BBSE3,26.06,182364287.0
2018-05-30,BRAP4,31.15,131218927.0
2018-05-30,BRFS3,21.42,301393685.0
2018-05-30,BRKM5,45.4,100556603.0
2018-05-30,BRML3,10.3,84771775.0
2018-05-30,BTOW3,25.35,61163440.0
2018-05-30,CCRO3,10.3,104755391.0
2018-05-30,CIEL3,16.95,222020252.0
2018-05-30,CMIG4,7.67,134054861.0
2018-05-30,CPFE3,22.9,17027783.0
2018-05-30,CPLE6,23.5,23841062.0
2018-05-30,CSAN3,38.8,76625752.0
2018-05-30,CSNA3,7.7,79092998.0
2018-05-30,CVCB3,51.0,107232804.0
2018-05-30,CYRE3,11.69,37858879.0
2018-05-30,ECOR3,7.9,42985031.0
2018-05-30,EGIE3,36.99,47492697.0
2018-05-30,ELET3,14.63,113453007.0
2018-05-30,ELET6,16.75,52862817.0
2018-05-30,EMBR3,22.49,128919242.0
2018-05-30,ENBR3,13.22,48342202.0
2018-05-30,EQTL3,60.79,277005638.0
2018-05-30,ESTC3,25.15,136472970.0
2018-05-30,FIBR3,70.78,151756055.0
2018-05-30,FLRY3,24.58,46634186.0
2018-05-30,GGBR4,14.8,208720646.0
2018-05-30,GOAU4,6.81,93627537.0
2018-05-30,GOLL4,13.49,45559482.0
2018-05-30,HYPE3,28.2,101985050.0
2018-05-30,IGTA3,31.42,53426084.0
2018-05-30,ITSA4,11.23,487570915.0
2018-05-30,ITUB4,42.98,1059554619.0
2018-05-30,JBSS3,8.93,173265341.0
2018-05-30,KLBN11,20.99,308188804.0
2018-05-30,KROT3,10.81,142670516.0
2018-05-30,LAME4,17.77,100045785.0
2018-05-30,LREN3,29.67,199409736.0
2018-05-30,MGLU3,108.42,1224128925.0
2018-05-30,MRFG3,7.91,25179277.0
2018-05-30,MRVE3,13.47,27963815.0
2018-05-30,MULT3,58.67,143635839.0
2018-05-30,NATU3,33.72,107366345.0
2018-05-30,PCAR4,79.5,238126776.0
2018-05-30,PETR3,22.19,640727661.0
2018-05-30,PETR4,18.98,2388434255.0
2018-05-30,QUAL3,19.05,626556213.0
2018-05-30,RADL3,62.27,82574353.0
2018-05-30,RAIL3,13.81,141515455.0
2018-05-30,RENT3,24.73,160746225.0
2018-05-30,SANB11,33.78,112438061.0
2018-05-30,SAPR11,50.08,44883119.0
2018-05-30,SBSP3,26.15,78747071.0
2018-05-30,SMLS3,58.27,71976672.0
2018-05-30,SUZB3,43.1,296389338.0
2018-05-30,TAEE11,19.24,626869400.0
2018-05-30,TIMP3,13.41,84319163.0
2018-05-30,UGPA3,50.0,216422519.0
2018-05-30,USIM5,8.25,161000974.0
2018-05-30,VALE3,50.63,1308263384.0
2018-05-30,VIVT4,45.5,180472639.0
2018-05-30,VVAR11,23.35,119683769.0
2018-05-30,WEGE3,17.18,232339809.0
2018-06-01,ABEV3,19.94,290613562.0
2018-06-01,B3SA3,22.25,432476270.0
2018-06-01,BBAS3,30.66,603874786.0
2018-06-01,BBDC3,27.1,76140076.0
2018-06-01,BBDC4,29.88,432728373.0
2018-06-01,BBSE3,26.44,122983978.0
2018-06-01,BRAP4,32.79,45550410.0
2018-06-01,BRFS3,23.39,317065060.0
2018-06-01,BRKM5,44.74,137749877.0
2018-06-01,BRML3,10.35,39338589.0
2018-06-01,BTOW3,25.85,40709821.0
2018-06-01,CCRO3,10.3,66203678.0
2018-06-01,CIEL3,17.29,82968691.0
2018-06-01,CMIG4,7.6,98399872.0
2018-06-01,CPFE3,23.61,12048507.0
2018-06-01,CPLE6,23.58,30931130.0
2018-06-01,CSAN3,38.45,62371601.0
2018-06-01,CSNA3,7.77,77187907.0
2018-06-01,CVCB3,51.29,95136220.0
2018-06-01,CYRE3,12.01,28633915.0
2018-06-01,ECOR3,7.94,30981331.0
2018-06-01,EGIE3,37.6,41140501.0
2018-06-01,ELET3,15.15,84766005.0
2018-06-01,ELET6,17.36,59431127.0
2018-06-01,EMBR3,22.79,49284748.0
2018-06-01,ENBR3,13.82,37333993.0
2018-06-01,EQTL3,62.0,82159787.0
2018-06-01,ESTC3,27.0,139815631.0
2018-06-01,FIBR3,71.13,98728270.0
2018-06-01,FLRY3,25.46,44443272.0
2018-06-01,GGBR4,15.46,150264652.0
2018-06-01,GOAU4,7.08,107465873.0
2018-06-01,GOLL4,13.29,38831421.0
2018-06-01,HYPE3,28.72,92350463.0
2018-06-01,IGTA3,32.7,41656897.0
2018-06-01,ITSA4,10.35,383985301.0
2018-06-01,ITUB4,43.82,675763719.0
2018-06-01,JBSS3,9.03,76705474.0
2018-06-01,KLBN11,21.1,76005846.0
2018-06-01,KROT3,11.32,75666881.0
2018-06-01,LAME4,18.16,50391352.0
2018-06-01,LREN3,30.09,111576384.0
2018-06-01,MGLU3,115.47,316606128.0
2018-06-01,MRFG3,7.98,21292644.0
2018-06-01,MRVE3,13.56,30212331.0
2018-06-01,MULT3,59.14,51439140.0
2018-06-01,NATU3,34.9,48575152.0
2018-06-01,PCAR4,80.25,112456258.0
2018-06-01,PETR3,18.88,572690235.0
2018-06-01,PETR4,16.16,3541769369.0
2018-06-01,QUAL3,19.47,99647217.0
2018-06-01,RADL3,64.83,57824251.0
2018-06-01,RAIL3,13.94,108229291.0
2018-06-01,RENT3,25.99,101128106.0
2018-06-01,SANB11,35.03,77761966.0
2018-06-01,SAPR11,51.15,29033558.0
2018-06-01,SBSP3,25.5,50863125.0
2018-06-01,SMLS3,58.0,46182192.0
2018-06-01,SUZB3,44.48,208225752.0
2018-06-01,TAEE11,19.79,63038373.0
2018-06-01,TIMP3,13.93,62329112.0
2018-06-01,UGPA3,51.41,90617887.0
2018-06-01,USIM5,8.84,164732875.0
2018-06-01,VALE3,52.76,1057721434.0
2018-06-01,VIVT4,45.47,77739063.0
2018-06-01,VVAR11,23.8,69940721.0
2018-06-01,WEGE3,17.05,67658177.0
2018-06-04,ABEV3,20.04,239427903.0
2018-06-04,B3SA3,22.82,408627329.0
2018-06-04,BBAS3,31.1,259759205.0
2018-06-04,BBDC3,27.4,40443403.0
2018-06-04,BBDC4,30.17,311260081.0
2018-06-04,BBSE3,26.51,68274219.0
2018-06-04,BRAP4,32.58,40028873.0
2018-06-04,BRFS3,24.39,168683489.0
2018-06-04,BRKM5,44.7,77841634.0
2018-06-04,BRML3,10.46,46809351.0
2018-06-04,BTOW3,27.91,56833857.0
2018-06-04,CCRO3,10.3,43138740.0
2018-06-04,CIEL3,16.95,142295910.0
2018-06-04,CMIG4,7.67,39711454.0
2018-06-04,CPFE3,23.69,5612843.0
2018-06-04,CPLE6,23.98,17440683.0
2018-06-04,CSAN3,38.5,39719498.0
2018-06-04,CSNA3,8.93,160435033.0
2018-06-04,CVCB3,54.08,60785540.0
2018-06-04,CYRE3,12.05,14660534.0
2018-06-04,ECOR3,8.23,24785484.0
2018-06-04,EGIE3,37.28,28805777.0
2018-06-04,ELET3,16.26,50085811.0
2018-06-04,ELET6,18.9,40861194.0
2018-06-04,EMBR3,22.46,60751019.0
2018-06-04,ENBR3,13.64,39541408.0
2018-06-04,EQTL3,62.11,69542225.0
2018-06-04,ESTC3,27.18,81500625.0
2018-06-04,FIBR3,72.28,90776836.0
2018-06-04,FLRY3,25.55,41273201.0
2018-06-04,GGBR4,15.87,140446865.0
2018-06-04,GOAU4,7.19,63147065.0
2018-06-04,GOLL4,14.3,38341176.0
2018-06-04,HYPE3,28.9,61489893.0
2018-06-04,IGTA3,33.55,30267904.0
2018-06-04,ITSA4,10.68,199346690.0
2018-06-04,ITUB4,44.77,687374863.0
2018-06-04,JBSS3,8.97,117609459.0
2018-06-04,KLBN11,21.06,46742572.0
2018-06-04,KROT3,11.16,77175978.0
2018-06-04,LAME4,18.14,49199865.0
2018-06-04,LREN3,30.16,81867884.0
2018-06-04,MGLU3,124.34,422825018.0
2018-06-04,MRFG3,8.1,23275845.0
2018-06-04,MRVE3,13.62,15918847.0
2018-06-04,MULT3,60.14,43077061.0
2018-06-04,NATU3,37.17,95094631.0
2018-06-04,PCAR4,81.28,71010966.0
2018-06-04,PETR3,19.98,427318791.0
2018-06-04,PETR4,17.53,1625087203.0
2018-06-04,QUAL3,19.18,48186243.0
2018-06-04,RADL3,68.23,90158205.0
2018-06-04,RAIL3,14.49,140945047.0
2018-06-04,RENT3,26.46,86868743.0
2018-06-04,SANB11,35.76,80449186.0
2018-06-04,SAPR11,51.15,13027755.0
2018-06-04,SBSP3,25.74,23869017.0
2018-06-04,SMLS3,60.4,23958589.0
2018-06-04,SUZB3,47.03,249071994.0
2018-06-04,TAEE11,19.72,45410598.0
2018-06-04,TIMP3,13.6,65488953.0
2018-06-04,UGPA3,51.23,75812070.0
2018-06-04,USIM5,9.43,165583552.0
2018-06-04,VALE3,52.52,731255250.0
2018-06-04,VIVT4,45.1,51123593.0
2018-06-04,VVAR11,24.66,32690839.0
2018-06-04,WEGE3,16.8,61816848.0
2018-06-05,ABEV3,19.76,379565915.0
2018-06-05,B3SA3,22.12,356891669.0
2018-06-05,BBAS3,29.12,358697726.0
2018-06-05,BBDC3,26.14,53126989.0
2018-06-05,BBDC4,28.72,446524376.0
2018-06-05,BBSE3,25.5,127746303.0
2018-06-05,BRAP4,32.6,75919166.0
2018-06-05,BRFS3,24.57,328322478.0
2018-06-05,BRKM5,44.2,77915077.0
2018-06-05,BRML3,10.13,59523622.0
2018-06-05,BTOW3,26.75,59067250.0
2018-06-05,CCRO3,9.78,53037583.0
2018-06-05,CIEL3,16.45,116869521.0
2018-06-05,CMIG4,7.32,105717244.0
2018-06-05,CPFE3,23.3,11030370.0
2018-06-05,CPLE6,23.18,29282830.0
2018-06-05,CSAN3,38.29,51709885.0
2018-06-05,CSNA3,8.94,152474333.0
2018-06-05,CVCB3,51.21,69538987.0
2018-06-05,CYRE3,11.4,45276843.0
2018-06-05,ECOR3,7.85,31680369.0
2018-06-05,EGIE3,36.2,34125322.0
2018-06-05,ELET3,14.99,65819790.0
2018-06-05,ELET6,17.36,52728142.0
2018-06-05,EMBR3,22.05,65866651.0
2018-06-05,ENBR3,13.32,33005601.0
2018-06-05,EQTL3,61.11,70199853.0
2018-06-05,ESTC3,25.64,83399527.0
2018-06-05,FIBR3,73.11,164318514.0
2018-06-05,FLRY3,25.1,49259448.0
2018-06-05,GGBR4,16.15,296735950.0
2018-06-05,GOAU4,7.11,123434219.0
2018-06-05,GOLL4,13.53,40310913.0
2018-06-05,HYPE3,27.77,138412490.0
2018-06-05,IGTA3,32.75,64999153.0
2018-06-05,ITSA4,10.15,299244311.0
2018-06-05,ITUB4,43.38,837757900.0
2018-06-05,JBSS3,8.61,55866855.0
2018-06-05,KLBN11,21.18,82368873.0
2018-06-05,KROT3,11.05,138227704.0
2018-06-05,LAME4,17.0,72727188.0
2018-06-05,LREN3,29.13,78654964.0
2018-06-05,MGLU3,121.02,267787440.0
2018-06-05,MRFG3,8.0,21278027.0
2018-06-05,MRVE3,12.85,39405891.0
2018-06-05,MULT3,57.5,67874592.0
2018-06-05,NATU3,35.04,83330355.0
2018-06-05,PCAR4,78.9,68877905.0
2018-06-05,PETR3,19.38,257141976.0
2018-06-05,PETR4,16.59,1150243801.0
2018-06-05,QUAL3,18.1,77048407.0
2018-06-05,RADL3,67.0,85487100.0
2018-06-05,RAIL3,13.86,87513648.0
2018-06-05,RENT3,24.86,126632438.0
2018-06-05,SANB11,35.06,93531122.0
2018-06-05,SAPR11,48.95,46174452.0
2018-06-05,SBSP3,24.9,30480264.0
2018-06-05,SMLS3,57.62,34225046.0
2018-06-05,SUZB3,48.3,243333444.0
2018-06-05,TAEE11,19.57,41556077.0
2018-06-05,TIMP3,13.34,57322313.0
2018-06-05,UGPA3,49.59,79342098.0
2018-06-05,USIM5,9.17,172571163.0
2018-06-05,VALE3,53.73,910379447.0
2018-06-05,VIVT4,44.18,95428298.0
2018-06-05,VVAR11,22.69,56378579.0
2018-06-05,WEGE3,16.4,67333274.0
2018-06-06,ABEV3,19.53,334772066.0
2018-06-06,B3SA3,21.41,245984469.0
2018-06-06,BBAS3,27.68,401338733.0
2018-06-06,BBDC3,25.46,48279827.0
2018-06-06,BBDC4,28.24,393244200.0
2018-06-06,BBSE3,25.85,118897737.0
2018-06-06,BRAP4,34.58,104823611.0
2018-06-06,BRFS3,23.84,188015690.0
2018-06-06,BRKM5,44.95,50970198.0
2018-06-06,BRML3,10.02,98809150.0
2018-06-06,BTOW3,24.89,68501834.0
2018-06-06,CCRO3,9.95,62339282.0
2018-06-06,CIEL3,16.2,135618399.0
2018-06-06,CMIG4,7.02,155892610.0
2018-06-06,CPFE3,23.09,9500654.0
2018-06-06,CPLE6,22.65,26489429.0
2018-06-06,CSAN3,38.18,46412368.0
2018-06-06,CSNA3,8.71,101808114.0
2018-06-06,CVCB3,48.6,117302048.0
2018-06-06,CYRE3,11.2,46763035.0
2018-06-06,ECOR3,7.79,15085471.0
2018-06-06,EGIE3,35.55,31126924.0
2018-06-06,ELET3,14.32,46199566.0
2018-06-06,ELET6,16.26,44369051.0
2018-06-06,EMBR3,23.2,84104349.0
2018-06-06,ENBR3,13.17,33878278.0
2018-06-06,EQTL3,59.86,85156767.0
2018-06-06,ESTC3,24.42,113795570.0
2018-06-06,FIBR3,75.0,144304962.0
2018-06-06,FLRY3,24.25,42667958.0
2018-06-06,GGBR4,15.91,314999362.0
2018-06-06,GOAU4,7.05,93655790.0
2018-06-06,GOLL4,12.8,50924720.0
2018-06-06,HYPE3,27.0,78315394.0
2018-06-06,IGTA3,31.47,49531992.0
2018-06-06,ITSA4,10.01,221558509.0
2018-06-06,ITUB4,42.28,643804923.0
2018-06-06,JBSS3,8.68,173568542.0
2018-06-06,KLBN11,21.65,82361074.0
2018-06-06,KROT3,10.5,175721161.0
2018-06-06,LAME4,15.99,103915502.0
2018-06-06,LREN3,28.99,186123462.0
2018-06-06,MGLU3,114.33,273680977.0
2018-06-06,MRFG3,8.1,20375206.0
2018-06-06,MRVE3,12.9,63561413.0
2018-06-06,MULT3,55.6,74481510.0
2018-06-06,NATU3,35.29,55796090.0
2018-06-06,PCAR4,76.19,87098169.0
2018-06-06,PETR3,19.27,333952114.0
2018-06-06,PETR4,16.33,1131974778.0
2018-06-06,QUAL3,17.6,66594433.0
2018-06-06,RADL3,65.0,96098185.0
2018-06-06,RAIL3,13.43,223007346.0
2018-06-06,RENT3,24.0,128618772.0
2018-06-06,SANB11,34.0,155003359.0
2018-06-06,SAPR11,47.87,23818966.0
2018-06-06,SBSP3,25.0,35004545.0
2018-06-06,SMLS3,52.25,80238195.0
2018-06-06,SUZB3,51.96,320888158.0
2018-06-06,TAEE11,19.38,41689486.0
2018-06-06,TIMP3,13.28,50506945.0
2018-06-06,UGPA3,49.2,62592791.0
2018-06-06,USIM5,8.9,131627006.0
2018-06-06,VALE3,56.07,1488610257.0
2018-06-06,VIVT4,45.0,115611659.0
2018-06-06,VVAR11,21.46,57114647.0
2018-06-06,WEGE3,17.0,117201454.0
2018-06-07,ABEV3,19.08,619521160.0
2018-06-07,B3SA3,20.0,765914525.0
2018-06-07,BBAS3,26.57,696098705.0
2018-06-07,BBDC3,24.95,82722033.0
2018-06-07,BBDC4,27.74,597844118.0
2018-06-07,BBSE3,25.26,149447401.0
2018-06-07,BRAP4,32.59,125104356.0
2018-06-07,BRFS3,23.24,185973436.0
2018-06-07,BRKM5,43.85,78725578.0
2018-06-07,BRML3,9.79,173222215.0
2018-06-07,BTOW3,23.0,105788387.0
2018-06-07,CCRO3,9.6,93225332.0
2018-06-07,CIEL3,16.0,114276020.0
2018-06-07,CMIG4,6.81,112095794.0
2018-06-07,CPFE3,22.39,15177634.0
2018-06-07,CPLE6,22.5,34019475.0
2018-06-07,CSAN3,36.69,118156980.0
2018-06-07,CSNA3,8.56,113793026.0
2018-06-07,CVCB3,46.84,182612114.0
2018-06-07,CYRE3,10.35,130292506.0
2018-06-07,ECOR3,7.4,33294002.0
2018-06-07,EGIE3,35.05,37698257.0
2018-06-07,ELET3,13.41,84935866.0
2018-06-07,ELET6,15.38,64557728.0
2018-06-07,EMBR3,23.65,161614217.0
2018-06-07,ENBR3,12.72,47335322.0
2018-06-07,EQTL3,58.35,99096397.0
2018-06-07,ESTC3,23.38,147238805.0
2018-06-07,FIBR3,75.0,333902557.0
2018-06-07,FLRY3,24.0,68816425.0
2018-06-07,GGBR4,14.84,315175435.0
2018-06-07,GOAU4,6.66,201283242.0
2018-06-07,GOLL4,11.97,47136984.0
2018-06-07,HYPE3,25.85,112468427.0
2018-06-07,IGTA3,29.85,51177943.0
2018-06-07,ITSA4,9.4,681077818.0
2018-06-07,ITUB4,41.05,1097363783.0
2018-06-07,JBSS3,8.45,114996171.0
2018-06-07,KLBN11,21.1,138412169.0
2018-06-07,KROT3,10.12,182515825.0
2018-06-07,LAME4,15.6,225728215.0
2018-06-07,LREN3,28.86,298636362.0
2018-06-07,MGLU3,106.4,540333753.0
2018-06-07,MRFG3,8.04,59264520.0
2018-06-07,MRVE3,12.46,59065838.0
2018-06-07,MULT3,54.07,159942154.0
2018-06-07,NATU3,33.8,66188881.0
2018-06-07,PCAR4,75.93,178765508.0
2018-06-07,PETR3,18.92,536896567.0
2018-06-07,PETR4,15.76,1846194019.0
2018-06-07,QUAL3,17.53,89880366.0
2018-06-07,RADL3,64.24,114177020.0
2018-06-07,RAIL3,12.8,213379140.0
2018-06-07,RENT3,23.3,345564078.0
2018-06-07,SANB11,32.16,174762705.0
2018-06-07,SAPR11,46.33,32892742.0
2018-06-07,SBSP3,24.88,59394852.0
2018-06-07,SMLS3,45.95,254289850.0
2018-06-07,SUZB3,49.45,569567124.0
2018-06-07,TAEE11,19.12,73628898.0
2018-06-07,TIMP3,13.19,83187506.0
2018-06-07,UGPA3,48.32,97025261.0
2018-06-07,USIM5,8.3,172294884.0
2018-06-07,VALE3,54.37,1765464144.0
2018-06-07,VIVT4,45.43,132683563.0
2018-06-07,VVAR11,19.5,121529242.0
2018-06-07,WEGE3,16.43,74562416.0
2018-06-08,ABEV3,18.96,359835912.0
2018-06-08,B3SA3,20.84,481951886.0
2018-06-08,BBAS3,26.95,600659651.0
2018-06-08,BBDC3,25.05,60997401.0
2018-06-08,BBDC4,27.5,551259168.0
2018-06-08,BBSE3,25.46,75820515.0
2018-06-08,BRAP4,30.38,73665863.0
2018-06-08,BRFS3,21.5,212975032.0
2018-06-08,BRKM5,42.97,65169812.0
2018-06-08,BRML3,10.0,79482044.0
2018-06-08,BTOW3,24.34,92034845.0
2018-06-08,CCRO3,9.91,73492324.0
2018-06-08,CIEL3,16.42,78448374.0
2018-06-08,CMIG4,6.81,80960519.0
2018-06-08,CPFE3,22.4,8231098.0
2018-06-08,CPLE6,22.9,26329646.0
2018-06-08,CSAN3,35.8,65913980.0
2018-06-08,CSNA3,8.13,85660888.0
2018-06-08,CVCB3,49.0,93477432.0
2018-06-08,CYRE3,10.54,81116257.0
2018-06-08,ECOR3,7.75,22923279.0
2018-06-08,EGIE3,34.74,43234744.0
2018-06-08,ELET3,12.9,75274440.0
2018-06-08,ELET6,14.64,76313527.0
2018-06-08,EMBR3,22.63,75101574.0
2018-06-08,ENBR3,12.87,29260654.0
2018-06-08,EQTL3,58.45,63817828.0
2018-06-08,ESTC3,23.79,89203758.0
2018-06-08,FIBR3,71.53,247066534.0
2018-06-08,FLRY3,24.04,38569369.0
2018-06-08,GGBR4,14.32,186487015.0
2018-06-08,GOAU4,6.49,159439688.0
2018-06-08,GOLL4,12.25,33917340.0
2018-06-08,HYPE3,26.26,60009380.0
2018-06-08,IGTA3,31.25,40268316.0
2018-06-08,ITSA4,9.42,344587572.0
2018-06-08,ITUB4,41.15,819331565.0
2018-06-08,JBSS3,8.8,316273530.0
2018-06-08,KLBN11,20.56,111188238.0
2018-06-08,KROT3,10.8,208935243.0
2018-06-08,LAME4,16.19,97987816.0
2018-06-08,LREN3,29.25,140964555.0
2018-06-08,MGLU3,105.49,371402728.0
2018-06-08,MRFG3,8.34,59422304.0
2018-06-08,MRVE3,12.26,73096662.0
2018-06-08,MULT3,55.45,95112367.0
2018-06-08,NATU3,34.69,57379167.0
2018-06-08,PCAR4,75.84,144041294.0
2018-06-08,PETR3,18.0,405358395.0
2018-06-08,PETR4,15.25,1418442199.0
2018-06-08,QUAL3,17.6,52298059.0
2018-06-08,RADL3,65.3,108299365.0
2018-06-08,RAIL3,13.64,171791287.0
2018-06-08,RENT3,24.0,174069844.0
2018-06-08,SANB11,32.0,124178131.0
2018-06-08,SAPR11,46.66,19744117.0
2018-06-08,SBSP3,24.1,52021880.0
2018-06-08,SMLS3,48.79,120576469.0
2018-06-08,SUZB3,44.73,476794113.0
2018-06-08,TAEE11,18.95,46095901.0
2018-06-08,TIMP3,12.9,55488171.0
2018-06-08,UGPA3,48.78,95863621.0
2018-06-08,USIM5,8.5,146917119.0
2018-06-08,VALE3,50.89,1569106399.0
2018-06-08,VIVT4,45.27,106992024.0
2018-06-08,VVAR11,19.31,77493127.0
2018-06-08,WEGE3,16.5,68410607.0
2018-06-11,ABEV3,18.99,278594646.0
2018-06-11,B3SA3,20.42,149449675.0
2018-06-11,BBAS3,26.06,268841373.0
2018-06-11,BBDC3,24.54,39081847.0
2018-06-11,BBDC4,26.98,273771247.0
2018-06-11,BBSE3,25.5,57621720.0
2018-06-11,BRAP4,30.09,85636120.0
2018-06-11,BRFS3,21.51,117242297.0
2018-06-11,BRKM5,42.72,45451760.0
2018-06-11,BRML3,9.82,90848699.0
2018-06-11,BTOW3,25.1,99318674.0
2018-06-11,CCRO3,10.39,106045829.0
2018-06-11,CIEL3,15.8,90107046.0
2018-06-11,CMIG4,6.74,43617598.0
2018-06-11,CPFE3,22.31,6623674.0
2018-06-11,CPLE6,22.27,12046624.0
2018-06-11,CSAN3,36.3,46695207.0
2018-06-11,CSNA3,8.06,62836828.0
2018-06-11,CVCB3,46.0,137476545.0
2018-06-11,CYRE3,10.63,37415924.0
2018-06-11,ECOR3,7.7,20155836.0
2018-06-11,EGIE3,34.46,30875235.0
2018-06-11,ELET3,13.48,62740255.0
2018-06-11,ELET6,14.95,45567633.0
2018-06-11,EMBR3,23.35,61645711.0
2018-06-11,ENBR3,13.15,59198846.0
2018-06-11,EQTL3,57.43,41353265.0
2018-06-11,ESTC3,23.71,85524543.0
2018-06-11,FIBR3,71.58,90048884.0
2018-06-11,FLRY3,24.42,46080330.0
2018-06-11,GGBR4,14.2,151599992.0
2018-06-11,GOAU4,6.37,89712241.0
2018-06-11,GOLL4,12.24,32618298.0
2018-06-11,HYPE3,26.29,52082297.0
2018-06-11,IGTA3,30.5,66910009.0
2018-06-11,ITSA4,9.2,165112850.0
2018-06-11,ITUB4,39.96,584652959.0
2018-06-11,JBSS3,8.74,87674584.0
2018-06-11,KLBN11,20.47,75066605.0
2018-06-11,KROT3,10.3,122233298.0
2018-06-11,LAME4,15.78,57917042.0
2018-06-11,LREN3,29.01,89433934.0
2018-06-11,MGLU3,106.22,197907707.0
2018-06-11,MRFG3,8.19,25413700.0
2018-06-11,MRVE3,12.26,26389370.0
2018-06-11,MULT3,54.24,79705174.0
2018-06-11,NATU3,33.61,50370257.0
2018-06-11,PCAR4,77.59,149458906.0
2018-06-11,PETR3,18.39,239851774.0
2018-06-11,PETR4,15.41,690620815.0
2018-06-11,QUAL3,17.33,28634184.0
2018-06-11,RADL3,64.67,66623926.0
2018-06-11,RAIL3,13.32,73292034.0
2018-06-11,RENT3,23.11,124505983.0
2018-06-11,SANB11,31.0,115450187.0
2018-06-11,SAPR11,46.57,62397690.0
2018-06-11,SBSP3,23.87,34964623.0
2018-06-11,SMLS3,50.34,64928615.0
2018-06-11,SUZB3,44.09,246242616.0
2018-06-11,TAEE11,19.09,34785586.0
2018-06-11,TIMP3,12.64,48776319.0
2018-06-11,UGPA3,49.63,76792359.0
2018-06-11,USIM5,8.07,111787022.0
2018-06-11,VALE3,50.85,735021139.0
2018-06-11,VIVT4,45.33,75734239.0
2018-06-11,VVAR11,20.15,86336227.0
2018-06-11,WEGE3,16.07,38523729.0
2018-06-12,ABEV3,18.88,287925216.0
2018-06-12,B3SA3,21.0,323648498.0
2018-06-12,BBAS3,26.99,372287035.0
2018-06-12,BBDC3,24.41,39346613.0
2018-06-12,BBDC4,26.91,322247906.0
2018-06-12,BBSE3,25.4,63569332.0
2018-06-12,BRAP4,30.71,87136364.0
2018-06-12,BRFS3,20.89,121218742.0
2018-06-12,BRKM5,42.25,21696996.0
2018-06-12,BRML3,9.78,50800584.0
2018-06-12,BTOW3,24.75,37863095.0
2018-06-12,CCRO3,10.49,93539470.0
2018-06-12,CIEL3,15.41,229419617.0
2018-06-12,CMIG4,6.63,54774927.0
2018-06-12,CPFE3,22.17,5184027.0
2018-06-12,CPLE6,22.09,10578886.0
2018-06-12,CSAN3,35.62,34835469.0
2018-06-12,CSNA3,8.46,88072821.0
2018-06-12,CVCB3,43.9,101881167.0
2018-06-12,CYRE3,10.54,35552437.0
2018-06-12,ECOR3,7.97,21636510.0
2018-06-12,EGIE3,34.2,44161853.0
2018-06-12,ELET3,13.8,65137453.0
2018-06-12,ELET6,15.84,44436784.0
2018-06-12,EMBR3,24.78,101297795.0
2018-06-12,ENBR3,13.08,37895791.0
2018-06-12,EQTL3,58.15,63565188.0
2018-06-12,ESTC3,23.98,77404141.0
2018-06-12,FIBR3,71.96,89824287.0
2018-06-12,FLRY3,24.78,35010231.0
2018-06-12,GGBR4,14.52,127348897.0
2018-06-12,GOAU4,6.47,70905530.0
2018-06-12,GOLL4,12.35,27035593.0
2018-06-12,HYPE3,26.83,45297520.0
2018-06-12,IGTA3,29.71,73315442.0
2018-06-12,ITSA4,9.19,255233883.0
2018-06-12,ITUB4,39.88,371939898.0
2018-06-12,JBSS3,8.72,45100266.0
2018-06-12,KLBN11,20.71,56247905.0
2018-06-12,KROT3,10.37,88984658.0
2018-06-12,LAME4,15.44,64776491.0
2018-06-12,LREN3,29.55,131097595.0
2018-06-12,MGLU3,110.0,273279694.0
2018-06-12,MRFG3,8.45,21497059.0
2018-06-12,MRVE3,12.43,29633170.0
2018-06-12,MULT3,54.39,37476286.0
2018-06-12,NATU3,33.2,58229541.0
2018-06-12,PCAR4,77.03,59018268.0
2018-06-12,PETR3,18.24,249733805.0
2018-06-12,PETR4,15.46,1076622685.0
2018-06-12,QUAL3,17.48,30282545.0
2018-06-12,RADL3,65.1,58743667.0
2018-06-12,RAIL3,13.2,70796962.0
2018-06-12,RENT3,23.44,136607455.0
2018-06-12,SANB11,30.68,103945471.0
2018-06-12,SAPR11,47.1,7227881.0
2018-06-12,SBSP3,24.0,27272834.0
2018-06-12,SMLS3,50.26,40062026.0
2018-06-12,SUZB3,45.94,189126908.0
2018-06-12,TAEE11,18.84,34360626.0
2018-06-12,TIMP3,12.75,38421147.0
2018-06-12,UGPA3,50.98,80060079.0
2018-06-12,USIM5,8.3,103572319.0
2018-06-12,VALE3,51.7,951252478.0
2018-06-12,VIVT4,45.25,71553925.0
2018-06-12,VVAR11,21.5,72335321.0
2018-06-12,WEGE3,15.89,40382691.0
2018-06-13,ABEV3,18.71,299071738.0
2018-06-13,B3SA3,20.67,280292997.0
2018-06-13,BBAS3,26.5,425105235.0
2018-06-13,BBDC3,23.98,58204806.0
2018-06-13,BBDC4,26.36,379308097.0
2018-06-13,BBSE3,25.0,91414572.0
2018-06-13,BRAP4,30.56,43363072.0
2018-06-13,BRFS3,20.2,278069067.0
2018-06-13,BRKM5,41.7,59294635.0
2018-06-13,BRML3,9.63,43108652.0
2018-06-13,BTOW3,25.5,41269312.0
2018-06-13,CCRO3,10.8,135469008.0
2018-06-13,CIEL3,14.58,164770414.0
2018-06-13,CMIG4,6.71,45138606.0
2018-06-13,CPFE3,22.1,7597151.0
2018-06-13,CPLE6,22.9,39841520.0
2018-06-13,CSAN3,35.66,41139121.0
2018-06-13,CSNA3,8.4,99583548.0
2018-06-13,CVCB3,42.75,154525717.0
2018-06-13,CYRE3,10.5,72277708.0
2018-06-13,ECOR3,8.07,36862347.0
2018-06-13,EGIE3,34.02,42532966.0
2018-06-13,ELET3,14.26,62514386.0
2018-06-13,ELET6,16.65,70601734.0
2018-06-13,EMBR3,24.78,100742907.0
2018-06-13,ENBR3,13.0,35817856.0
2018-06-13,EQTL3,59.5,85787957.0
2018-06-13,ESTC3,23.5,73192639.0
2018-06-13,FIBR3,71.95,95670711.0
2018-06-13,FLRY3,24.86,69790425.0
2018-06-13,GGBR4,14.47,160526975.0
2018-06-13,GOAU4,6.43,76809681.0
2018-06-13,GOLL4,12.5,54061446.0
2018-06-13,HYPE3,27.18,49425985.0
2018-06-13,IGTA3,29.56,32612784.0
2018-06-13,ITSA4,9.12,311787537.0
2018-06-13,ITUB4,39.49,566967056.0
2018-06-13,JBSS3,8.8,54807559.0
2018-06-13,KLBN11,20.7,52606537.0
2018-06-13,KROT3,10.16,93088130.0
2018-06-13,LAME4,15.39,63809613.0
2018-06-13,LREN3,28.76,124504576.0
2018-06-13,MGLU3,112.41,242109570.0
2018-06-13,MRFG3,8.5,48819342.0
2018-06-13,MRVE3,12.45,37273892.0
2018-06-13,MULT3,53.76,46439502.0
2018-06-13,NATU3,32.71,49610575.0
2018-06-13,PCAR4,76.61,53299652.0
2018-06-13,PETR3,17.99,243147499.0
2018-06-13,PETR4,15.17,1092615708.0
2018-06-13,QUAL3,17.73,60576495.0
2018-06-13,RADL3,66.33,87292351.0
2018-06-13,RAIL3,13.35,56529369.0
2018-06-13,RENT3,23.9,145557355.0
2018-06-13,SANB11,30.5,136598787.0
2018-06-13,SAPR11,48.0,14300914.0
2018-06-13,SBSP3,23.31,40859873.0
2018-06-13,SMLS3,50.38,36158880.0
2018-06-13,SUZB3,46.01,183644616.0
2018-06-13,TAEE11,19.04,31171040.0
2018-06-13,TIMP3,12.79,40880102.0
2018-06-13,UGPA3,48.85,100062700.0
2018-06-13,USIM5,8.23,104105424.0
2018-06-13,VALE3,51.55,801464247.0
2018-06-13,VIVT4,45.62,85255905.0
2018-06-13,VVAR11,20.81,73854674.0
2018-06-13,WEGE3,15.61,55518270.0
2018-06-14,ABEV3,18.93,397133400.0
2018-06-14,B3SA3,20.15,338637177.0
2018-06-14,BBAS3,25.3,380238101.0
2018-06-14,BBDC3,22.75,70310484.0
2018-06-14,BBDC4,25.29,648628346.0
2018-06-14,BBSE3,24.84,59685206.0
2018-06-14,BRAP4,30.17,65726922.0
2018-06-14,BRFS3,20.87,248676130.0
2018-06-14,BRKM5,41.12,85379901.0
2018-06-14,BRML3,9.35,71129710.0
2018-06-14,BTOW3,26.75,107263780.0
2018-06-14,CCRO3,10.5,73546780.0
2018-06-14,CIEL3,15.33,149210190.0
2018-06-14,CMIG4,6.69,73372613.0
2018-06-14,CPFE3,21.86,5406130.0
2018-06-14,CPLE6,22.87,22840337.0
2018-06-14,CSAN3,34.9,31797219.0
2018-06-14,CSNA3,8.2,74689876.0
2018-06-14,CVCB3,42.52,94438264.0
2018-06-14,CYRE3,10.33,30450926.0
2018-06-14,ECOR3,7.75,25222770.0
2018-06-14,EGIE3,33.55,29911618.0
2018-06-14,ELET3,14.19,43745195.0
2018-06-14,ELET6,16.35,41847279.0
2018-06-14,EMBR3,24.8,97882226.0
2018-06-14,ENBR3,13.0,30877415.0
2018-06-14,EQTL3,58.61,188289602.0
2018-06-14,ESTC3,23.57,57059210.0
2018-06-14,FIBR3,73.4,106435323.0
2018-06-14,FLRY3,24.58,58056688.0
2018-06-14,GGBR4,14.27,152579930.0
2018-06-14,GOAU4,6.34,84945026.0
2018-06-14,GOLL4,12.1,39364876.0
2018-06-14,HYPE3,26.71,45188305.0
2018-06-14,IGTA3,29.13,50218783.0
2018-06-14,ITSA4,8.82,231691994.0
2018-06-14,ITUB4,38.09,726680307.0
2018-06-14,JBSS3,8.79,63519335.0
2018-06-14,KLBN11,20.49,66982501.0
2018-06-14,KROT3,10.16,125287214.0
2018-06-14,LAME4,15.6,96961199.0
2018-06-14,LREN3,28.3,77255092.0
2018-06-14,MGLU3,119.4,408740489.0
2018-06-14,MRFG3,8.41,19648122.0
2018-06-14,MRVE3,12.0,44762907.0
2018-06-14,MULT3,52.62,45269840.0
2018-06-14,NATU3,32.41,56300046.0
2018-06-14,PCAR4,76.0,74763434.0
2018-06-14,PETR3,17.98,239713159.0
2018-06-14,PETR4,15.1,873763657.0
2018-06-14,QUAL3,17.55,51477074.0
2018-06-14,RADL3,67.85,114578613.0
2018-06-14,RAIL3,13.21,65574005.0
2018-06-14,RENT3,23.28,109423020.0
2018-06-14,SANB11,29.4,96144806.0
2018-06-14,SAPR11,47.6,14013278.0
2018-06-14,SBSP3,23.48,34543511.0
2018-06-14,SMLS3,48.38,48296726.0
2018-06-14,SUZB3,48.0,239258084.0
2018-06-14,TAEE11,19.05,35303310.0
2018-06-14,TIMP3,13.04,90754977.0
2018-06-14,UGPA3,48.46,70516987.0
2018-06-14,USIM5,7.97,81272638.0
2018-06-14,VALE3,51.71,967193446.0
2018-06-14,VIVT4,46.39,100069282.0
2018-06-14,VVAR11,21.35,53267980.0
2018-06-14,WEGE3,15.25,59931841.0
2018-06-15,ABEV3,18.72,621118074.0
2018-06-15,B3SA3,19.79,469694636.0
2018-06-15,BBAS3,25.0,746973014.0
2018-06-15,BBDC3,23.33,110142237.0
2018-06-15,BBDC4,25.74,846370586.0
2018-06-15,BBSE3,24.66,124307285.0
2018-06-15,BRAP4,28.49,83440538.0
2018-06-15,BRFS3,20.29,271191738.0
2018-06-15,BRKM5,49.92,527697507.0
2018-06-15,BRML3,9.43,124505229.0
2018-06-15,BTOW3,25.67,46451876.0
2018-06-15,CCRO3,10.45,102278720.0
2018-06-15,CIEL3,15.2,151112710.0
2018-06-15,CMIG4,6.8,93711155.0
2018-06-15,CPFE3,21.52,6935864.0
2018-06-15,CPLE6,22.16,30729587.0
2018-06-15,CSAN3,34.61,93414063.0
2018-06-15,CSNA3,7.86,162405931.0
2018-06-15,CVCB3,42.15,83084703.0
2018-06-15,CYRE3,10.05,49021625.0
2018-06-15,ECOR3,7.51,27403875.0
2018-06-15,EGIE3,34.21,64873848.0
2018-06-15,ELET3,13.0,65996033.0
2018-06-15,ELET6,15.01,55193363.0
2018-06-15,EMBR3,24.06,118517526.0
2018-06-15,ENBR3,13.0,65056178.0
2018-06-15,EQTL3,59.16,134900420.0
2018-06-15,ESTC3,23.45,62987606.0
2018-06-15,FIBR3,73.2,185474675.0
2018-06-15,FLRY3,23.93,44715221.0
2018-06-15,GGBR4,14.04,200691974.0
2018-06-15,GOAU4,6.16,109450968.0
2018-06-15,GOLL4,11.45,32985576.0
2018-06-15,HYPE3,26.46,59469601.0
2018-06-15,IGTA3,29.59,46883668.0
2018-06-15,ITSA4,8.91,367702412.0
2018-06-15,ITUB4,38.46,1038026278.0
2018-06-15,JBSS3,8.72,133435665.0
2018-06-15,KLBN11,20.62,95705317.0
2018-06-15,KROT3,10.32,154342792.0
2018-06-15,LAME4,15.28,102555523.0
2018-06-15,LREN3,28.06,182716423.0
2018-06-15,MGLU3,119.82,276307050.0
2018-06-15,MRFG3,8.23,40804963.0
2018-06-15,MRVE3,11.78,57295382.0
2018-06-15,MULT3,52.48,70600556.0
2018-06-15,NATU3,31.81,69131334.0
2018-06-15,PCAR4,76.57,128122828.0
2018-06-15,PETR3,17.8,425836189.0
2018-06-15,PETR4,14.97,1112520427.0
2018-06-15,QUAL3,17.17,45304755.0
2018-06-15,RADL3,69.17,264354926.0
2018-06-15,RAIL3,13.03,165844532.0
2018-06-15,RENT3,22.64,122761792.0
2018-06-15,SANB11,29.59,159262864.0
2018-06-15,SAPR11,47.82,37952548.0
2018-06-15,SBSP3,23.02,82416953.0
2018-06-15,SMLS3,46.79,60530729.0
2018-06-15,SUZB3,47.3,396040515.0
2018-06-15,TAEE11,19.01,44844445.0
2018-06-15,TIMP3,12.83,71044507.0
2018-06-15,UGPA3,47.0,144759208.0
2018-06-15,USIM5,7.45,134959773.0
2018-06-15,VALE3,49.13,1812084563.0
2018-06-15,VIVT4,46.25,141567521.0
2018-06-15,VVAR11,19.96,75060704.0
2018-06-15,WEGE3,15.78,115156034.0
2018-06-18,ABEV3,18.54,366582175.0
2018-06-18,B3SA3,19.21,203404006.0
2018-06-18,BBAS3,24.52,279320956.0
2018-06-18,BBDC3,22.7,80412506.0
2018-06-18,BBDC4,24.91,357822132.0
2018-06-18,BBSE3,24.55,53279983.0
2018-06-18,BRAP4,28.5,28541070.0
2018-06-18,BRFS3,20.0,116333874.0
2018-06-18,BRKM5,49.55,159182091.0
2018-06-18,BRML3,9.09,57535724.0
2018-06-18,BTOW3,24.78,48981198.0
2018-06-18,CCRO3,10.59,71844361.0
2018-06-18,CIEL3,15.05,83656365.0
2018-06-18,CMIG4,6.56,48622651.0
2018-06-18,CPFE3,21.85,6332713.0
2018-06-18,CPLE6,21.53,9236854.0
2018-06-18,CSAN3,34.97,47462236.0
2018-06-18,CSNA3,7.86,77674057.0
2018-06-18,CVCB3,42.98,50165647.0
2018-06-18,CYRE3,10.02,24896315.0
2018-06-18,ECOR3,7.38,21231834.0
2018-06-18,EGIE3,33.62,20361205.0
2018-06-18,ELET3,12.99,38279802.0
2018-06-18,ELET6,15.0,34990941.0
2018-06-18,EMBR3,24.35,73906815.0
2018-06-18,ENBR3,12.97,25353475.0
2018-06-18,EQTL3,59.0,47930734.0
2018-06-18,ESTC3,23.6,60943991.0
2018-06-18,FIBR3,72.4,94519842.0
2018-06-18,FLRY3,23.74,33653774.0
2018-06-18,GGBR4,14.1,100803987.0
2018-06-18,GOAU4,6.15,75615959.0
2018-06-18,GOLL4,11.1,20233312.0
2018-06-18,HYPE3,26.43,40807329.0
2018-06-18,IGTA3,29.26,27618305.0
2018-06-18,ITSA4,8.61,197070248.0
2018-06-18,ITUB4,37.68,507508588.0
2018-06-18,JBSS3,8.93,110102687.0
2018-06-18,KLBN11,20.3,44598683.0
2018-06-18,KROT3,10.1,83766472.0
2018-06-18,LAME4,14.97,41327444.0
2018-06-18,LREN3,27.89,92103003.0
2018-06-18,MGLU3,117.78,142896748.0
2018-06-18,MRFG3,8.2,10813760.0
2018-06-18,MRVE3,11.62,21168239.0
2018-06-18,MULT3,51.85,46501924.0
2018-06-18,NATU3,31.0,66588421.0
2018-06-18,PCAR4,75.5,45612164.0
2018-06-18,PETR3,17.21,184662347.0
2018-06-18,PETR4,14.5,695590401.0
2018-06-18,QUAL3,16.91,24645109.0
2018-06-18,RADL3,70.9,131763900.0
2018-06-18,RAIL3,12.56,87306092.0
2018-06-18,RENT3,22.48,114976178.0
2018-06-18,SANB11,28.9,112307528.0
2018-06-18,SAPR11,47.66,19349095.0
2018-06-18,SBSP3,22.89,43678730.0
2018-06-18,SMLS3,44.85,58484651.0
2018-06-18,SUZB3,46.29,176043078.0
2018-06-18,TAEE11,19.01,20541620.0
2018-06-18,TIMP3,12.63,34107293.0
2018-06-18,UGPA3,47.5,76951664.0
2018-06-18,USIM5,7.39,82211419.0
2018-06-18,VALE3,49.21,999738290.0
2018-06-18,VIVT4,45.97,66385309.0
2018-06-18,VVAR11,19.12,40076063.0
2018-06-18,WEGE3,15.27,42504868.0
2018-06-19,ABEV3,18.8,350458806.0
2018-06-19,B3SA3,19.93,494487953.0
2018-06-19,BBAS3,26.24,413571188.0
2018-06-19,BBDC3,23.7,69106595.0
2018-06-19,BBDC4,26.2,576574497.0
2018-06-19,BBSE3,24.71,86514309.0
2018-06-19,BRAP4,28.53,93024512.0
2018-06-19,BRFS3,20.08,99072864.0
2018-06-19,BRKM5,49.34,107879938.0
2018-06-19,BRML3,9.38,72709267.0
2018-06-19,BTOW3,26.24,39558350.0
2018-06-19,CCRO3,10.5,67596255.0
2018-06-19,CIEL3,15.95,135740785.0
2018-06-19,CMIG4,6.77,59055329.0
2018-06-19,CPFE3,22.05,8407022.0
2018-06-19,CPLE6,22.14,16834095.0
2018-06-19,CSAN3,35.14,60708844.0
2018-06-19,CSNA3,7.98,78477925.0
2018-06-19,CVCB3,44.41,60502554.0
2018-06-19,CYRE3,10.37,25312028.0
2018-06-19,ECOR3,7.45,32787348.0
2018-06-19,EGIE3,33.55,36036309.0
2018-06-19,ELET3,13.4,53544862.0
2018-06-19,ELET6,15.63,37181295.0
2018-06-19,EMBR3,23.85,127536538.0
2018-06-19,ENBR3,13.2,40928382.0
2018-06-19,EQTL3,60.0,58201575.0
2018-06-19,ESTC3,23.79,57087614.0
2018-06-19,FIBR3,71.01,152371082.0
2018-06-19,FLRY3,24.99,31312403.0
2018-06-19,GGBR4,14.04,145112837.0
2018-06-19,GOAU4,6.29,78278922.0
2018-06-19,GOLL4,11.74,38447720.0
2018-06-19,HYPE3,27.08,57756313.0
2018-06-19,IGTA3,29.9,45978177.0
2018-06-19,ITSA4,8.99,317130908.0
2018-06-19,ITUB4,39.38,1114336018.0
2018-06-19,JBSS3,9.12,64456121.0
2018-06-19,KLBN11,19.9,83319540.0
2018-06-19,KROT3,10.04,97014218.0
2018-06-19,LAME4,15.85,67470744.0
2018-06-19,LREN3,28.51,126509086.0
2018-06-19,MGLU3,123.66,285631403.0
2018-06-19,MRFG3,8.14,15447135.0
2018-06-19,MRVE3,12.06,31150301.0
2018-06-19,MULT3,53.42,65380318.0
2018-06-19,NATU3,30.85,59726605.0
2018-06-19,PCAR4,74.93,112613128.0
2018-06-19,PETR3,17.85,419912007.0
2018-06-19,PETR4,15.42,1463042439.0
2018-06-19,QUAL3,17.71,63369227.0
2018-06-19,RADL3,71.31,128862393.0
2018-06-19,RAIL3,13.5,219222607.0
2018-06-19,RENT3,23.93,109569729.0
2018-06-19,SANB11,30.45,115992944.0
2018-06-19,SAPR11,49.0,63935384.0
2018-06-19,SBSP3,23.52,42681144.0
2018-06-19,SMLS3,47.3,58683315.0
2018-06-19,SUZB3,43.85,359144926.0
2018-06-19,TAEE11,18.9,48781825.0
2018-06-19,TIMP3,12.95,73286653.0
2018-06-19,UGPA3,48.7,108271524.0
2018-06-19,USIM5,7.52,109480089.0
2018-06-19,VALE3,48.3,1282584425.0
2018-06-19,VIVT4,46.0,127268004.0
2018-06-19,VVAR11,20.0,66338476.0
2018-06-19,WEGE3,15.21,53472116.0
2018-06-20,ABEV3,18.54,362962013.0
2018-06-20,B3SA3,19.78,174503044.0
2018-06-20,BBAS3,27.0,443216355.0
2018-06-20,BBDC3,23.85,47082662.0
2018-06-20,BBDC4,26.76,477348564.0
2018-06-20,BBSE3,24.55,51956445.0
2018-06-20,BRAP4,28.79,27017072.0
2018-06-20,BRFS3,19.6,152982281.0
2018-06-20,BRKM5,49.2,44557952.0
2018-06-20,BRML3,9.3,42125691.0
2018-06-20,BTOW3,27.79,65216683.0
2018-06-20,CCRO3,10.2,95647086.0
2018-06-20,CIEL3,16.3,81689056.0
2018-06-20,CMIG4,6.88,47459481.0
2018-06-20,CPFE3,22.15,47770701.0
2018-06-20,CPLE6,22.84,21946832.0
2018-06-20,CSAN3,35.02,51352524.0
2018-06-20,CSNA3,8.01,75845954.0
2018-06-20,CVCB3,45.22,87115846.0
2018-06-20,CYRE3,10.8,43581180.0
2018-06-20,ECOR3,7.55,40889570.0
2018-06-20,EGIE3,33.5,31522655.0
2018-06-20,ELET3,13.5,37560826.0
2018-06-20,ELET6,15.84,29650298.0
2018-06-20,EMBR3,24.43,69762249.0
2018-06-20,ENBR3,13.43,33406385.0
2018-06-20,EQTL3,59.38,40315131.0
2018-06-20,ESTC3,23.93,78304890.0
2018-06-20,FIBR3,70.93,86263605.0
2018-06-20,FLRY3,24.4,24393220.0
2018-06-20,GGBR4,14.74,299126142.0
2018-06-20,GOAU4,6.61,138644720.0
2018-06-20,GOLL4,11.8,32104831.0
2018-06-20,HYPE3,28.49,76467836.0
2018-06-20,IGTA3,29.72,56909802.0
2018-06-20,ITSA4,9.18,190016253.0
2018-06-20,ITUB4,40.11,781885565.0
2018-06-20,JBSS3,9.11,71496884.0
2018-06-20,KLBN11,19.65,46458064.0
2018-06-20,KROT3,9.77,68387665.0
2018-06-20,LAME4,16.08,65049289.0
2018-06-20,LREN3,29.3,140464753.0
2018-06-20,MGLU3,121.69,299891401.0
2018-06-20,MRFG3,8.0,23299741.0
2018-06-20,MRVE3,12.42,43710333.0
2018-06-20,MULT3,53.8,46764875.0
2018-06-20,NATU3,30.92,46519605.0
2018-06-20,PCAR4,77.2,70300460.0
2018-06-20,PETR3,18.58,292229671.0
2018-06-20,PETR4,16.21,1426156576.0
2018-06-20,QUAL3,18.11,52012750.0
2018-06-20,RADL3,70.65,141769993.0
2018-06-20,RAIL3,13.21,90718379.0
2018-06-20,RENT3,23.2,158361807.0
2018-06-20,SANB11,30.89,68940930.0
2018-06-20,SAPR11,49.05,36579202.0
2018-06-20,SBSP3,24.1,40397430.0
2018-06-20,SMLS3,46.29,65826239.0
2018-06-20,SUZB3,43.11,297136539.0
2018-06-20,TAEE11,19.17,28377208.0
2018-06-20,TIMP3,13.07,66487942.0
2018-06-20,UGPA3,46.64,98274719.0
2018-06-20,USIM5,7.67,78623803.0
2018-06-20,VALE3,48.81,702334717.0
2018-06-20,VIVT4,46.45,142148686.0
2018-06-20,VVAR11,20.0,115663858.0
2018-06-20,WEGE3,15.4,45132707.0
2018-06-21,ABEV3,18.13,233047451.0
2018-06-21,B3SA3,19.57,170430690.0
2018-06-21,BBAS3,26.01,270642259.0
2018-06-21,BBDC3,23.11,50582143.0
2018-06-21,BBDC4,25.65,342935988.0
2018-06-21,BBSE3,24.13,68809495.0
2018-06-21,BRAP4,27.63,41006167.0
2018-06-21,BRFS3,19.11,94392500.0
2018-06-21,BRKM5,51.22,139232904.0
2018-06-21,BRML3,9.0,30299328.0
2018-06-21,BTOW3,25.65,95393550.0
2018-06-21,CCRO3,9.8,76399340.0
2018-06-21,CIEL3,15.88,140060291.0
2018-06-21,CMIG4,6.61,33122826.0
2018-06-21,CPFE3,21.91,7906733.0
2018-06-21,CPLE6,21.65,17010324.0
2018-06-21,CSAN3,35.0,42333782.0
2018-06-21,CSNA3,7.55,56634910.0
2018-06-21,CVCB3,43.5,63193115.0
2018-06-21,CYRE3,10.6,30381808.0
2018-06-21,ECOR3,7.26,22420775.0
2018-06-21,EGIE3,33.42,39206688.0
2018-06-21,ELET3,12.38,53237895.0
2018-06-21,ELET6,14.72,47719271.0
2018-06-21,EMBR3,24.12,57469096.0
2018-06-21,ENBR3,13.45,55579812.0
2018-06-21,EQTL3,57.35,62600806.0
2018-06-21,ESTC3,24.09,73255175.0
2018-06-21,FIBR3,71.21,80606334.0
2018-06-21,FLRY3,23.75,28738154.0
2018-06-21,GGBR4,13.99,113475712.0
2018-06-21,GOAU4,6.25,93213221.0
2018-06-21,GOLL4,11.55,19359511.0
2018-06-21,HYPE3,28.04,59785173.0
2018-06-21,IGTA3,29.54,28457879.0
2018-06-21,ITSA4,8.91,196335633.0
2018-06-21,ITUB4,39.04,399756393.0
2018-06-21,JBSS3,9.32,108088407.0
2018-06-21,KLBN11,19.65,48190354.0
2018-06-21,KROT3,9.64,56914161.0
2018-06-21,LAME4,15.7,47381408.0
2018-06-21,LREN3,28.57,77965796.0
2018-06-21,MGLU3,121.61,205921985.0
2018-06-21,MRFG3,7.8,19264343.0
2018-06-21,MRVE3,12.02,32681062.0
2018-06-21,MULT3,52.94,51159142.0
2018-06-21,NATU3,30.4,40647674.0
2018-06-21,PCAR4,77.34,101947353.0
2018-06-21,PETR3,17.65,220058937.0
2018-06-21,PETR4,15.1,1059449123.0
2018-06-21,QUAL3,17.7,61151972.0
2018-06-21,RADL3,68.23,120052359.0
2018-06-21,RAIL3,13.0,45142500.0
2018-06-21,RENT3,22.2,59015327.0
2018-06-21,SANB11,29.35,46185059.0
2018-06-21,SAPR11,49.39,13246205.0
2018-06-21,SBSP3,23.09,61182552.0
2018-06-21,SMLS3,46.9,43958174.0
2018-06-21,SUZB3,43.58,189341298.0
2018-06-21,TAEE11,18.67,36144096.0
2018-06-21,TIMP3,12.85,39543392.0
2018-06-21,UGPA3,45.2,78158591.0
2018-06-21,USIM5,7.26,94496242.0
2018-06-21,VALE3,47.21,665696911.0
2018-06-21,VIVT4,44.76,76867116.0
2018-06-21,VVAR11,19.97,33996801.0
2018-06-21,WEGE3,15.47,49040099.0
2018-06-22,ABEV3,18.16,194269547.0
2018-06-22,B3SA3,19.97,169214614.0
2018-06-22,BBAS3,26.1,227377562.0
2018-06-22,BBDC3,23.6,48245761.0
2018-06-22,BBDC4,26.14,519684025.0
2018-06-22,BBSE3,24.32,51633750.0
2018-06-22,BRAP4,28.1,22051824.0
2018-06-22,BRFS3,19.45,76280315.0
2018-06-22,BRKM5,50.74,98160927.0
2018-06-22,BRML3,9.13,23837878.0
2018-06-22,BTOW3,26.04,42289098.0
2018-06-22,CCRO3,9.84,45710558.0
2018-06-22,CIEL3,15.33,76352910.0
2018-06-22,CMIG4,6.59,31112071.0
2018-06-22,CPFE3,21.9,3443354.0
2018-06-22,CPLE6,21.67,14474209.0
2018-06-22,CSAN3,35.39,20830348.0
2018-06-22,CSNA3,7.72,64337049.0
2018-06-22,CVCB3,43.35,42691849.0
2018-06-22,CYRE3,10.43,16905265.0
2018-06-22,ECOR3,7.12,20077799.0
2018-06-22,EGIE3,33.78,38431183.0
2018-06-22,ELET3,12.87,43171875.0
2018-06-22,ELET6,15.22,23417652.0
2018-06-22,EMBR3,24.3,59213206.0
2018-06-22,ENBR3,14.05,86839572.0
2018-06-22,EQTL3,56.98,87057766.0
2018-06-22,ESTC3,24.09,71273495.0
2018-06-22,FIBR3,71.33,46333020.0
2018-06-22,FLRY3,24.26,44285088.0
2018-06-22,GGBR4,14.26,136071340.0
2018-06-22,GOAU4,6.39,62654665.0
2018-06-22,GOLL4,11.09,29538294.0
2018-06-22,HYPE3,27.8,47987364.0
2018-06-22,IGTA3,29.78,26338736.0
2018-06-22,ITSA4,8.98,180610192.0
2018-06-22,ITUB4,39.34,318541589.0
2018-06-22,JBSS3,9.33,87890978.0
2018-06-22,KLBN11,19.37,52697917.0
2018-06-22,KROT3,9.65,74539714.0
2018-06-22,LAME4,15.91,48607261.0
2018-06-22,LREN3,28.38,44899482.0
2018-06-22,MGLU3,122.81,129798626.0
2018-06-22,MRFG3,7.98,23118462.0
2018-06-22,MRVE3,12.05,38069168.0
2018-06-22,MULT3,53.76,42053391.0
2018-06-22,NATU3,30.29,28350612.0
2018-06-22,PCAR4,78.0,51404018.0
2018-06-22,PETR3,17.76,128950483.0
2018-06-22,PETR4,15.11,796518779.0
2018-06-22,QUAL3,17.5,110420070.0
2018-06-22,RADL3,67.87,72170334.0
2018-06-22,RAIL3,13.08,50854017.0
2018-06-22,RENT3,22.82,115828666.0
2018-06-22,SANB11,30.15,36493396.0
2018-06-22,SAPR11,49.32,8944995.0
2018-06-22,SBSP3,22.8,19243606.0
2018-06-22,SMLS3,48.55,34896772.0
2018-06-22,SUZB3,43.88,93359626.0
2018-06-22,TAEE11,18.66,46494769.0
2018-06-22,TIMP3,12.88,28284401.0
2018-06-22,UGPA3,45.93,62156793.0
2018-06-22,USIM5,7.16,69048648.0
2018-06-22,VALE3,48.01,462038264.0
2018-06-22,VIVT4,45.5,68229726.0
2018-06-22,VVAR11,19.0,76673577.0
2018-06-22,WEGE3,15.44,45982924.0
2018-06-25,ABEV3,18.22,194614875.0
2018-06-25,B3SA3,20.69,250462324.0
2018-06-25,BBAS3,26.86,292840563.0
2018-06-25,BBDC3,23.45,35931251.0
2018-06-25,BBDC4,26.1,438603577.0
2018-06-25,BBSE3,24.5,61454639.0
2018-06-25,BRAP4,27.91,58942377.0
2018-06-25,BRFS3,18.77,133001782.0
2018-06-25,BRKM5,51.2,122865917.0
2018-06-25,BRML3,9.35,49571838.0
2018-06-25,BTOW3,25.64,31109730.0
2018-06-25,CCRO3,9.92,24883441.0
2018-06-25,CIEL3,15.4,36304920.0
2018-06-25,CMIG4,6.86,53131067.0
2018-06-25,CPFE3,21.81,2827914.0
2018-06-25,CPLE6,21.82,7835240.0
2018-06-25,CSAN3,35.63,45362886.0
2018-06-25,CSNA3,7.61,46042084.0
2018-06-25,CVCB3,44.0,54026201.0
2018-06-25,CYRE3,10.7,16080739.0
2018-06-25,ECOR3,7.27,19071848.0
2018-06-25,EGIE3,34.0,29778064.0
2018-06-25,ELET3,12.84,30782383.0
2018-06-25,ELET6,15.07,23795304.0
2018-06-25,EMBR3,23.99,65730713.0
2018-06-25,ENBR3,14.18,72109913.0
2018-06-25,EQTL3,59.01,62188897.0
2018-06-25,ESTC3,24.15,112909923.0
2018-06-25,FIBR3,71.42,87696104.0
2018-06-25,FLRY3,24.55,52255311.0
2018-06-25,GGBR4,13.87,123674645.0
2018-06-25,GOAU4,6.22,77278760.0
2018-06-25,GOLL4,10.61,34683352.0
2018-06-25,HYPE3,27.8,43997516.0
2018-06-25,IGTA3,30.08,24872198.0
2018-06-25,ITSA4,8.94,178995714.0
2018-06-25,ITUB4,39.42,570534487.0
2018-06-25,JBSS3,9.47,51381095.0
2018-06-25,KLBN11,19.61,45260243.0
2018-06-25,KROT3,9.48,71832624.0
2018-06-25,LAME4,16.09,75689850.0
2018-06-25,LREN3,28.5,58023865.0
2018-06-25,MGLU3,122.75,281478917.0
2018-06-25,MRFG3,8.09,21587678.0
2018-06-25,MRVE3,12.2,45674855.0
2018-06-25,MULT3,54.36,41196991.0
2018-06-25,NATU3,30.72,43296763.0
2018-06-25,PCAR4,79.0,118329264.0
2018-06-25,PETR3,18.09,171593666.0
2018-06-25,PETR4,15.7,931070232.0
2018-06-25,QUAL3,17.5,38086159.0
2018-06-25,RADL3,68.27,79384759.0
2018-06-25,RAIL3,13.47,82724680.0
2018-06-25,RENT3,23.11,67619847.0
2018-06-25,SANB11,29.11,68717916.0
2018-06-25,SAPR11,47.5,62141496.0
2018-06-25,SBSP3,23.21,18677571.0
2018-06-25,SMLS3,49.65,22388768.0
2018-06-25,SUZB3,43.96,99830653.0
2018-06-25,TAEE11,18.85,22856036.0
2018-06-25,TIMP3,13.12,93065614.0
2018-06-25,UGPA3,46.42,49618722.0
2018-06-25,USIM5,7.15,76392087.0
2018-06-25,VALE3,47.16,647096058.0
2018-06-25,VIVT4,45.8,92742272.0
2018-06-25,VVAR11,18.7,38423931.0
2018-06-25,WEGE3,15.82,38613668.0
2018-06-26,ABEV3,18.09,360090767.0
2018-06-26,B3SA3,20.64,237022801.0
2018-06-26,BBAS3,27.18,323661953.0
2018-06-26,BBDC3,23.47,40934594.0
2018-06-26,BBDC4,25.96,383723592.0
2018-06-26,BBSE3,24.65,109917746.0
2018-06-26,BRAP4,28.59,51036562.0
2018-06-26,BRFS3,18.5,105924133.0
2018-06-26,BRKM5,50.52,63717202.0
2018-06-26,BRML3,10.07,79393087.0
2018-06-26,BTOW3,25.61,26111225.0
2018-06-26,CCRO3,10.03,26320297.0
2018-06-26,CIEL3,15.72,49776467.0
2018-06-26,CMIG4,7.34,128494787.0
2018-06-26,CPFE3,21.68,3742449.0
2018-06-26,CPLE6,21.65,21435837.0
2018-06-26,CSAN3,35.85,29955477.0
2018-06-26,CSNA3,7.54,59212289.0
2018-06-26,CVCB3,45.2,57852793.0
2018-06-26,CYRE3,10.69,11428933.0
2018-06-26,ECOR3,7.26,22059955.0
2018-06-26,EGIE3,34.32,22849537.0
2018-06-26,ELET3,12.5,41146949.0
2018-06-26,ELET6,14.45,37385754.0
2018-06-26,EMBR3,23.91,44823638.0
2018-06-26,ENBR3,13.89,35263303.0
2018-06-26,EQTL3,57.57,67404646.0
2018-06-26,ESTC3,23.86,85999756.0
2018-06-26,FIBR3,71.71,58039615.0
2018-06-26,FLRY3,26.09,78110940.0
2018-06-26,GGBR4,13.46,172668782.0
2018-06-26,GOAU4,6.07,59250370.0
2018-06-26,GOLL4,10.47,32722689.0
2018-06-26,HYPE3,28.29,24707258.0
2018-06-26,IGTA3,31.63,47798288.0
2018-06-26,ITSA4,9.09,161205143.0
2018-06-26,ITUB4,39.29,510227606.0
2018-06-26,JBSS3,9.33,38197930.0
2018-06-26,KLBN11,19.5,79249673.0
2018-06-26,KROT3,9.44,90223550.0
2018-06-26,LAME4,15.99,50443868.0
2018-06-26,LREN3,29.2,57326783.0
2018-06-26,MGLU3,123.74,196563538.0
2018-06-26,MRFG3,7.95,15033445.0
2018-06-26,MRVE3,12.03,39775352.0
2018-06-26,MULT3,57.02,89741029.0
2018-06-26,NATU3,30.5,78022911.0
2018-06-26,PCAR4,78.8,102234967.0
2018-06-26,PETR3,18.52,160696268.0
2018-06-26,PETR4,16.04,945868599.0
2018-06-26,QUAL3,18.03,80356879.0
2018-06-26,RADL3,68.11,95184896.0
2018-06-26,RAIL3,13.73,57751878.0
2018-06-26,RENT3,24.21,153652837.0
2018-06-26,SANB11,29.0,42600690.0
2018-06-26,SAPR11,46.15,33549578.0
2018-06-26,SBSP3,22.81,21007336.0
2018-06-26,SMLS3,49.63,26306993.0
2018-06-26,SUZB3,44.5,101706399.0
2018-06-26,TAEE11,18.84,14726654.0
2018-06-26,TIMP3,12.74,58604744.0
2018-06-26,UGPA3,46.34,38742280.0
2018-06-26,USIM5,7.11,59204200.0
2018-06-26,VALE3,48.34,736189190.0
2018-06-26,VIVT4,45.01,75291478.0
2018-06-26,VVAR11,19.3,53056658.0
2018-06-26,WEGE3,15.96,31741354.0
2018-06-27,ABEV3,17.95,207615430.0
2018-06-27,B3SA3,20.2,175496750.0
2018-06-27,BBAS3,26.62,402067073.0
2018-06-27,BBDC3,23.12,33241234.0
2018-06-27,BBDC4,25.54,310563619.0
2018-06-27,BBSE3,24.19,61150210.0
2018-06-27,BRAP4,28.54,38646838.0
2018-06-27,BRFS3,18.17,94263787.0
2018-06-27,BRKM5,49.58,84701584.0
2018-06-27,BRML3,9.84,45886857.0
2018-06-27,BTOW3,25.3,24727881.0
2018-06-27,CCRO3,9.76,50348630.0
2018-06-27,CIEL3,16.05,84779310.0
2018-06-27,CMIG4,7.04,56568234.0
2018-06-27,CPFE3,21.64,3461742.0
2018-06-27,CPLE6,20.85,22201977.0
2018-06-27,CSAN3,35.16,57087468.0
2018-06-27,CSNA3,7.52,56117720.0
2018-06-27,CVCB3,43.59,45220438.0
2018-06-27,CYRE3,10.42,10422166.0
2018-06-27,ECOR3,7.14,17906752.0
2018-06-27,EGIE3,34.32,25236591.0
2018-06-27,ELET3,11.99,38802293.0
2018-06-27,ELET6,13.72,32334005.0
2018-06-27,EMBR3,23.8,60735695.0
2018-06-27,ENBR3,13.65,33098113.0
2018-06-27,EQTL3,56.26,38552153.0
2018-06-27,ESTC3,24.0,55226963.0
2018-06-27,FIBR3,72.21,186134784.0
2018-06-27,FLRY3,25.63,65354505.0
2018-06-27,GGBR4,13.56,147854461.0
2018-06-27,GOAU4,6.02,71749356.0
2018-06-27,GOLL4,10.18,43133979.0
2018-06-27,HYPE3,27.6,58998889.0
2018-06-27,IGTA3,30.61,38196696.0
2018-06-27,ITSA4,8.82,147272813.0
2018-06-27,ITUB4,38.58,451626548.0
2018-06-27,JBSS3,9.13,45027325.0
2018-06-27,KLBN11,19.69,64283490.0
2018-06-27,KROT3,9.16,90680377.0
2018-06-27,LAME4,15.4,63333224.0
2018-06-27,LREN3,27.72,106618799.0
2018-06-27,MGLU3,121.53,125865052.0
2018-06-27,MRFG3,8.01,38897712.0
2018-06-27,MRVE3,11.83,41035257.0
2018-06-27,MULT3,55.0,58345173.0
2018-06-27,NATU3,29.6,45200670.0
2018-06-27,PCAR4,76.83,72480362.0
2018-06-27,PETR3,19.02,234429786.0
2018-06-27,PETR4,16.55,1291365050.0
2018-06-27,QUAL3,17.97,50619387.0
2018-06-27,RADL3,65.85,131714784.0
2018-06-27,RAIL3,13.16,128503072.0
2018-06-27,RENT3,23.18,130335938.0
2018-06-27,SANB11,28.49,42785959.0
2018-06-27,SAPR11,45.5,16866687.0
2018-06-27,SBSP3,22.52,35759973.0
2018-06-27,SMLS3,49.3,33768866.0
2018-06-27,SUZB3,45.0,230916492.0
2018-06-27,TAEE11,18.59,23932755.0
2018-06-27,TIMP3,12.84,46181343.0
2018-06-27,UGPA3,44.2,72718954.0
2018-06-27,USIM5,7.15,75772414.0
2018-06-27,VALE3,48.15,701821566.0
2018-06-27,VIVT4,44.99,59996172.0
2018-06-27,VVAR11,19.0,31947010.0
2018-06-27,WEGE3,15.72,39073938.0
2018-06-28,ABEV3,18.01,187858098.0
2018-06-28,B3SA3,20.52,155871795.0
2018-06-28,BBAS3,28.15,307587462.0
2018-06-28,BBDC3,23.85,35368316.0
2018-06-28,BBDC4,26.41,257973468.0
2018-06-28,BBSE3,24.15,36399287.0
2018-06-28,BRAP4,28.9,27360082.0
2018-06-28,BRFS3,17.91,82885994.0
2018-06-28,BRKM5,50.31,53622296.0
2018-06-28,BRML3,9.8,37023171.0
2018-06-28,BTOW3,26.0,29665210.0
2018-06-28,CCRO3,9.97,49005436.0
2018-06-28,CIEL3,16.4,71413158.0
2018-06-28,CMIG4,7.2,53817513.0
2018-06-28,CPFE3,21.47,7058745.0
2018-06-28,CPLE6,21.29,16041753.0
2018-06-28,CSAN3,35.18,37637032.0
2018-06-28,CSNA3,7.59,47387283.0
2018-06-28,CVCB3,43.64,54726509.0
2018-06-28,CYRE3,10.7,13863195.0
2018-06-28,ECOR3,7.08,22624726.0
2018-06-28,EGIE3,34.43,29094153.0
2018-06-28,ELET3,12.33,36293895.0
2018-06-28,ELET6,13.97,33486890.0
2018-06-28,EMBR3,24.64,103063655.0
2018-06-28,ENBR3,13.76,47249384.0
2018-06-28,EQTL3,57.8,55953263.0
2018-06-28,ESTC3,23.97,50142639.0
2018-06-28,FIBR3,72.12,109454496.0
2018-06-28,FLRY3,26.2,47934471.0
2018-06-28,GGBR4,13.93,159390197.0
2018-06-28,GOAU4,6.12,49897476.0
2018-06-28,GOLL4,10.65,46485553.0
2018-06-28,HYPE3,28.06,31255478.0
2018-06-28,IGTA3,30.46,24664834.0
2018-06-28,ITSA4,9.04,174039415.0
2018-06-28,ITUB4,39.65,459307921.0
2018-06-28,JBSS3,8.92,52836446.0
2018-06-28,KLBN11,19.48,59895362.0
2018-06-28,KROT3,9.4,97158306.0
2018-06-28,LAME4,15.91,49828335.0
2018-06-28,LREN3,28.5,64712173.0
2018-06-28,MGLU3,123.55,156924104.0
2018-06-28,MRFG3,8.11,22307042.0
2018-06-28,MRVE3,11.95,50323829.0
2018-06-28,MULT3,55.25,44631647.0
2018-06-28,NATU3,30.86,40575704.0
2018-06-28,PCAR4,76.61,71282055.0
2018-06-28,PETR3,18.91,259395153.0
2018-06-28,PETR4,16.6,1589493442.0
2018-06-28,QUAL3,18.5,37431000.0
2018-06-28,RADL3,64.99,79344220.0
2018-06-28,RAIL3,13.55,50774951.0
2018-06-28,RENT3,23.69,86884299.0
2018-06-28,SANB11,28.82,27793795.0
2018-06-28,SAPR11,46.3,10649638.0
2018-06-28,SBSP3,22.5,23867516.0
2018-06-28,SMLS3,50.0,25264134.0
2018-06-28,SUZB3,44.17,122773646.0
2018-06-28,TAEE11,18.57,18825115.0
2018-06-28,TIMP3,12.86,36844570.0
2018-06-28,UGPA3,45.21,66718306.0
2018-06-28,USIM5,7.43,98569283.0
2018-06-28,VALE3,49.07,792685313.0
2018-06-28,VIVT4,45.02,67148715.0
2018-06-28,VVAR11,18.9,21726530.0
2018-06-28,WEGE3,16.11,37934566.0
2018-06-29,ABEV3,17.98,240442921.0
2018-06-29,B3SA3,20.45,200100400.0
2018-06-29,BBAS3,28.65,393312100.0
2018-06-29,BBDC3,24.38,60473864.0
2018-06-29,BBDC4,26.9,398003343.0
2018-06-29,BBSE3,24.46,65794363.0
2018-06-29,BRAP4,29.23,27295616.0
2018-06-29,BRFS3,18.0,147865202.0
2018-06-29,BRKM5,50.76,60074503.0
2018-06-29,BRML3,9.7,59234672.0
2018-06-29,BTOW3,26.9,70184447.0
2018-06-29,CCRO3,10.12,51447274.0
2018-06-29,CIEL3,16.52,80836559.0
2018-06-29,CMIG4,7.3,55550951.0
2018-06-29,CPFE3,21.67,6941517.0
2018-06-29,CPLE6,21.92,13049313.0
2018-06-29,CSAN3,35.18,54184383.0
2018-06-29,CSNA3,7.86,54486285.0
2018-06-29,CVCB3,45.2,48504215.0
2018-06-29,CYRE3,11.0,29432019.0
2018-06-29,ECOR3,7.4,82908967.0
2018-06-29,EGIE3,34.23,32028873.0
2018-06-29,ELET3,12.19,46829737.0
2018-06-29,ELET6,13.55,45226530.0
2018-06-29,EMBR3,24.26,105461988.0
2018-06-29,ENBR3,13.87,51040436.0
2018-06-29,EQTL3,56.78,93393903.0
2018-06-29,ESTC3,24.38,62902303.0
2018-06-29,FIBR3,72.57,109147878.0
2018-06-29,FLRY3,26.45,40838174.0
2018-06-29,GGBR4,13.91,180085077.0
2018-06-29,GOAU4,6.18,54429780.0
2018-06-29,GOLL4,10.42,35440554.0
2018-06-29,HYPE3,27.61,80555746.0
2018-06-29,IGTA3,30.84,30290029.0
2018-06-29,ITSA4,9.18,184695994.0
2018-06-29,ITUB4,40.34,673337809.0
2018-06-29,JBSS3,9.3,64424290.0
2018-06-29,KLBN11,19.6,56139613.0
2018-06-29,KROT3,9.32,83604199.0
2018-06-29,LAME4,16.67,79961816.0
2018-06-29,LREN3,29.37,108780532.0
2018-06-29,MGLU3,127.99,226232777.0
2018-06-29,MRFG3,8.14,28123608.0
2018-06-29,MRVE3,12.04,66037644.0
2018-06-29,MULT3,57.0,66861616.0
2018-06-29,NATU3,30.27,59434197.0
2018-06-29,PCAR4,77.89,100318601.0
2018-06-29,PETR3,19.42,186026831.0
2018-06-29,PETR4,17.19,1289010548.0
2018-06-29,QUAL3,18.46,88556550.0
2018-06-29,RADL3,66.4,70561113.0
2018-06-29,RAIL3,14.1,104294833.0
2018-06-29,RENT3,23.73,105384593.0
2018-06-29,SANB11,29.3,32115047.0
2018-06-29,SAPR11,47.45,17970644.0
2018-06-29,SBSP3,23.29,30149481.0
2018-06-29,SMLS3,52.0,47530004.0
2018-06-29,SUZB3,44.97,118417370.0
2018-06-29,TAEE11,18.7,34657199.0
2018-06-29,TIMP3,13.18,34165214.0
2018-06-29,UGPA3,45.95,80411251.0
2018-06-29,USIM5,7.32,125878952.0
2018-06-29,VALE3,49.59,606754490.0
2018-06-29,VIVT4,45.74,77359348.0
2018-06-29,VVAR11,18.61,46259284.0
2018-06-29,WEGE3,16.25,52171564.0
2018-07-02,ABEV3,18.14,131925921.0
2018-07-02,B3SA3,20.64,73718010.0
2018-07-02,BBAS3,29.39,249894700.0
2018-07-02,BBDC3,24.06,41986283.0
2018-07-02,BBDC4,26.55,260305949.0
2018-07-02,BBSE3,24.4,28711580.0
2018-07-02,BRAP4,28.61,22802005.0
2018-07-02,BRFS3,20.21,492373071.0
2018-07-02,BRKM5,51.04,38210505.0
2018-07-02,BRML3,9.75,23660179.0
2018-07-02,BTOW3,26.84,25170713.0
2018-07-02,CCRO3,9.75,35335883.0
2018-07-02,CIEL3,16.2,31233493.0
2018-07-02,CMIG4,7.44,40550419.0
2018-07-02,CPFE3,21.53,6769518.0
2018-07-02,CPLE6,21.96,8377112.0
2018-07-02,CSAN3,34.79,50000524.0
2018-07-02,CSNA3,7.78,54475125.0
2018-07-02,CVCB3,44.65,40645366.0
2018-07-02,CYRE3,10.84,8627780.0
2018-07-02,ECOR3,7.24,11514515.0
2018-07-02,EGIE3,34.26,12206189.0
2018-07-02,ELET3,13.06,60689691.0
2018-07-02,ELET6,14.68,47546809.0
2018-07-02,EMBR3,24.72,110933384.0
2018-07-02,ENBR3,13.64,30850068.0
2018-07-02,EQTL3,58.5,46066541.0
2018-07-02,ESTC3,24.85,43025909.0
2018-07-02,FIBR3,72.11,66642106.0
2018-07-02,FLRY3,25.71,27523314.0
2018-07-02,GGBR4,13.92,90759100.0
2018-07-02,GOAU4,6.22,38364703.0
2018-07-02,GOLL4,10.12,18667866.0
2018-07-02,HYPE3,28.18,57313097.0
2018-07-02,IGTA3,31.29,54396101.0
2018-07-02,ITSA4,9.28,180304730.0
2018-07-02,ITUB4,40.35,304980724.0
2018-07-02,JBSS3,9.29,34947639.0
2018-07-02,KLBN11,19.58,30370185.0
2018-07-02,KROT3,9.73,49272300.0
2018-07-02,LAME4,16.31,35811476.0
2018-07-02,LREN3,29.0,62311923.0
2018-07-02,MGLU3,125.43,129343970.0
2018-07-02,MRFG3,8.17,12753545.0
2018-07-02,MRVE3,11.94,32201759.0
2018-07-02,MULT3,55.31,86197495.0
2018-07-02,NATU3,30.6,27660539.0
2018-07-02,PCAR4,77.8,50047565.0
2018-07-02,PETR3,19.68,297545112.0
2018-07-02,PETR4,17.47,938048113.0
2018-07-02,QUAL3,18.13,19121631.0
2018-07-02,RADL3,67.76,41131969.0
2018-07-02,RAIL3,13.86,141883510.0
2018-07-02,RENT3,23.12,65801710.0
2018-07-02,SANB11,29.09,14875117.0
2018-07-02,SAPR11,47.3,5970195.0
2018-07-02,SBSP3,23.25,11187324.0
2018-07-02,SMLS3,52.5,32399541.0
2018-07-02,SUZB3,44.59,63351573.0
2018-07-02,TAEE11,18.84,15384311.0
2018-07-02,TIMP3,13.05,15786566.0
2018-07-02,UGPA3,46.02,36261590.0
2018-07-02,USIM5,7.23,67614093.0
2018-07-02,VALE3,48.76,401184228.0
2018-07-02,VIVT4,45.04,37843943.0
2018-07-02,VVAR11,17.88,30452000.0
2018-07-02,WEGE3,15.66,25417451.0
2018-07-03,ABEV3,18.09,199894315.0
2018-07-03,B3SA3,20.89,132156818.0
2018-07-03,BBAS3,29.65,301346318.0
2018-07-03,BBDC3,24.65,44703804.0
2018-07-03,BBDC4,27.76,361074191.0
2018-07-03,BBSE3,24.62,84219307.0
2018-07-03,BRAP4,28.29,25927461.0
2018-07-03,BRFS3,20.42,152552710.0
2018-07-03,BRKM5,50.4,56682850.0
2018-07-03,BRML3,9.85,42153909.0
2018-07-03,BTOW3,27.7,30919525.0
2018-07-03,CCRO3,9.91,39407970.0
2018-07-03,CIEL3,16.03,42188168.0
2018-07-03,CMIG4,7.45,45084724.0
2018-07-03,CPFE3,21.53,3980112.0
2018-07-03,CPLE6,22.62,6813229.0
2018-07-03,CSAN3,35.24,43637128.0
2018-07-03,CSNA3,7.82,61821870.0
2018-07-03,CVCB3,44.42,40164452.0
2018-07-03,CYRE3,11.13,10271565.0
2018-07-03,ECOR3,7.45,18463766.0
2018-07-03,EGIE3,34.5,18535304.0
2018-07-03,ELET3,13.4,49115749.0
2018-07-03,ELET6,15.35,28421767.0
2018-07-03,EMBR3,25.98,125983541.0
2018-07-03,ENBR3,13.9,22718371.0
2018-07-03,EQTL3,58.1,44752993.0
2018-07-03,ESTC3,25.5,74716743.0
2018-07-03,FIBR3,72.18,79983687.0
2018-07-03,FLRY3,26.5,26046205.0
2018-07-03,GGBR4,14.29,165792340.0
2018-07-03,GOAU4,6.47,67688286.0
2018-07-03,GOLL4,10.2,37798807.0
2018-07-03,HYPE3,28.0,30276022.0
2018-07-03,IGTA3,31.42,27184840.0
2018-07-03,ITSA4,9.59,178450887.0
2018-07-03,ITUB4,41.3,402011835.0
2018-07-03,JBSS3,9.3,109977771.0
2018-07-03,KLBN11,19.51,27391486.0
2018-07-03,KROT3,10.66,135014897.0
2018-07-03,LAME4,16.49,54326024.0
2018-07-03,LREN3,30.0,207958287.0
2018-07-03,MGLU3,124.53,266597289.0
2018-07-03,MRFG3,8.21,9040734.0
2018-07-03,MRVE3,12.45,47145280.0
2018-07-03,MULT3,55.65,50018387.0
2018-07-03,NATU3,30.24,35737369.0
2018-07-03,PCAR4,79.28,97583180.0
2018-07-03,PETR3,19.75,158903429.0
2018-07-03,PETR4,17.5,1016159342.0
2018-07-03,QUAL3,18.66,38735498.0
2018-07-03,RADL3,69.99,53967326.0
2018-07-03,RAIL3,13.69,139658753.0
2018-07-03,RENT3,23.45,89832945.0
2018-07-03,SANB11,29.4,22800801.0
2018-07-03,SAPR11,46.4,98576955.0
2018-07-03,SBSP3,23.33,16670697.0
2018-07-03,SMLS3,52.75,43281858.0
2018-07-03,SUZB3,45.0,109695199.0
2018-07-03,TAEE11,19.02,23710240.0
2018-07-03,TIMP3,13.0,32239709.0
2018-07-03,UGPA3,46.0,69413707.0
2018-07-03,USIM5,7.75,139984023.0
2018-07-03,VALE3,47.96,558650313.0
2018-07-03,VIVT4,45.24,46547991.0
2018-07-03,VVAR11,17.95,31639479.0
2018-07-03,WEGE3,16.0,42298107.0
2018-07-04,ABEV3,18.1,142444830.0
2018-07-04,B3SA3,21.14,57143720.0
2018-07-04,BBAS3,30.5,191294850.0
2018-07-04,BBDC3,25.16,41152803.0
2018-07-04,BBDC4,28.15,218792980.0
2018-07-04,BBSE3,24.6,58961293.0
2018-07-04,BRAP4,28.4,17294578.0
2018-07-04,BRFS3,20.7,55155035.0
2018-07-04,BRKM5,49.6,52977271.0
2018-07-04,BRML3,10.01,25765935.0
2018-07-04,BTOW3,29.0,27736474.0
2018-07-04,CCRO3,10.01,16727558.0
2018-07-04,CIEL3,16.0,20087548.0
2018-07-04,CMIG4,7.6,23450225.0
2018-07-04,CPFE3,21.95,2405372.0
2018-07-04,CPLE6,23.0,4428176.0
2018-07-04,CSAN3,35.57,9686671.0
2018-07-04,CSNA3,8.03,45327136.0
2018-07-04,CVCB3,44.05,21483594.0
2018-07-04,CYRE3,11.46,13147239.0
2018-07-04,ECOR3,7.5,11899630.0
2018-07-04,EGIE3,34.85,19135428.0
2018-07-04,ELET3,15.81,127899869.0
2018-07-04,ELET6,17.9,111097670.0
2018-07-04,EMBR3,26.95,114916365.0
2018-07-04,ENBR3,14.01,11457360.0
2018-07-04,EQTL3,59.89,39736193.0
2018-07-04,ESTC3,25.84,35234925.0
2018-07-04,FIBR3,72.4,28241866.0
2018-07-04,FLRY3,26.74,21328585.0
2018-07-04,GGBR4,14.58,66622459.0
2018-07-04,GOAU4,6.57,49296389.0
2018-07-04,GOLL4,10.5,25780553.0
2018-07-04,HYPE3,28.0,8585184.0
2018-07-04,IGTA3,32.33,30215676.0
2018-07-04,ITSA4,9.68,90371597.0
2018-07-04,ITUB4,41.97,324427820.0
2018-07-04,JBSS3,9.64,57079030.0
2018-07-04,KLBN11,19.54,16415495.0
2018-07-04,KROT3,10.43,41819704.0
2018-07-04,LAME4,16.64,21989755.0
2018-07-04,LREN3,29.85,38312648.0
2018-07-04,MGLU3,124.35,71125361.0
2018-07-04,MRFG3,8.64,13457243.0
2018-07-04,MRVE3,12.6,33684194.0
2018-07-04,MULT3,56.93,28915635.0
2018-07-04,NATU3,30.19,14489752.0
2018-07-04,PCAR4,80.0,55848592.0
2018-07-04,PETR3,20.71,104946995.0
2018-07-04,PETR4,18.45,964218935.0
2018-07-04,QUAL3,19.0,31055102.0
2018-07-04,RADL3,69.79,21814243.0
2018-07-04,RAIL3,13.7,22717740.0
2018-07-04,RENT3,23.55,29546806.0
2018-07-04,SANB11,30.06,14053775.0
2018-07-04,SAPR11,47.2,6921827.0
2018-07-04,SBSP3,23.69,8427999.0
2018-07-04,SMLS3,52.49,16479184.0
2018-07-04,SUZB3,45.71,59261396.0
2018-07-04,TAEE11,19.73,20321502.0
2018-07-04,TIMP3,13.16,7758211.0
2018-07-04,UGPA3,45.8,24349868.0
2018-07-04,USIM5,8.22,136691106.0
2018-07-04,VALE3,48.03,294908066.0
2018-07-04,VIVT4,45.3,26358863.0
2018-07-04,VVAR11,17.94,14042366.0
2018-07-04,WEGE3,15.9,8385597.0
2018-07-05,ABEV3,18.4,211650452.0
2018-07-05,B3SA3,21.01,136925139.0
2018-07-05,BBAS3,29.79,297524439.0
2018-07-05,BBDC3,25.0,48462782.0
2018-07-05,BBDC4,28.09,362008095.0
2018-07-05,BBSE3,24.52,37973082.0
2018-07-05,BRAP4,29.27,36187781.0
2018-07-05,BRFS3,21.45,144898800.0
2018-07-05,BRKM5,49.47,35192578.0
2018-07-05,BRML3,10.02,37991494.0
2018-07-05,BTOW3,28.34,34821829.0
2018-07-05,CCRO3,10.04,48859942.0
2018-07-05,CIEL3,16.0,63783192.0
2018-07-05,CMIG4,7.67,62674035.0
2018-07-05,CPFE3,21.87,15516411.0
2018-07-05,CPLE6,22.6,13951688.0
2018-07-05,CSAN3,35.42,42049892.0
2018-07-05,CSNA3,7.83,69184870.0
2018-07-05,CVCB3,43.37,36033548.0
2018-07-05,CYRE3,11.42,11715547.0
2018-07-05,ECOR3,7.95,77145830.0
2018-07-05,EGIE3,34.56,13084885.0
2018-07-05,ELET3,14.45,128688623.0
2018-07-05,ELET6,16.8,76342283.0
2018-07-05,EMBR3,23.1,534464718.0
2018-07-05,ENBR3,13.72,21579927.0
2018-07-05,EQTL3,59.38,33543799.0
2018-07-05,ESTC3,25.6,44222289.0
2018-07-05,FIBR3,72.75,67340253.0
2018-07-05,FLRY3,26.57,25439174.0
2018-07-05,GGBR4,15.16,278432190.0
2018-07-05,GOAU4,6.84,89783232.0
2018-07-05,GOLL4,10.61,28695302.0
2018-07-05,HYPE3,27.85,45853486.0
2018-07-05,IGTA3,32.12,21378015.0
2018-07-05,ITSA4,9.7,156862357.0
2018-07-05,ITUB4,41.7,406625698.0
2018-07-05,JBSS3,9.55,38170654.0
2018-07-05,KLBN11,19.56,33520907.0
2018-07-05,KROT3,10.5,40623539.0
2018-07-05,LAME4,16.72,46380134.0
2018-07-05,LREN3,29.9,123053928.0
2018-07-05,MGLU3,120.0,170116077.0
2018-07-05,MRFG3,8.58,19400617.0
2018-07-05,MRVE3,12.64,41229428.0
2018-07-05,MULT3,56.66,26031794.0
2018-07-05,NATU3,29.77,38879833.0
2018-07-05,PCAR4,79.46,88164064.0
2018-07-05,PETR3,20.09,267831040.0
2018-07-05,PETR4,17.86,1381024437.0
2018-07-05,QUAL3,18.94,29094147.0
2018-07-05,RADL3,68.3,47112809.0
2018-07-05,RAIL3,13.58,45492333.0
2018-07-05,RENT3,23.2,98772378.0
2018-07-05,SANB11,29.46,36525629.0
2018-07-05,SAPR11,46.83,7248150.0
2018-07-05,SBSP3,23.7,17586211.0
2018-07-05,SMLS3,51.14,20130577.0
2018-07-05,SUZB3,46.79,109554863.0
2018-07-05,TAEE11,19.68,25216313.0
2018-07-05,TIMP3,13.1,21501690.0
2018-07-05,UGPA3,45.77,58601292.0
2018-07-05,USIM5,8.09,113597427.0
2018-07-05,VALE3,49.7,599649693.0
2018-07-05,VIVT4,45.05,45422508.0
2018-07-05,VVAR11,17.54,45711590.0
2018-07-05,WEGE3,15.98,44080810.0
2018-07-06,ABEV3,18.09,350867273.0
2018-07-06,B3SA3,21.75,168283763.0
2018-07-06,BBAS3,29.46,269396056.0
2018-07-06,BBDC3,25.19,21169331.0
2018-07-06,BBDC4,28.17,280846383.0
2018-07-06,BBSE3,24.6,43666764.0
2018-07-06,BRAP4,29.67,23978849.0
2018-07-06,BRFS3,22.8,263298696.0
2018-07-06,BRKM5,49.38,49665897.0
2018-07-06,BRML3,10.17,51263588.0
2018-07-06,BTOW3,28.33,35269860.0
2018-07-06,CCRO3,10.05,29650516.0
2018-07-06,CIEL3,15.96,40815343.0
2018-07-06,CMIG4,7.73,31806669.0
2018-07-06,CPFE3,21.94,4306713.0
2018-07-06,CPLE6,22.5,6387845.0
2018-07-06,CSAN3,36.21,22734472.0
2018-07-06,CSNA3,7.97,44344457.0
2018-07-06,CVCB3,41.49,86527748.0
2018-07-06,CYRE3,11.59,7852813.0
2018-07-06,ECOR3,7.85,26576249.0
2018-07-06,EGIE3,34.27,18842752.0
2018-07-06,ELET3,14.53,29944307.0
2018-07-06,ELET6,16.84,16620786.0
2018-07-06,EMBR3,22.67,250572411.0
2018-07-06,ENBR3,13.8,14518223.0
2018-07-06,EQTL3,59.26,33170826.0
2018-07-06,ESTC3,26.48,55641585.0
2018-07-06,FIBR3,72.95,49569335.0
2018-07-06,FLRY3,27.12,22851208.0
2018-07-06,GGBR4,15.52,169112031.0
2018-07-06,GOAU4,7.01,82239469.0
2018-07-06,GOLL4,11.12,44033697.0
2018-07-06,HYPE3,28.54,25258353.0
2018-07-06,IGTA3,32.05,18242326.0
2018-07-06,ITSA4,9.72,103128547.0
2018-07-06,ITUB4,42.08,320003512.0
2018-07-06,JBSS3,9.34,74942250.0
2018-07-06,KLBN11,19.72,29276464.0
2018-07-06,KROT3,11.21,137388991.0
2018-07-06,LAME4,16.85,33488018.0
2018-07-06,LREN3,29.9,107335165.0
2018-07-06,MGLU3,121.7,203283039.0
2018-07-06,MRFG3,8.33,13478030.0
2018-07-06,MRVE3,12.65,20267842.0
2018-07-06,MULT3,56.0,59616637.0
2018-07-06,NATU3,30.07,21008946.0
2018-07-06,PCAR4,78.81,59547549.0
2018-07-06,PETR3,20.22,93562553.0
2018-07-06,PETR4,17.94,605205790.0
2018-07-06,QUAL3,19.79,36318254.0
2018-07-06,RADL3,67.37,43711860.0
2018-07-06,RAIL3,13.69,29401981.0
2018-07-06,RENT3,22.82,75506784.0
2018-07-06,SANB11,29.79,30549374.0
2018-07-06,SAPR11,47.56,4500631.0
2018-07-06,SBSP3,24.3,21737319.0
2018-07-06,SMLS3,53.35,40456231.0
2018-07-06,SUZB3,45.64,105205557.0
2018-07-06,TAEE11,19.74,14007331.0
2018-07-06,TIMP3,13.22,32608602.0
2018-07-06,UGPA3,46.66,70830941.0
2018-07-06,USIM5,8.04,83080966.0
2018-07-06,VALE3,50.34,430473635.0
2018-07-06,VIVT4,44.72,54723032.0
2018-07-06,VVAR11,16.89,47777846.0
2018-07-06,WEGE3,16.34,25942679.0
2018-07-10,ABEV3,18.19,228573616.0
2018-07-10,B3SA3,22.37,759809050.0
2018-07-10,BBAS3,29.21,433133774.0
2018-07-10,BBDC3,24.79,32753337.0
2018-07-10,BBDC4,27.8,450337927.0
2018-07-10,BBSE3,24.8,85349548.0
2018-07-10,BRAP4,29.25,21484152.0
2018-07-10,BRFS3,23.07,246349992.0
2018-07-10,BRKM5,52.63,147758263.0
2018-07-10,BRML3,10.17,43065891.0
2018-07-10,BTOW3,27.79,33351885.0
2018-07-10,CCRO3,10.22,66498996.0
2018-07-10,CIEL3,16.81,101570918.0
2018-07-10,CMIG4,7.8,43341649.0
2018-07-10,CPFE3,21.66,12923649.0
2018-07-10,CPLE6,22.25,9597607.0
2018-07-10,CSAN3,37.04,58379557.0
2018-07-10,CSNA3,7.97,46296428.0
2018-07-10,CVCB3,40.15,119984749.0
2018-07-10,CYRE3,11.5,20040118.0
2018-07-10,ECOR3,8.1,26791922.0
2018-07-10,EGIE3,34.4,22062478.0
2018-07-10,ELET3,14.13,36253437.0
2018-07-10,ELET6,16.56,28405130.0
2018-07-10,EMBR3,22.56,141094254.0
2018-07-10,ENBR3,13.92,32397817.0
2018-07-10,EQTL3,59.02,32677810.0
2018-07-10,ESTC3,26.15,65304640.0
2018-07-10,FIBR3,71.4,77813067.0
2018-07-10,FLRY3,27.39,53425157.0
2018-07-10,GGBR4,15.25,213323379.0
2018-07-10,GOAU4,6.93,91340422.0
2018-07-10,GOLL4,11.03,41000650.0
2018-07-10,HYPE3,28.0,78310169.0
2018-07-10,IGTA3,32.23,32971161.0
2018-07-10,ITSA4,9.74,138232056.0
2018-07-10,ITUB4,42.19,635351524.0
2018-07-10,JBSS3,9.84,88924987.0
2018-07-10,KLBN11,19.43,34067500.0
2018-07-10,KROT3,11.19,168684706.0
2018-07-10,LAME4,16.95,48529327.0
2018-07-10,LREN3,30.5,122722681.0
2018-07-10,MGLU3,118.05,237193582.0
2018-07-10,MRFG3,8.34,43263233.0
2018-07-10,MRVE3,12.63,21880987.0
2018-07-10,MULT3,55.5,69939551.0
2018-07-10,NATU3,30.33,46727818.0
2018-07-10,PCAR4,75.9,107898197.0
2018-07-10,PETR3,20.19,153172400.0
2018-07-10,PETR4,17.75,1271811867.0
2018-07-10,QUAL3,19.9,66250630.0
2018-07-10,RADL3,67.95,64630537.0
2018-07-10,RAIL3,14.0,106107402.0
2018-07-10,RENT3,23.4,73566355.0
2018-07-10,SANB11,29.67,35730662.0
2018-07-10,SAPR11,47.6,4080325.0
2018-07-10,SBSP3,23.73,32430244.0
2018-07-10,SMLS3,52.37,40341457.0
2018-07-10,SUZB3,43.31,212175681.0
2018-07-10,TAEE11,19.8,22388740.0
2018-07-10,TIMP3,13.13,33546779.0
2018-07-10,UGPA3,45.59,70727178.0
2018-07-10,USIM5,7.88,91208603.0
2018-07-10,VALE3,49.53,545295840.0
2018-07-10,VIVT4,44.88,58880593.0
2018-07-10,VVAR11,16.74,67523205.0
2018-07-10,WEGE3,17.0,56339926.0
2018-07-11,ABEV3,17.91,242316081.0
2018-07-11,B3SA3,22.38,264276311.0
2018-07-11,BBAS3,29.79,431566716.0
2018-07-11,BBDC3,24.71,28795129.0
2018-07-11,BBDC4,27.69,342279135.0
2018-07-11,BBSE3,24.72,83770989.0
2018-07-11,BRAP4,28.7,26065948.0
2018-07-11,BRFS3,22.82,147374923.0
2018-07-11,BRKM5,53.68,93360665.0
2018-07-11,BRML3,10.24,59470454.0
2018-07-11,BTOW3,26.72,34141079.0
2018-07-11,CCRO3,10.22,55924598.0
2018-07-11,CIEL3,16.49,50568773.0
2018-07-11,CMIG4,7.61,37039825.0
2018-07-11,CPFE3,21.72,3995072.0
2018-07-11,CPLE6,21.96,7475748.0
2018-07-11,CSAN3,36.56,47703026.0
2018-07-11,CSNA3,7.57,86298064.0
2018-07-11,CVCB3,40.2,102240672.0
2018-07-11,CYRE3,11.45,16662017.0
2018-07-11,ECOR3,8.05,17632862.0
2018-07-11,EGIE3,34.83,25538797.0
2018-07-11,ELET3,14.44,73626993.0
2018-07-11,ELET6,16.92,44021520.0
2018-07-11,EMBR3,21.58,187324076.0
2018-07-11,ENBR3,13.72,20987460.0
2018-07-11,EQTL3,59.0,36267822.0
2018-07-11,ESTC3,26.13,36657849.0
2018-07-11,FIBR3,72.45,115810769.0
2018-07-11,FLRY3,27.65,43035875.0
2018-07-11,GGBR4,14.89,147350970.0
2018-07-11,GOAU4,6.78,53378028.0
2018-07-11,GOLL4,10.67,17314602.0
2018-07-11,HYPE3,27.94,49303245.0
2018-07-11,IGTA3,31.73,20517900.0
2018-07-11,ITSA4,9.77,157437779.0
2018-07-11,ITUB4,42.36,661722453.0
2018-07-11,JBSS3,9.49,186148264.0
2018-07-11,KLBN11,19.52,24399456.0
2018-07-11,KROT3,11.11,81543753.0
2018-07-11,LAME4,16.7,62519275.0
2018-07-11,LREN3,29.9,153979122.0
2018-07-11,MGLU3,114.51,151639291.0
2018-07-11,MRFG3,8.22,10252175.0
2018-07-11,MRVE3,12.57,17148306.0
2018-07-11,MULT3,55.53,52844790.0
2018-07-11,NATU3,29.77,42584090.0
2018-07-11,PCAR4,74.6,99948576.0
2018-07-11,PETR3,20.02,243116474.0
2018-07-11,PETR4,17.41,1513014878.0
2018-07-11,QUAL3,19.95,71465320.0
2018-07-11,RADL3,69.89,110348548.0
2018-07-11,RAIL3,14.06,113467213.0
2018-07-11,RENT3,22.47,119676951.0
2018-07-11,SANB11,29.79,42408743.0
2018-07-11,SAPR11,47.09,4467180.0
2018-07-11,SBSP3,23.65,23373530.0
2018-07-11,SMLS3,51.1,33206314.0
2018-07-11,SUZB3,44.88,157202580.0
2018-07-11,TAEE11,19.47,22910597.0
2018-07-11,TIMP3,13.1,47890627.0
2018-07-11,UGPA3,45.5,44997752.0
2018-07-11,USIM5,7.53,100630980.0
2018-07-11,VALE3,48.86,629522394.0
2018-07-11,VIVT4,44.71,72897517.0
2018-07-11,VVAR11,16.55,50339216.0
2018-07-11,WEGE3,16.81,54573253.0
2018-07-12,ABEV3,18.24,344999068.0
2018-07-12,B3SA3,23.06,216983427.0
2018-07-12,BBAS3,30.36,302568291.0
2018-07-12,BBDC3,25.3,64316863.0
2018-07-12,BBDC4,28.5,420601628.0
2018-07-12,BBSE3,25.0,144975454.0
2018-07-12,BRAP4,29.65,26276142.0
2018-07-12,BRFS3,23.15,86490797.0
2018-07-12,BRKM5,52.53,108988535.0
2018-07-12,BRML3,10.4,42306073.0
2018-07-12,BTOW3,28.05,38244579.0
2018-07-12,CCRO3,10.44,91318554.0
2018-07-12,CIEL3,16.4,73023462.0
2018-07-12,CMIG4,7.69,38974840.0
2018-07-12,CPFE3,21.9,6704501.0
2018-07-12,CPLE6,21.73,15948478.0
2018-07-12,CSAN3,38.04,78354099.0
2018-07-12,CSNA3,8.01,118348913.0
2018-07-12,CVCB3,41.44,57999417.0
2018-07-12,CYRE3,11.94,45297901.0
2018-07-12,ECOR3,8.31,40246178.0
2018-07-12,EGIE3,35.36,38094855.0
2018-07-12,ELET3,14.6,42374284.0
2018-07-12,ELET6,16.75,28260724.0
2018-07-12,EMBR3,21.66,181285535.0
2018-07-12,ENBR3,13.87,19527470.0
2018-07-12,EQTL3,57.97,60997524.0
2018-07-12,ESTC3,26.15,51160288.0
2018-07-12,FIBR3,72.26,96696134.0
2018-07-12,FLRY3,27.6,30007501.0
2018-07-12,GGBR4,15.7,168190669.0
2018-07-12,GOAU4,7.17,76803226.0
2018-07-12,GOLL4,11.09,26474317.0
2018-07-12,HYPE3,27.2,79653633.0
2018-07-12,IGTA3,32.3,28908945.0
2018-07-12,ITSA4,9.91,121663391.0
2018-07-12,ITUB4,43.16,583103928.0
2018-07-12,JBSS3,9.52,44193503.0
2018-07-12,KLBN11,19.55,35247618.0
2018-07-12,KROT3,11.13,70985392.0
2018-07-12,LAME4,17.1,61500421.0
2018-07-12,LREN3,29.97,73279011.0
2018-07-12,MGLU3,123.37,258761273.0
2018-07-12,MRFG3,8.18,14601468.0
2018-07-12,MRVE3,12.85,26633141.0
2018-07-12,MULT3,56.69,77513520.0
2018-07-12,NATU3,30.05,95563029.0
2018-07-12,PCAR4,76.02,113091771.0
2018-07-12,PETR3,20.6,165862412.0
2018-07-12,PETR4,17.95,877814798.0
2018-07-12,QUAL3,19.67,48881477.0
2018-07-12,RADL3,71.1,140449237.0
2018-07-12,RAIL3,14.68,85716893.0
2018-07-12,RENT3,22.88,79399184.0
2018-07-12,SANB11,31.47,80978413.0
2018-07-12,SAPR11,46.68,25134963.0
2018-07-12,SBSP3,23.82,25807935.0
2018-07-12,SMLS3,50.34,92000101.0
2018-07-12,SUZB3,44.16,141795321.0
2018-07-12,TAEE11,19.36,31967357.0
2018-07-12,TIMP3,13.37,48254527.0
2018-07-12,UGPA3,45.34,49105178.0
2018-07-12,USIM5,8.23,172512889.0
2018-07-12,VALE3,50.45,1038879636.0
2018-07-12,VIVT4,44.49,117527284.0
2018-07-12,VVAR11,17.23,58501325.0
2018-07-12,WEGE3,17.05,44489318.0
2018-07-13,ABEV3,18.44,217515299.0
2018-07-13,B3SA3,23.82,240379398.0
2018-07-13,BBAS3,31.13,309319838.0
2018-07-13,BBDC3,25.75,53904678.0
2018-07-13,BBDC4,29.07,479186634.0
2018-07-13,BBSE3,25.19,99331073.0
2018-07-13,BRAP4,29.54,21189407.0
2018-07-13,BRFS3,22.78,92847022.0
2018-07-13,BRKM5,52.7,64108411.0
2018-07-13,BRML3,10.52,37275240.0
2018-07-13,BTOW3,28.72,28775959.0
2018-07-13,CCRO3,10.4,63910078.0
2018-07-13,CIEL3,16.9,164520339.0
2018-07-13,CMIG4,7.88,77070666.0
2018-07-13,CPFE3,22.05,4007798.0
2018-07-13,CPLE6,21.32,15290008.0
2018-07-13,CSAN3,38.26,54852458.0
2018-07-13,CSNA3,8.02,71866485.0
2018-07-13,CVCB3,43.25,138442017.0
2018-07-13,CYRE3,11.88,23348357.0
2018-07-13,ECOR3,8.2,20572287.0
2018-07-13,EGIE3,36.28,39487246.0
2018-07-13,ELET3,14.64,49168936.0
2018-07-13,ELET6,16.64,49368337.0
2018-07-13,EMBR3,20.66,233006126.0
2018-07-13,ENBR3,13.89,22541060.0
2018-07-13,EQTL3,57.0,104598678.0
2018-07-13,ESTC3,26.99,49478104.0
2018-07-13,FIBR3,72.11,90698725.0
2018-07-13,FLRY3,27.7,28764575.0
2018-07-13,GGBR4,15.51,105836086.0
2018-07-13,GOAU4,7.15,55231093.0
2018-07-13,GOLL4,11.21,26014324.0
2018-07-13,HYPE3,27.01,75421411.0
2018-07-13,IGTA3,33.52,24753012.0
2018-07-13,ITSA4,10.13,123026870.0
2018-07-13,ITUB4,44.26,575315684.0
2018-07-13,JBSS3,9.4,49077764.0
2018-07-13,KLBN11,19.72,29043113.0
2018-07-13,KROT3,11.22,83398121.0
2018-07-13,LAME4,17.61,60182225.0
2018-07-13,LREN3,30.67,91843996.0
2018-07-13,MGLU3,125.64,215181749.0
2018-07-13,MRFG3,8.05,11554258.0
2018-07-13,MRVE3,13.13,36015446.0
2018-07-13,MULT3,59.13,49287014.0
2018-07-13,NATU3,30.08,37192260.0
2018-07-13,PCAR4,78.27,154741804.0
2018-07-13,PETR3,20.58,158994064.0
2018-07-13,PETR4,18.11,810288326.0
2018-07-13,QUAL3,19.49,73294881.0
2018-07-13,RADL3,74.75,159197393.0
2018-07-13,RAIL3,14.69,44193451.0
2018-07-13,RENT3,23.73,113173971.0
2018-07-13,SANB11,31.5,40466540.0
2018-07-13,SAPR11,46.49,7492573.0
2018-07-13,SBSP3,23.93,25320729.0
2018-07-13,SMLS3,51.95,40682534.0
2018-07-13,SUZB3,44.24,128592533.0
2018-07-13,TAEE11,19.57,16324892.0
2018-07-13,TIMP3,13.47,102238666.0
2018-07-13,UGPA3,42.93,160670967.0
2018-07-13,USIM5,8.32,162162764.0
2018-07-13,VALE3,50.31,785317140.0
2018-07-13,VIVT4,44.31,208086256.0
2018-07-13,VVAR11,17.63,67258175.0
2018-07-13,WEGE3,17.15,27907167.0
2018-07-16,ABEV3,18.95,343249980.0
2018-07-16,B3SA3,23.5,326366808.0
2018-07-16,BBAS3,30.79,275165007.0
2018-07-16,BBDC3,25.95,31754530.0
2018-07-16,BBDC4,29.2,278136034.0
2018-07-16,BBSE3,25.6,45177163.0
2018-07-16,BRAP4,29.6,26707480.0
2018-07-16,BRFS3,22.6,80677379.0
2018-07-16,BRKM5,52.8,47403463.0
2018-07-16,BRML3,10.3,53879389.0
2018-07-16,BTOW3,28.35,33790214.0
2018-07-16,CCRO3,10.41,45792650.0
2018-07-16,CIEL3,17.7,94028834.0
2018-07-16,CMIG4,7.85,60007433.0
2018-07-16,CPFE3,22.09,3468663.0
2018-07-16,CPLE6,20.9,21464855.0
2018-07-16,CSAN3,37.16,51665001.0
2018-07-16,CSNA3,7.95,45441061.0
2018-07-16,CVCB3,44.89,56526846.0
2018-07-16,CYRE3,11.62,16961779.0
2018-07-16,ECOR3,8.32,16615081.0
2018-07-16,EGIE3,36.21,10590361.0
2018-07-16,ELET3,14.86,40548059.0
2018-07-16,ELET6,17.05,19394664.0
2018-07-16,EMBR3,21.0,144303257.0
2018-07-16,ENBR3,13.81,14361399.0
2018-07-16,EQTL3,57.15,52251786.0
2018-07-16,ESTC3,26.8,55892719.0
2018-07-16,FIBR3,71.88,103638884.0
2018-07-16,FLRY3,28.01,31837991.0
2018-07-16,GGBR4,15.73,136253393.0
2018-07-16,GOAU4,7.2,79816326.0
2018-07-16,GOLL4,12.51,97923198.0
2018-07-16,HYPE3,27.64,45389165.0
2018-07-16,IGTA3,33.0,20905391.0
2018-07-16,ITSA4,10.19,183182721.0
2018-07-16,ITUB4,44.1,418907418.0
2018-07-16,JBSS3,9.65,34261576.0
2018-07-16,KLBN11,19.97,35353662.0
2018-07-16,KROT3,11.3,45560559.0
2018-07-16,LAME4,17.51,77102884.0
2018-07-16,LREN3,30.09,108211362.0
2018-07-16,MGLU3,127.74,149592210.0
2018-07-16,MRFG3,7.91,14522532.0
2018-07-16,MRVE3,13.32,34022445.0
2018-07-16,MULT3,57.77,37368557.0
2018-07-16,NATU3,29.63,52214070.0
2018-07-16,PCAR4,76.7,55967818.0
2018-07-16,PETR3,20.38,149084729.0
2018-07-16,PETR4,17.88,1117736164.0
2018-07-16,QUAL3,19.27,25391328.0
2018-07-16,RADL3,75.2,101610785.0
2018-07-16,RAIL3,15.0,43917463.0
2018-07-16,RENT3,23.39,59734781.0
2018-07-16,SANB11,31.49,41587185.0
2018-07-16,SAPR11,45.98,4473811.0
2018-07-16,SBSP3,24.24,24805559.0
2018-07-16,SMLS3,54.01,36278288.0
2018-07-16,SUZB3,44.31,123208548.0
2018-07-16,TAEE11,19.99,22698404.0
2018-07-16,TIMP3,13.34,47305158.0
2018-07-16,UGPA3,42.14,146222270.0
2018-07-16,USIM5,8.33,127374948.0
2018-07-16,VALE3,50.0,627971125.0
2018-07-16,VIVT4,44.5,66649323.0
2018-07-16,VVAR11,17.5,48881678.0
2018-07-16,WEGE3,17.44,47780926.0
2018-07-17,ABEV3,19.17,271388325.0
2018-07-17,B3SA3,23.94,323580158.0
2018-07-17,BBAS3,31.82,364941377.0
2018-07-17,BBDC3,26.85,43384320.0
2018-07-17,BBDC4,30.04,406023478.0
2018-07-17,BBSE3,26.2,216165502.0
2018-07-17,BRAP4,29.94,24404978.0
2018-07-17,BRFS3,23.3,102408638.0
2018-07-17,BRKM5,52.7,55584740.0
2018-07-17,BRML3,10.5,40915830.0
2018-07-17,BTOW3,29.05,30028182.0
2018-07-17,CCRO3,10.45,73919727.0
2018-07-17,CIEL3,17.7,106644226.0
2018-07-17,CMIG4,7.87,53678193.0
2018-07-17,CPFE3,22.31,5134699.0
2018-07-17,CPLE6,20.76,20304954.0
2018-07-17,CSAN3,37.69,51067403.0
2018-07-17,CSNA3,8.22,86513463.0
2018-07-17,CVCB3,45.3,95693467.0
2018-07-17,CYRE3,11.68,28968498.0
2018-07-17,ECOR3,8.38,14530068.0
2018-07-17,EGIE3,35.5,49807374.0
2018-07-17,ELET3,15.2,23669474.0
2018-07-17,ELET6,17.14,19676548.0
2018-07-17,EMBR3,21.57,175345713.0
2018-07-17,ENBR3,13.99,24293978.0
2018-07-17,EQTL3,58.49,86858566.0
2018-07-17,ESTC3,25.7,245087121.0
2018-07-17,FIBR3,71.7,106773497.0
2018-07-17,FLRY3,28.51,79132705.0
2018-07-17,GGBR4,16.16,204090427.0
2018-07-17,GOAU4,7.62,155204880.0
2018-07-17,GOLL4,12.89,141808766.0
2018-07-17,HYPE3,28.3,44433114.0
2018-07-17,IGTA3,33.42,18033299.0
2018-07-17,ITSA4,10.39,244372701.0
2018-07-17,ITUB4,44.93,492024152.0
2018-07-17,JBSS3,9.97,65923870.0
2018-07-17,KLBN11,20.25,78761183.0
2018-07-17,KROT3,11.57,160252073.0
2018-07-17,LAME4,18.22,146054424.0
2018-07-17,LREN3,30.63,88554777.0
2018-07-17,MGLU3,132.0,209750112.0
2018-07-17,MRFG3,8.24,115486998.0
2018-07-17,MRVE3,13.33,34653861.0
2018-07-17,MULT3,58.79,30229832.0
2018-07-17,NATU3,30.49,48291675.0
2018-07-17,PCAR4,77.47,129657256.0
2018-07-17,PETR3,21.06,141565618.0
2018-07-17,PETR4,18.29,740798630.0
2018-07-17,QUAL3,19.25,83317815.0
2018-07-17,RADL3,78.3,123588550.0
2018-07-17,RAIL3,14.91,63276749.0
2018-07-17,RENT3,24.44,71535377.0
2018-07-17,SANB11,32.71,64850080.0
2018-07-17,SAPR11,46.55,13476703.0
2018-07-17,SBSP3,25.12,53488559.0
2018-07-17,SMLS3,56.2,38884051.0
2018-07-17,SUZB3,43.69,170623767.0
2018-07-17,TAEE11,20.06,20119750.0
2018-07-17,TIMP3,13.5,57753747.0
2018-07-17,UGPA3,42.7,223023132.0
2018-07-17,USIM5,8.7,164208247.0
2018-07-17,VALE3,50.7,585327580.0
2018-07-17,VIVT4,45.21,152313447.0
2018-07-17,VVAR11,18.38,30784377.0
2018-07-17,WEGE3,18.19,87549987.0
2018-07-18,ABEV3,18.76,223358059.0
2018-07-18,B3SA3,23.22,226885765.0
2018-07-18,BBAS3,31.62,406081707.0
2018-07-18,BBDC3,26.33,49816040.0
2018-07-18,BBDC4,29.3,349104880.0
2018-07-18,BBSE3,25.84,59350025.0
2018-07-18,BRAP4,30.19,43458503.0
2018-07-18,BRFS3,23.2,103202229.0
2018-07-18,BRKM5,52.9,41511023.0
2018-07-18,BRML3,10.53,38549053.0
2018-07-18,BTOW3,28.58,24583375.0
2018-07-18,CCRO3,10.26,54567810.0
2018-07-18,CIEL3,17.0,64401240.0
2018-07-18,CMIG4,7.72,39358178.0
2018-07-18,CPFE3,22.23,3555102.0
2018-07-18,CPLE6,20.78,19184843.0
2018-07-18,CSAN3,38.5,44848711.0
2018-07-18,CSNA3,8.09,57251263.0
2018-07-18,CVCB3,45.0,78651290.0
2018-07-18,CYRE3,11.57,16652263.0
2018-07-18,ECOR3,8.33,21910117.0
2018-07-18,EGIE3,35.42,14198799.0
2018-07-18,ELET3,16.02,94739637.0
2018-07-18,ELET6,17.84,58547734.0
2018-07-18,EMBR3,21.3,74599774.0
2018-07-18,ENBR3,14.0,28964820.0
2018-07-18,EQTL3,57.81,32108293.0
2018-07-18,ESTC3,23.95,275006259.0
2018-07-18,FIBR3,73.19,780100407.0
2018-07-18,FLRY3,28.58,59807952.0
2018-07-18,GGBR4,16.27,182125442.0
2018-07-18,GOAU4,7.66,132303052.0
2018-07-18,GOLL4,13.22,63964775.0
2018-07-18,HYPE3,27.82,19181200.0
2018-07-18,IGTA3,33.1,16055605.0
2018-07-18,ITSA4,10.38,273118079.0
2018-07-18,ITUB4,44.36,437787391.0
2018-07-18,JBSS3,9.82,66796785.0
2018-07-18,KLBN11,20.15,25962646.0
2018-07-18,KROT3,11.3,122068433.0
2018-07-18,LAME4,18.23,63095803.0
2018-07-18,LREN3,30.14,39978277.0
2018-07-18,MGLU3,126.95,253703706.0
2018-07-18,MRFG3,8.05,13246063.0
2018-07-18,MRVE3,13.1,24200456.0
2018-07-18,MULT3,58.07,20222900.0
2018-07-18,NATU3,31.26,29910947.0
2018-07-18,PCAR4,76.81,149066230.0
2018-07-18,PETR3,20.65,162715689.0
2018-07-18,PETR4,18.05,739352644.0
2018-07-18,QUAL3,19.12,63995344.0
2018-07-18,RADL3,75.7,117725340.0
2018-07-18,RAIL3,14.72,46210457.0
2018-07-18,RENT3,24.7,87329412.0
2018-07-18,SANB11,32.59,39784222.0
2018-07-18,SAPR11,45.77,6237876.0
2018-07-18,SBSP3,24.4,29227023.0
2018-07-18,SMLS3,53.45,38354201.0
2018-07-18,SUZB3,42.26,499595054.0
2018-07-18,TAEE11,20.03,11598807.0
2018-07-18,TIMP3,13.35,64552774.0
2018-07-18,UGPA3,43.16,119141087.0
2018-07-18,USIM5,8.41,150974413.0
2018-07-18,VALE3,51.45,500961160.0
2018-07-18,VIVT4,44.22,48479896.0
2018-07-18,VVAR11,18.92,55559738.0
2018-07-18,WEGE3,18.47,81889303.0
2018-07-19,ABEV3,18.88,193141955.0
2018-07-19,B3SA3,23.1,392856513.0
2018-07-19,BBAS3,31.34,840465255.0
2018-07-19,BBDC3,26.24,68192818.0
2018-07-19,BBDC4,29.67,404793493.0
2018-07-19,BBSE3,25.58,60881953.0
2018-07-19,BRAP4,29.01,50432768.0
2018-07-19,BRFS3,23.38,69875038.0
2018-07-19,BRKM5,52.6,33352299.0
2018-07-19,BRML3,10.47,29154968.0
2018-07-19,BTOW3,29.68,56678136.0
2018-07-19,CCRO3,10.31,89615254.0
2018-07-19,CIEL3,16.96,75146106.0
2018-07-19,CMIG4,7.91,91682360.0
2018-07-19,CPFE3,22.24,7078249.0
2018-07-19,CPLE6,20.8,20799358.0
2018-07-19,CSAN3,37.92,41491433.0
2018-07-19,CSNA3,7.95,60437543.0
2018-07-19,CVCB3,44.43,47878337.0
2018-07-19,CYRE3,12.02,34163300.0
2018-07-19,ECOR3,8.15,40483231.0
2018-07-19,EGIE3,35.55,18055517.0
2018-07-19,ELET3,16.35,47562454.0
2018-07-19,ELET6,18.3,35377513.0
2018-07-19,EMBR3,21.03,86622659.0
2018-07-19,ENBR3,13.75,28085557.0
2018-07-19,EQTL3,58.5,82924968.0
2018-07-19,ESTC3,24.61,229687924.0
2018-07-19,FIBR3,73.3,152645590.0
2018-07-19,FLRY3,28.36,60453442.0
2018-07-19,GGBR4,15.97,235502196.0
2018-07-19,GOAU4,7.54,137463130.0
2018-07-19,GOLL4,12.9,49487831.0
2018-07-19,HYPE3,28.85,57575396.0
2018-07-19,IGTA3,33.26,15943576.0
2018-07-19,ITSA4,10.53,191601730.0
2018-07-19,ITUB4,45.0,460609939.0
2018-07-19,JBSS3,9.83,58921084.0
2018-07-19,KLBN11,20.4,37400707.0
2018-07-19,KROT3,12.0,84806494.0
2018-07-19,LAME4,18.12,132844862.0
2018-07-19,LREN3,31.2,71245790.0
2018-07-19,MGLU3,128.97,212804783.0
2018-07-19,MRFG3,8.01,9065092.0
2018-07-19,MRVE3,13.27,27945976.0
2018-07-19,MULT3,58.04,33181873.0
2018-07-19,NATU3,30.91,42194211.0
2018-07-19,PCAR4,77.01,88152495.0
2018-07-19,PETR3,20.89,127317300.0
2018-07-19,PETR4,18.4,1088361888.0
2018-07-19,QUAL3,19.87,84589545.0
2018-07-19,RADL3,76.0,56146638.0
2018-07-19,RAIL3,15.04,50270288.0
2018-07-19,RENT3,24.55,131294863.0
2018-07-19,SANB11,32.71,62705501.0
2018-07-19,SAPR11,45.29,16270665.0
2018-07-19,SBSP3,24.9,32207158.0
2018-07-19,SMLS3,52.49,35925064.0
2018-07-19,SUZB3,42.0,227975326.0
2018-07-19,TAEE11,19.85,15531806.0
2018-07-19,TIMP3,13.6,37239554.0
2018-07-19,UGPA3,42.81,71377821.0
2018-07-19,USIM5,8.36,118320189.0
2018-07-19,VALE3,49.43,1041892404.0
2018-07-19,VIVT4,44.25,50780643.0
2018-07-19,VVAR11,18.6,61250950.0
2018-07-19,WEGE3,18.78,47729214.0
2018-07-20,ABEV3,18.79,270265042.0
2018-07-20,B3SA3,23.25,270764935.0
2018-07-20,BBAS3,33.0,643772618.0
2018-07-20,BBDC3,27.5,176267830.0
2018-07-20,BBDC4,30.7,843074481.0
2018-07-20,BBSE3,25.2,92375755.0
2018-07-20,BRAP4,28.83,56576004.0
2018-07-20,BRFS3,23.63,132903526.0
2018-07-20,BRKM5,51.52,57405973.0
2018-07-20,BRML3,10.51,54726167.0
2018-07-20,BTOW3,30.78,69842081.0
2018-07-20,CCRO3,10.79,80117367.0
2018-07-20,CIEL3,17.12,77542139.0
2018-07-20,CMIG4,8.06,94293778.0
2018-07-20,CPFE3,22.29,7880019.0
2018-07-20,CPLE6,21.48,42212502.0
2018-07-20,CSAN3,39.5,62330156.0
2018-07-20,CSNA3,8.2,67040058.0
2018-07-20,CVCB3,45.0,77769346.0
2018-07-20,CYRE3,12.32,40880608.0
2018-07-20,ECOR3,8.44,25498404.0
2018-07-20,EGIE3,35.93,25881628.0
2018-07-20,ELET3,17.27,95458457.0
2018-07-20,ELET6,19.2,77661297.0
2018-07-20,EMBR3,20.65,108054295.0
2018-07-20,ENBR3,13.94,32625725.0
2018-07-20,EQTL3,58.58,53094043.0
2018-07-20,ESTC3,26.43,136621907.0
2018-07-20,FIBR3,71.64,154132443.0
2018-07-20,FLRY3,28.0,43290138.0
2018-07-20,GGBR4,16.25,218490966.0
2018-07-20,GOAU4,7.8,123152718.0
2018-07-20,GOLL4,13.56,87719358.0
2018-07-20,HYPE3,29.05,61379040.0
2018-07-20,IGTA3,33.72,63491318.0
2018-07-20,ITSA4,10.87,203551087.0
2018-07-20,ITUB4,46.28,787058333.0
2018-07-20,JBSS3,9.62,65672815.0
2018-07-20,KLBN11,20.09,46486476.0
2018-07-20,KROT3,11.97,89313035.0
2018-07-20,LAME4,18.41,86129850.0
2018-07-20,LREN3,31.78,118591422.0
2018-07-20,MGLU3,130.97,167275918.0
2018-07-20,MRFG3,8.12,10859384.0
2018-07-20,MRVE3,13.66,54247600.0
2018-07-20,MULT3,59.49,59880232.0
2018-07-20,NATU3,30.9,37486841.0
2018-07-20,PCAR4,77.42,73616552.0
2018-07-20,PETR3,21.42,487817394.0
2018-07-20,PETR4,19.29,1885530545.0
2018-07-20,QUAL3,20.17,68919538.0
2018-07-20,RADL3,78.05,79086260.0
2018-07-20,RAIL3,15.27,115476448.0
2018-07-20,RENT3,25.3,156027484.0
2018-07-20,SANB11,34.02,104083444.0
2018-07-20,SAPR11,45.64,7207868.0
2018-07-20,SBSP3,24.9,44634032.0
2018-07-20,SMLS3,54.88,37567684.0
2018-07-20,SUZB3,39.81,301193875.0
2018-07-20,TAEE11,19.74,26281007.0
2018-07-20,TIMP3,13.15,150358985.0
2018-07-20,UGPA3,43.3,70812968.0
2018-07-20,USIM5,8.83,170157963.0
2018-07-20,VALE3,48.72,823910310.0
2018-07-20,VIVT4,44.3,109565988.0
2018-07-20,VVAR11,19.07,45393221.0
2018-07-20,WEGE3,18.65,76377902.0
2018-07-23,ABEV3,18.65,114506767.0
2018-07-23,B3SA3,22.99,189514129.0
2018-07-23,BBAS3,32.78,184806728.0
2018-07-23,BBDC3,27.35,114393351.0
2018-07-23,BBDC4,30.35,390184136.0
2018-07-23,BBSE3,25.23,52195530.0
2018-07-23,BRAP4,29.38,23136744.0
2018-07-23,BRFS3,23.6,82855648.0
2018-07-23,BRKM5,50.99,40183300.0
2018-07-23,BRML3,10.25,26839838.0
2018-07-23,BTOW3,29.7,34435553.0
2018-07-23,CCRO3,11.26,120590669.0
2018-07-23,CIEL3,17.04,23853555.0
2018-07-23,CMIG4,8.01,32534649.0
2018-07-23,CPFE3,22.23,2948742.0
2018-07-23,CPLE6,21.31,20470681.0
2018-07-23,CSAN3,38.01,52877760.0
2018-07-23,CSNA3,8.19,41140612.0
2018-07-23,CVCB3,44.26,34795082.0
2018-07-23,CYRE3,12.07,17286006.0
2018-07-23,ECOR3,8.43,25649906.0
2018-07-23,EGIE3,35.68,14261049.0
2018-07-23,ELET3,16.9,35854965.0
2018-07-23,ELET6,18.9,20060984.0
2018-07-23,EMBR3,20.3,71443145.0
2018-07-23,ENBR3,13.8,37824668.0
2018-07-23,EQTL3,57.5,73204205.0
2018-07-23,ESTC3,26.18,53157415.0
2018-07-23,FIBR3,72.44,95123526.0
2018-07-23,FLRY3,27.69,33312616.0
2018-07-23,GGBR4,16.3,108898881.0
2018-07-23,GOAU4,7.85,68341785.0
2018-07-23,GOLL4,13.6,43295084.0
2018-07-23,HYPE3,28.35,25052252.0
2018-07-23,IGTA3,33.21,51697551.0
2018-07-23,ITSA4,10.6,209793800.0
2018-07-23,ITUB4,45.39,368465795.0
2018-07-23,JBSS3,9.45,34587097.0
2018-07-23,KLBN11,20.2,25034602.0
2018-07-23,KROT3,11.6,59797028.0
2018-07-23,LAME4,18.22,42589119.0
2018-07-23,LREN3,30.68,42562260.0
2018-07-23,MGLU3,129.82,81351333.0
2018-07-23,MRFG3,7.96,27044220.0
2018-07-23,MRVE3,13.22,21352990.0
2018-07-23,MULT3,19.75,17270517.0
2018-07-23,NATU3,30.01,43599926.0
2018-07-23,PCAR4,75.93,65215105.0
2018-07-23,PETR3,21.52,84774044.0
2018-07-23,PETR4,19.26,681943534.0
2018-07-23,QUAL3,19.61,35598489.0
2018-07-23,RADL3,76.6,61756207.0
2018-07-23,RAIL3,15.13,45019965.0
2018-07-23,RENT3,24.65,79100582.0
2018-07-23,SANB11,33.42,45091138.0
2018-07-23,SAPR11,45.53,7008764.0
2018-07-23,SBSP3,24.82,17072010.0
2018-07-23,SMLS3,53.0,27691043.0
2018-07-23,SUZB3,41.11,183086757.0
2018-07-23,TAEE11,19.55,12138427.0
2018-07-23,TIMP3,12.65,78738809.0
2018-07-23,UGPA3,41.83,110577653.0
2018-07-23,USIM5,8.82,94703985.0
2018-07-23,VALE3,49.6,422852493.0
2018-07-23,VIVT4,43.49,47963482.0
2018-07-23,VVAR11,18.85,63395153.0
2018-07-23,WEGE3,18.84,40179921.0
2018-07-24,ABEV3,18.97,254300390.0
2018-07-24,B3SA3,23.24,137811802.0
2018-07-24,BBAS3,33.04,213969846.0
2018-07-24,BBDC3,28.01,109386199.0
2018-07-24,BBDC4,30.8,390018565.0
2018-07-24,BBSE3,25.2,109196229.0
2018-07-24,BRAP4,30.75,39820917.0
2018-07-24,BRFS3,23.66,88636437.0
2018-07-24,BRKM5,51.66,42853656.0
2018-07-24,BRML3,10.56,56305423.0
2018-07-24,BTOW3,29.44,42384079.0
2018-07-24,CCRO3,11.18,116045057.0
2018-07-24,CIEL3,16.92,61172371.0
2018-07-24,CMIG4,8.18,59599923.0
2018-07-24,CPFE3,22.4,5772799.0
2018-07-24,CPLE6,21.52,20355555.0
2018-07-24,CSAN3,38.68,30278995.0
2018-07-24,CSNA3,8.71,144923829.0
2018-07-24,CVCB3,45.85,41635146.0
2018-07-24,CYRE3,12.28,20642008.0
2018-07-24,ECOR3,8.33,17981272.0
2018-07-24,EGIE3,36.11,33975805.0
2018-07-24,ELET3,17.15,45962117.0
2018-07-24,ELET6,19.3,28919818.0
2018-07-24,EMBR3,20.1,93118672.0
2018-07-24,ENBR3,13.9,21401875.0
2018-07-24,EQTL3,59.12,36535416.0
2018-07-24,ESTC3,26.24,77334708.0
2018-07-24,FIBR3,73.05,90601644.0
2018-07-24,FLRY3,27.98,58463388.0
2018-07-24,GGBR4,16.78,227240143.0
2018-07-24,GOAU4,7.9,98125519.0
2018-07-24,GOLL4,13.9,47410266.0
2018-07-24,HYPE3,28.35,43428275.0
2018-07-24,IGTA3,34.0,52037052.0
2018-07-24,ITSA4,10.62,177151281.0
2018-07-24,ITUB4,45.36,522229523.0
2018-07-24,JBSS3,9.54,47581598.0
2018-07-24,KLBN11,20.44,27451998.0
2018-07-24,KROT3,11.64,83805617.0
2018-07-24,LAME4,18.28,45141646.0
2018-07-24,LREN3,31.68,113948261.0
2018-07-24,MGLU3,133.76,146503238.0
2018-07-24,MRFG3,8.0,19652645.0
2018-07-24,MRVE3,13.45,23463091.0
2018-07-24,MULT3,20.11,36293387.0
2018-07-24,NATU3,29.5,64598238.0
2018-07-24,PCAR4,76.0,117662943.0
2018-07-24,PETR3,21.9,134456301.0
2018-07-24,PETR4,19.66,785678989.0
2018-07-24,QUAL3,19.39,33220347.0
2018-07-24,RADL3,76.7,60549313.0
2018-07-24,RAIL3,15.18,71041683.0
2018-07-24,RENT3,25.58,109175417.0
2018-07-24,SANB11,34.05,49496097.0
2018-07-24,SAPR11,45.17,8371289.0
2018-07-24,SBSP3,25.93,39601866.0
2018-07-24,SMLS3,53.5,27971639.0
2018-07-24,SUZB3,41.62,172947399.0
2018-07-24,TAEE11,19.8,24045327.0
2018-07-24,TIMP3,12.89,81381632.0
2018-07-24,UGPA3,43.78,82735323.0
2018-07-24,USIM5,9.02,174665495.0
2018-07-24,VALE3,51.31,1082631439.0
2018-07-24,VIVT4,43.56,51559063.0
2018-07-24,VVAR11,20.25,143997606.0
2018-07-24,WEGE3,19.0,68212072.0
2018-07-25,ABEV3,18.9,280258862.0
2018-07-25,B3SA3,23.78,218789750.0
2018-07-25,BBAS3,33.57,279264361.0
2018-07-25,BBDC3,28.7,129307550.0
2018-07-25,BBDC4,31.36,953993401.0
2018-07-25,BBSE3,25.41,95739442.0
2018-07-25,BRAP4,30.66,81333596.0
2018-07-25,BRFS3,23.58,85529111.0
2018-07-25,BRKM5,52.45,76156290.0
2018-07-25,BRML3,10.45,28405280.0
2018-07-25,BTOW3,29.6,36891163.0
2018-07-25,CCRO3,11.02,62778748.0
2018-07-25,CIEL3,16.57,94900678.0
2018-07-25,CMIG4,8.39,83718678.0
2018-07-25,CPFE3,22.37,6480052.0
2018-07-25,CPLE6,21.52,15716909.0
2018-07-25,CSAN3,39.23,37891464.0
2018-07-25,CSNA3,8.75,123669820.0
2018-07-25,CVCB3,47.33,64772207.0
2018-07-25,CYRE3,12.51,30247219.0
2018-07-25,ECOR3,8.35,11623770.0
2018-07-25,EGIE3,36.71,23955134.0
2018-07-25,ELET3,17.92,58589156.0
2018-07-25,ELET6,20.19,49867465.0
2018-07-25,EMBR3,19.91,81818528.0
2018-07-25,ENBR3,14.4,37671313.0
2018-07-25,EQTL3,59.2,36919875.0
2018-07-25,ESTC3,26.42,49616742.0
2018-07-25,FIBR3,73.0,90873432.0
2018-07-25,FLRY3,27.8,57218859.0
2018-07-25,GGBR4,16.65,168706926.0
2018-07-25,GOAU4,7.75,97590822.0
2018-07-25,GOLL4,14.83,72300049.0
2018-07-25,HYPE3,28.18,37968068.0
2018-07-25,IGTA3,33.9,34063391.0
2018-07-25,ITSA4,10.96,131737634.0
2018-07-25,ITUB4,46.79,553462130.0
2018-07-25,JBSS3,9.84,45917862.0
2018-07-25,KLBN11,20.39,36106287.0
2018-07-25,KROT3,11.87,91373957.0
2018-07-25,LAME4,18.59,46931947.0
2018-07-25,LREN3,31.75,84311172.0
2018-07-25,MGLU3,133.0,142825393.0
2018-07-25,MRFG3,8.16,22507842.0
2018-07-25,MRVE3,13.74,22782255.0
2018-07-25,MULT3,20.09,31042794.0
2018-07-25,NATU3,30.12,56470765.0
2018-07-25,PCAR4,81.84,339970098.0
2018-07-25,PETR3,22.18,145427953.0
2018-07-25,PETR4,19.96,966812960.0
2018-07-25,QUAL3,19.5,44763407.0
2018-07-25,RADL3,76.3,55268368.0
2018-07-25,RAIL3,15.04,69491477.0
2018-07-25,RENT3,25.65,115309793.0
2018-07-25,SANB11,35.84,89602887.0
2018-07-25,SAPR11,45.59,16132859.0
2018-07-25,SBSP3,26.06,43934335.0
2018-07-25,SMLS3,54.54,23854455.0
2018-07-25,SUZB3,42.55,188229944.0
2018-07-25,TAEE11,20.27,30452393.0
2018-07-25,TIMP3,13.16,80558166.0
2018-07-25,UGPA3,45.0,95138906.0
2018-07-25,USIM5,9.25,154753592.0
2018-07-25,VALE3,51.75,783387857.0
2018-07-25,VIVT4,43.3,99116171.0
2018-07-25,VVAR11,20.86,93387037.0
2018-07-25,WEGE3,18.9,51192578.0
2018-07-26,ABEV3,19.89,652482907.0
2018-07-26,B3SA3,23.55,124345096.0
2018-07-26,BBAS3,32.48,251086827.0
2018-07-26,BBDC3,27.71,118373162.0
2018-07-26,BBDC4,30.56,655082869.0
2018-07-26,BBSE3,24.7,64855452.0
2018-07-26,BRAP4,31.29,60590751.0
2018-07-26,BRFS3,22.98,75113620.0
2018-07-26,BRKM5,51.95,44634400.0
2018-07-26,BRML3,10.12,26219999.0
2018-07-26,BTOW3,29.35,30226751.0
2018-07-26,CCRO3,10.67,53034817.0
2018-07-26,CIEL3,16.01,73981638.0
2018-07-26,CMIG4,8.18,42528855.0
2018-07-26,CPFE3,22.21,8858518.0
2018-07-26,CPLE6,21.6,16210062.0
2018-07-26,CSAN3,38.6,52393000.0
2018-07-26,CSNA3,8.66,56953797.0
2018-07-26,CVCB3,45.38,45877854.0
2018-07-26,CYRE3,12.1,24283913.0
2018-07-26,ECOR3,8.17,22840755.0
2018-07-26,EGIE3,36.55,34098546.0
2018-07-26,ELET3,16.85,58858683.0
2018-07-26,ELET6,19.03,44176955.0
2018-07-26,EMBR3,19.65,58249803.0
2018-07-26,ENBR3,13.66,50437457.0
2018-07-26,EQTL3,61.15,191286130.0
2018-07-26,ESTC3,26.67,66741435.0
2018-07-26,FIBR3,73.22,71831853.0
2018-07-26,FLRY3,27.89,44100729.0
2018-07-26,GGBR4,16.26,116187038.0
2018-07-26,GOAU4,7.52,63275965.0
2018-07-26,GOLL4,14.63,44855524.0
2018-07-26,HYPE3,28.0,49806767.0
2018-07-26,IGTA3,33.34,24805138.0
2018-07-26,ITSA4,10.77,138513910.0
2018-07-26,ITUB4,46.05,652207772.0
2018-07-26,JBSS3,9.61,34918250.0
2018-07-26,KLBN11,20.06,32371855.0
2018-07-26,KROT3,11.53,88365698.0
2018-07-26,LAME4,17.93,34897014.0
2018-07-26,LREN3,31.59,108416268.0
2018-07-26,MGLU3,131.55,137638283.0
2018-07-26,MRFG3,7.95,11087793.0
2018-07-26,MRVE3,13.54,20305221.0
2018-07-26,MULT3,19.9,32568120.0
2018-07-26,NATU3,30.0,42678755.0
2018-07-26,PCAR4,82.65,158782827.0
2018-07-26,PETR3,21.62,141431383.0
2018-07-26,PETR4,19.41,944811035.0
2018-07-26,QUAL3,19.96,61956571.0
2018-07-26,RADL3,75.0,95792463.0
2018-07-26,RAIL3,14.58,72806487.0
2018-07-26,RENT3,25.43,83932943.0
2018-07-26,SANB11,35.1,54551296.0
2018-07-26,SAPR11,45.17,5640121.0
2018-07-26,SBSP3,25.93,34503630.0
2018-07-26,SMLS3,53.01,32038690.0
2018-07-26,SUZB3,42.48,154782926.0
2018-07-26,TAEE11,20.11,23186031.0
2018-07-26,TIMP3,12.6,94530328.0
2018-07-26,UGPA3,43.25,61788449.0
2018-07-26,USIM5,9.13,133112693.0
2018-07-26,VALE3,52.78,2873852821.0
2018-07-26,VIVT4,42.4,66345369.0
2018-07-26,VVAR11,20.27,97063412.0
2018-07-26,WEGE3,18.57,62109215.0
2018-07-27,ABEV3,19.81,339749183.0
2018-07-27,B3SA3,23.65,78896452.0
2018-07-27,BBAS3,32.88,218841697.0
2018-07-27,BBDC3,27.91,34792302.0
2018-07-27,BBDC4,30.9,517057798.0
2018-07-27,BBSE3,24.75,29892695.0
2018-07-27,BRAP4,32.06,26131620.0
2018-07-27,BRFS3,22.89,76570635.0
2018-07-27,BRKM5,52.11,60621812.0
2018-07-27,BRML3,10.09,19278983.0
2018-07-27,BTOW3,28.58,36441389.0
2018-07-27,CCRO3,10.81,55944607.0
2018-07-27,CIEL3,16.0,70804816.0
2018-07-27,CMIG4,8.15,52448908.0
2018-07-27,CPFE3,22.12,10954622.0
2018-07-27,CPLE6,21.32,9490463.0
2018-07-27,CSAN3,38.8,39802592.0
2018-07-27,CSNA3,9.3,160606115.0
2018-07-27,CVCB3,45.43,50289692.0
2018-07-27,CYRE3,12.0,46035024.0
2018-07-27,ECOR3,8.2,33722518.0
2018-07-27,EGIE3,36.81,13421936.0
2018-07-27,ELET3,16.79,47924893.0
2018-07-27,ELET6,18.85,36128643.0
2018-07-27,EMBR3,19.44,49230403.0
2018-07-27,ENBR3,13.67,27042814.0
2018-07-27,EQTL3,61.5,70808952.0
2018-07-27,ESTC3,26.4,39499859.0
2018-07-27,FIBR3,73.58,110922253.0
2018-07-27,FLRY3,27.4,49876274.0
2018-07-27,GGBR4,16.84,144681325.0
2018-07-27,GOAU4,7.87,71293393.0
2018-07-27,GOLL4,14.8,40342670.0
2018-07-27,HYPE3,28.16,35846825.0
2018-07-27,IGTA3,33.42,25509493.0
2018-07-27,ITSA4,10.74,132067933.0
2018-07-27,ITUB4,46.3,589679286.0
2018-07-27,JBSS3,9.63,26531175.0
2018-07-27,KLBN11,20.13,30473953.0
2018-07-27,KROT3,11.68,77521273.0
2018-07-27,LAME4,17.95,31338717.0
2018-07-27,LREN3,30.55,118740377.0
2018-07-27,MGLU3,129.8,149892579.0
2018-07-27,MRFG3,7.9,25831922.0
2018-07-27,MRVE3,13.62,28287468.0
2018-07-27,MULT3,20.0,54959152.0
2018-07-27,NATU3,29.56,38593127.0
2018-07-27,PCAR4,82.5,97323112.0
2018-07-27,PETR3,22.1,99012392.0
2018-07-27,PETR4,19.77,718771145.0
2018-07-27,QUAL3,20.3,72827131.0
2018-07-27,RADL3,75.0,70293735.0
2018-07-27,RAIL3,14.4,58575039.0
2018-07-27,RENT3,24.82,156105161.0
2018-07-27,SANB11,36.0,112768029.0
2018-07-27,SAPR11,45.09,9022103.0
2018-07-27,SBSP3,25.52,43085501.0
2018-07-27,SMLS3,52.3,24315698.0
2018-07-27,SUZB3,43.4,115686895.0
2018-07-27,TAEE11,20.11,20578490.0
2018-07-27,TIMP3,12.51,39985893.0
2018-07-27,UGPA3,43.73,47556995.0
2018-07-27,USIM5,9.15,215168122.0
2018-07-27,VALE3,53.45,1151652445.0
2018-07-27,VIVT4,42.27,98242073.0
2018-07-27,VVAR11,20.0,50252550.0
2018-07-27,WEGE3,18.45,41297508.0
2018-07-30,ABEV3,19.7,250646416.0
2018-07-30,B3SA3,23.75,129303265.0
2018-07-30,BBAS3,32.89,158173553.0
2018-07-30,BBDC3,28.4,73227696.0
2018-07-30,BBDC4,31.13,285467533.0
2018-07-30,BBSE3,24.69,30091981.0
2018-07-30,BRAP4,32.02,23081851.0
2018-07-30,BRFS3,22.88,62598740.0
2018-07-30,BRKM5,53.3,112596933.0
2018-07-30,BRML3,10.03,16244797.0
2018-07-30,BTOW3,28.55,14684854.0
2018-07-30,CCRO3,10.71,50182176.0
2018-07-30,CIEL3,15.9,97627473.0
2018-07-30,CMIG4,8.19,33140419.0
2018-07-30,CPFE3,21.96,10476544.0
2018-07-30,CPLE6,21.06,11898337.0
2018-07-30,CSAN3,39.15,28826086.0
2018-07-30,CSNA3,9.12,87801849.0
2018-07-30,CVCB3,45.48,33080990.0
2018-07-30,CYRE3,11.73,18363305.0
2018-07-30,ECOR3,8.05,31135617.0
2018-07-30,EGIE3,37.12,23183830.0
2018-07-30,ELET3,16.69,25049915.0
2018-07-30,ELET6,18.82,22738282.0
2018-07-30,EMBR3,19.18,66978010.0
2018-07-30,ENBR3,13.7,28452649.0
2018-07-30,EQTL3,61.21,30268001.0
2018-07-30,ESTC3,26.39,90955073.0
2018-07-30,FIBR3,73.96,96657683.0
2018-07-30,FLRY3,27.11,39969128.0
2018-07-30,GGBR4,17.12,112616118.0
2018-07-30,GOAU4,7.98,48324544.0
2018-07-30,GOLL4,14.45,39075640.0
2018-07-30,HYPE3,27.69,62822292.0
2018-07-30,IGTA3,33.48,19481705.0
2018-07-30,ITSA4,10.85,164400214.0
2018-07-30,ITUB4,46.97,486640584.0
2018-07-30,JBSS3,9.1,98050771.0
2018-07-30,KLBN11,20.15,42150872.0
2018-07-30,KROT3,11.39,50139098.0
2018-07-30,LAME4,18.03,16746184.0
2018-07-30,LREN3,31.2,53503862.0
2018-07-30,MGLU3,130.0,106650634.0
2018-07-30,MRFG3,8.14,45350187.0
2018-07-30,MRVE3,13.5,14376745.0
2018-07-30,MULT3,20.07,29011573.0
2018-07-30,NATU3,29.37,22594985.0
2018-07-30,PCAR4,83.47,54323612.0
2018-07-30,PETR3,22.06,174499173.0
2018-07-30,PETR4,19.89,736816633.0
2018-07-30,QUAL3,20.08,86452181.0
2018-07-30,RADL3,74.11,98981416.0
2018-07-30,RAIL3,14.67,64585410.0
2018-07-30,RENT3,24.97,54195727.0
2018-07-30,SANB11,36.89,49712302.0
2018-07-30,SAPR11,44.94,7387672.0
2018-07-30,SBSP3,25.66,23751638.0
2018-07-30,SMLS3,52.3,26145436.0
2018-07-30,SUZB3,44.19,112578934.0
2018-07-30,TAEE11,20.1,6446436.0
2018-07-30,TIMP3,12.57,49005345.0
2018-07-30,UGPA3,44.22,38429337.0
2018-07-30,USIM5,9.16,98482651.0
2018-07-30,VALE3,54.33,838660298.0
2018-07-30,VIVT4,41.32,98465389.0
2018-07-30,VVAR11,21.2,88031456.0
2018-07-30,WEGE3,18.6,123878041.0
2018-07-31,ABEV3,19.41,254926489.0
2018-07-31,B3SA3,23.79,169038274.0
2018-07-31,BBAS3,32.5,225738431.0
2018-07-31,BBDC3,27.88,66438141.0
2018-07-31,BBDC4,30.53,328504385.0
2018-07-31,BBSE3,24.49,61140270.0
2018-07-31,BRAP4,32.58,50640510.0
2018-07-31,BRFS3,22.65,70296779.0
2018-07-31,BRKM5,54.71,121818002.0
2018-07-31,BRML3,9.95,37815603.0
2018-07-31,BTOW3,28.15,35832253.0
2018-07-31,CCRO3,10.53,38997335.0
2018-07-31,CIEL3,14.35,272052754.0
2018-07-31,CMIG4,8.23,47366567.0
2018-07-31,CPFE3,21.75,13866112.0
2018-07-31,CPLE6,20.5,25309542.0
2018-07-31,CSAN3,36.87,103850221.0
2018-07-31,CSNA3,9.18,69219971.0
2018-07-31,CVCB3,44.1,45672143.0
2018-07-31,CYRE3,11.59,40845488.0
2018-07-31,ECOR3,7.8,27708408.0
2018-07-31,EGIE3,37.39,38690638.0
2018-07-31,ELET3,17.27,38677158.0
2018-07-31,ELET6,19.28,35931484.0
2018-07-31,EMBR3,19.25,123194655.0
2018-07-31,ENBR3,13.65,47214315.0
2018-07-31,EQTL3,61.25,40643238.0
2018-07-31,ESTC3,25.95,85029002.0
2018-07-31,FIBR3,74.0,91344690.0
2018-07-31,FLRY3,27.38,32339845.0
2018-07-31,GGBR4,16.68,136300162.0
2018-07-31,GOAU4,7.69,104442272.0
2018-07-31,GOLL4,13.81,46748200.0
2018-07-31,HYPE3,27.75,50276380.0
2018-07-31,IGTA3,33.66,30665966.0
2018-07-31,ITSA4,10.42,253196901.0
2018-07-31,ITUB4,45.0,1074367679.0
2018-07-31,JBSS3,9.02,84073003.0
2018-07-31,KLBN11,20.2,37167208.0
2018-07-31,KROT3,11.3,87397998.0
2018-07-31,LAME4,18.14,52427473.0
2018-07-31,LREN3,30.88,83290907.0
2018-07-31,MGLU3,132.26,95826682.0
2018-07-31,MRFG3,8.2,31113440.0
2018-07-31,MRVE3,13.21,35806444.0
2018-07-31,MULT3,20.08,37470757.0
2018-07-31,NATU3,29.1,50008385.0
2018-07-31,PCAR4,83.15,98024308.0
2018-07-31,PETR3,21.94,104597034.0
2018-07-31,PETR4,19.72,759138052.0
2018-07-31,QUAL3,20.05,38697005.0
2018-07-31,RADL3,74.36,88510441.0
2018-07-31,RAIL3,14.85,52504784.0
2018-07-31,RENT3,23.75,138760153.0
2018-07-31,SANB11,36.48,58123476.0
2018-07-31,SAPR11,44.52,8115134.0
2018-07-31,SBSP3,25.0,31629307.0
2018-07-31,SMLS3,51.2,31409707.0
2018-07-31,SUZB3,44.55,116660577.0
2018-07-31,TAEE11,20.21,16809690.0
2018-07-31,TIMP3,12.4,62792869.0
2018-07-31,UGPA3,40.65,187454601.0
2018-07-31,USIM5,8.87,132146616.0
2018-07-31,VALE3,54.84,870319254.0
2018-07-31,VIVT4,41.06,114898227.0
2018-07-31,VVAR11,21.29,61580431.0
2018-07-31,WEGE3,18.51,45785002.0
2018-08-01,ABEV3,19.45,180795552.0
2018-08-01,B3SA3,23.67,162493729.0
2018-08-01,BBAS3,32.97,252684114.0
2018-08-01,BBDC3,28.3,50742163.0
2018-08-01,BBDC4,30.93,358065029.0
2018-08-01,BBSE3,24.84,92827408.0
2018-08-01,BRAP4,31.63,37519653.0
2018-08-01,BRFS3,22.68,83028541.0
2018-08-01,BRKM5,54.91,70046865.0
2018-08-01,BRML3,10.1,27559769.0
2018-08-01,BTOW3,28.85,47700189.0
2018-08-01,CCRO3,10.37,49682376.0
2018-08-01,CIEL3,14.56,124053240.0
2018-08-01,CMIG4,8.14,52075596.0
2018-08-01,CPFE3,21.85,11550141.0
2018-08-01,CPLE6,21.16,21686168.0
2018-08-01,CSAN3,36.95,60807880.0
2018-08-01,CSNA3,9.23,76892252.0
2018-08-01,CVCB3,44.2,26447673.0
2018-08-01,CYRE3,12.12,55617284.0
2018-08-01,ECOR3,7.92,41478643.0
2018-08-01,EGIE3,37.32,17772809.0
2018-08-01,ELET3,17.45,38276451.0
2018-08-01,ELET6,19.45,22593430.0
2018-08-01,EMBR3,19.25,89139136.0
2018-08-01,ENBR3,14.1,63659452.0
2018-08-01,EQTL3,62.16,42266159.0
2018-08-01,ESTC3,26.55,41960983.0
2018-08-01,FIBR3,73.4,86709683.0
2018-08-01,FLRY3,27.0,41327061.0
2018-08-01,GGBR4,16.4,206965119.0
2018-08-01,GOAU4,7.58,71836487.0
2018-08-01,GOLL4,13.7,53189883.0
2018-08-01,HYPE3,27.65,36484081.0
2018-08-01,IGTA3,33.91,20306430.0
2018-08-01,ITSA4,10.65,144664374.0
2018-08-01,ITUB4,45.55,572622019.0
2018-08-01,JBSS3,9.08,98208478.0
2018-08-01,KLBN11,20.13,45141981.0
2018-08-01,KROT3,11.09,80422374.0
2018-08-01,LAME4,18.17,42900106.0
2018-08-01,LREN3,30.91,50276957.0
2018-08-01,MGLU3,134.26,128537815.0
2018-08-01,MRFG3,8.13,30625421.0
2018-08-01,MRVE3,13.72,59554313.0
2018-08-01,MULT3,20.3,30223982.0
2018-08-01,NATU3,29.0,24078993.0
2018-08-01,PCAR4,83.5,80982027.0
2018-08-01,PETR3,22.07,112006994.0
2018-08-01,PETR4,20.01,774727962.0
2018-08-01,QUAL3,20.7,62042636.0
2018-08-01,RADL3,75.86,68563669.0
2018-08-01,RAIL3,14.8,69488997.0
2018-08-01,RENT3,23.95,89794819.0
2018-08-01,SANB11,36.36,43162628.0
2018-08-01,SAPR11,44.6,5806095.0
2018-08-01,SBSP3,25.17,44767621.0
2018-08-01,SMLS3,53.0,98005737.0
2018-08-01,SUZB3,43.6,155895559.0
2018-08-01,TAEE11,20.23,16841646.0
2018-08-01,TIMP3,12.54,36613137.0
2018-08-01,UGPA3,39.7,142938243.0
2018-08-01,USIM5,8.79,144118379.0
2018-08-01,VALE3,53.06,1966466362.0
2018-08-01,VIVT4,41.47,66912881.0
2018-08-01,VVAR11,22.0,77849094.0
2018-08-01,WEGE3,18.31,35881871.0
2018-08-02,ABEV3,19.29,166926809.0
2018-08-02,B3SA3,24.1,170158324.0
2018-08-02,BBAS3,33.23,257838013.0
2018-08-02,BBDC3,28.18,25836739.0
2018-08-02,BBDC4,30.92,250469647.0
2018-08-02,BBSE3,24.9,33832187.0
2018-08-02,BRAP4,31.42,25668437.0
2018-08-02,BRFS3,22.54,65418469.0
2018-08-02,BRKM5,54.37,52047434.0
2018-08-02,BRML3,10.16,32248441.0
2018-08-02,BTOW3,29.85,47568506.0
2018-08-02,CCRO3,10.21,51869204.0
2018-08-02,CIEL3,14.45,209936929.0
2018-08-02,CMIG4,8.13,31548174.0
2018-08-02,CPFE3,21.95,7552281.0
2018-08-02,CPLE6,21.2,16499353.0
2018-08-02,CSAN3,38.49,46078242.0
2018-08-02,CSNA3,9.56,102925399.0
2018-08-02,CVCB3,43.83,33695263.0
2018-08-02,CYRE3,11.95,32764487.0
2018-08-02,ECOR3,7.92,20930229.0
2018-08-02,EGIE3,37.32,17246536.0
2018-08-02,ELET3,17.25,21032227.0
2018-08-02,ELET6,19.25,14357092.0
2018-08-02,EMBR3,18.81,61815410.0
2018-08-02,ENBR3,13.97,49474903.0
2018-08-02,EQTL3,60.59,49202280.0
2018-08-02,ESTC3,26.45,50276709.0
2018-08-02,FIBR3,74.19,61089473.0
2018-08-02,FLRY3,27.6,25842853.0
2018-08-02,GGBR4,16.64,188230095.0
2018-08-02,GOAU4,7.72,60231826.0
2018-08-02,GOLL4,13.6,81601463.0
2018-08-02,HYPE3,28.54,32178743.0
2018-08-02,IGTA3,33.91,13843433.0
2018-08-02,ITSA4,10.71,111573144.0
2018-08-02,ITUB4,45.71,572507727.0
2018-08-02,JBSS3,9.21,64381196.0
2018-08-02,KLBN11,19.94,28602608.0
2018-08-02,KROT3,11.42,54782351.0
2018-08-02,LAME4,18.06,26442198.0
2018-08-02,LREN3,30.44,35989327.0
2018-08-02,MGLU3,136.85,137929245.0
2018-08-02,MRFG3,8.12,12383400.0
2018-08-02,MRVE3,13.48,25733808.0
2018-08-02,MULT3,20.11,16218824.0
2018-08-02,NATU3,29.29,60587022.0
2018-08-02,PCAR4,84.5,104083215.0
2018-08-02,PETR3,22.44,168201411.0
2018-08-02,PETR4,20.41,1405768637.0
2018-08-02,QUAL3,20.67,60687262.0
2018-08-02,RADL3,77.04,64814516.0
2018-08-02,RAIL3,14.85,35057956.0
2018-08-02,RENT3,23.72,51875953.0
2018-08-02,SANB11,36.5,45340370.0
2018-08-02,SAPR11,44.63,5905080.0
2018-08-02,SBSP3,25.27,41409439.0
2018-08-02,SMLS3,53.46,40970638.0
2018-08-02,SUZB3,44.11,99781232.0
2018-08-02,TAEE11,20.12,20610321.0
2018-08-02,TIMP3,12.5,33284940.0
2018-08-02,UGPA3,42.7,192879404.0
2018-08-02,USIM5,8.96,113383653.0
2018-08-02,VALE3,52.84,1035431916.0
2018-08-02,VIVT4,41.32,61077969.0
2018-08-02,VVAR11,22.0,45724531.0
2018-08-02,WEGE3,17.96,43975427.0
2018-09-03,ABEV3,18.63,92668957.0
2018-09-03,B3SA3,21.32,69747669.0
2018-09-03,BBAS3,29.39,175247974.0
2018-09-03,BBDC3,24.82,18425434.0
2018-09-03,BBDC4,28.13,140833445.0
2018-09-03,BBSE3,24.06,35147999.0
2018-09-03,BRAP4,31.33,32574233.0
2018-09-03,BRFS3,20.4,70021633.0
2018-09-03,BRKM5,59.6,48307721.0
2018-09-03,BRML3,9.12,22849903.0
2018-09-03,BTOW3,25.92,48628644.0
2018-09-03,CCRO3,9.24,29967765.0
2018-09-03,CIEL3,14.87,31608361.0
2018-09-03,CMIG4,7.37,81259327.0
2018-09-03,CPLE6,20.3,6645409.0
2018-09-03,CSAN3,35.02,21387040.0
2018-09-03,CSNA3,8.85,26339743.0
2018-09-03,CVCB3,41.3,29218575.0
2018-09-03,CYRE3,10.7,12475231.0
2018-09-03,ECOR3,7.3,14476815.0
2018-09-03,EGIE3,37.04,44323756.0
2018-09-03,ELET3,15.35,24788120.0
2018-09-03,ELET6,17.5,15149753.0
2018-09-03,EMBR3,19.39,19249350.0
2018-09-03,ENBR3,13.33,14126241.0
2018-09-03,EQTL3,56.97,43514934.0
2018-09-03,ESTC3,22.82,44719162.0
2018-09-03,FIBR3,80.17,89957158.0
2018-09-03,FLRY3,25.28,44656204.0
2018-09-03,GGBR4,15.85,58897231.0
2018-09-03,GOAU4,7.79,46516215.0
2018-09-03,GOLL4,10.86,31025502.0
2018-09-03,HYPE3,28.05,31555908.0
2018-09-03,IGTA3,30.75,22485735.0
2018-09-03,ITSA4,9.47,78584549.0
2018-09-03,ITUB4,41.67,180479935.0
2018-09-03,JBSS3,9.49,25020085.0
2018-09-03,KLBN11,21.94,34554323.0
2018-09-03,KROT3,10.3,57279727.0
2018-09-03,LAME4,15.3,28600170.0
2018-09-03,LREN3,28.0,35938341.0
2018-09-03,MGLU3,126.46,106878108.0
2018-09-03,MRFG3,5.6,17482965.0
2018-09-03,MRVE3,13.0,18012352.0
2018-09-03,MULT3,18.56,16886522.0
2018-09-03,NATU3,28.86,11600077.0
2018-09-03,PCAR4,79.59,60912356.0
2018-09-03,PETR3,21.75,80673055.0
2018-09-03,PETR4,19.0,482263037.0
2018-09-03,QUAL3,15.68,20834343.0
2018-09-03,RADL3,76.25,27911850.0
2018-09-03,RAIL3,13.86,27595480.0
2018-09-03,RENT3,21.8,39768699.0
2018-09-03,SANB11,34.18,14941820.0
2018-09-03,SBSP3,23.9,17612148.0
2018-09-03,SMLS3,53.2,28871366.0
2018-09-03,SUZB3,49.04,153146646.0
2018-09-03,TAEE11,19.96,17098463.0
2018-09-03,TIMP3,12.1,20014575.0
2018-09-03,UGPA3,42.5,124570005.0
2018-09-03,USIM5,8.02,44379320.0
2018-09-03,VALE3,54.05,235068736.0
2018-09-03,VIVT4,39.5,14152452.0
2018-09-03,VVAR11,16.3,30278246.0
2018-09-03,WEGE3,18.8,35066486.0
2018-09-04,ABEV3,18.01,352882172.0
2018-09-04,B3SA3,20.91,89693295.0
2018-09-04,BBAS3,28.64,318902159.0
2018-09-04,BBDC3,24.04,47049091.0
2018-09-04,BBDC4,27.48,255331745.0
2018-09-04,BBSE3,24.2,54989169.0
2018-09-04,BRAP4,30.01,47232464.0
2018-09-04,BRFS3,21.03,160615670.0
2018-09-04,BRKM5,59.98,57856907.0
2018-09-04,BRML3,9.0,93624203.0
2018-09-04,BTOW3,24.3,69529222.0
2018-09-04,CCRO3,9.09,32619374.0
2018-09-04,CIEL3,14.84,68475649.0
2018-09-04,CMIG4,7.06,112811693.0
2018-09-04,CPLE6,20.39,32954396.0
2018-09-04,CSAN3,34.92,34519819.0
2018-09-04,CSNA3,8.39,70880463.0
2018-09-04,CVCB3,39.31,41592934.0
2018-09-04,CYRE3,10.64,24902325.0
2018-09-04,ECOR3,7.12,19557500.0
2018-09-04,EGIE3,36.4,38988650.0
2018-09-04,ELET3,14.94,31611572.0
2018-09-04,ELET6,17.4,23356933.0
2018-09-04,EMBR3,19.83,36253626.0
2018-09-04,ENBR3,13.07,34907220.0
2018-09-04,EQTL3,57.69,50298957.0
2018-09-04,ESTC3,21.67,96785889.0
2018-09-04,FIBR3,79.93,98836726.0
2018-09-04,FLRY3,24.9,46485612.0
2018-09-04,GGBR4,15.61,109674592.0
2018-09-04,GOAU4,7.65,49251194.0
2018-09-04,GOLL4,10.12,76834739.0
2018-09-04,HYPE3,27.8,22240606.0
2018-09-04,IGTA3,29.86,73901834.0
2018-09-04,ITSA4,9.36,119374180.0
2018-09-04,ITUB4,41.31,485745330.0
2018-09-04,JBSS3,9.3,47614455.0
2018-09-04,KLBN11,21.7,59907434.0
2018-09-04,KROT3,9.89,89433078.0
2018-09-04,LAME4,14.76,89247450.0
2018-09-04,LREN3,27.38,79563291.0
2018-09-04,MGLU3,118.0,255455987.0
2018-09-04,MRFG3,5.73,32029487.0
2018-09-04,MRVE3,12.65,44996869.0
2018-09-04,MULT3,18.43,40163517.0
2018-09-04,NATU3,28.8,32429360.0
2018-09-04,PCAR4,76.11,176873228.0
2018-09-04,PETR3,21.52,182824283.0
2018-09-04,PETR4,18.65,749517423.0
2018-09-04,QUAL3,15.33,27488091.0
2018-09-04,RADL3,75.14,46510743.0
2018-09-04,RAIL3,13.58,44170600.0
2018-09-04,RENT3,20.91,63063567.0
2018-09-04,SANB11,33.45,46959099.0
2018-09-04,SBSP3,24.1,23267216.0
2018-09-04,SMLS3,51.5,21403810.0
2018-09-04,SUZB3,50.39,279452452.0
2018-09-04,TAEE11,19.68,35033889.0
2018-09-04,TIMP3,12.24,54125464.0
2018-09-04,UGPA3,40.06,96538641.0
2018-09-04,USIM5,8.01,116941411.0
2018-09-04,VALE3,52.0,553773904.0
2018-09-04,VIVT4,39.51,36236752.0
2018-09-04,VVAR11,15.09,79276174.0
2018-09-04,WEGE3,18.65,35084735.0
2018-09-05,ABEV3,18.14,287429994.0
2018-09-05,B3SA3,21.82,175156565.0
2018-09-05,BBAS3,28.69,215341602.0
2018-09-05,BBDC3,24.18,52916054.0
2018-09-05,BBDC4,27.65,311398455.0
2018-09-05,BBSE3,24.69,71465366.0
2018-09-05,BRAP4,30.01,24013442.0
2018-09-05,BRFS3,21.25,109106379.0
2018-09-05,BRKM5,60.7,72503410.0
2018-09-05,BRML3,9.01,38010640.0
2018-09-05,BTOW3,24.85,45649479.0
2018-09-05,CCRO3,9.01,33096548.0
2018-09-05,CIEL3,14.71,41650079.0
2018-09-05,CMIG4,7.24,74981732.0
2018-09-05,CPLE6,20.45,17282006.0
2018-09-05,CSAN3,34.16,28164998.0
2018-09-05,CSNA3,8.3,44070770.0
2018-09-05,CVCB3,40.0,37857035.0
2018-09-05,CYRE3,10.55,21501603.0
2018-09-05,ECOR3,7.06,14514475.0
2018-09-05,EGIE3,36.34,19801315.0
2018-09-05,ELET3,15.32,22765068.0
2018-09-05,ELET6,17.69,17527144.0
2018-09-05,EMBR3,19.63,28557559.0
2018-09-05,ENBR3,13.13,18774438.0
2018-09-05,EQTL3,57.94,47049595.0
2018-09-05,ESTC3,21.51,64887935.0
2018-09-05,FIBR3,78.37,403904978.0
2018-09-05,FLRY3,25.14,23796279.0
2018-09-05,GGBR4,15.58,101003068.0
2018-09-05,GOAU4,7.58,46484447.0
2018-09-05,GOLL4,10.02,43571483.0
2018-09-05,HYPE3,27.6,42199554.0
2018-09-05,IGTA3,29.7,20771267.0
2018-09-05,ITSA4,9.36,153364292.0
2018-09-05,ITUB4,41.55,324714045.0
2018-09-05,JBSS3,9.35,28713899.0
2018-09-05,KLBN11,21.6,47493127.0
2018-09-05,KROT3,9.8,67788067.0
2018-09-05,LAME4,14.9,41001527.0
2018-09-05,LREN3,27.94,59092306.0
2018-09-05,MGLU3,121.83,202407876.0
2018-09-05,MRFG3,5.64,12478370.0
2018-09-05,MRVE3,12.5,24199325.0
2018-09-05,MULT3,18.6,31770238.0
2018-09-05,NATU3,29.27,36598811.0
2018-09-05,PCAR4,76.09,86586899.0
2018-09-05,PETR3,21.73,217408555.0
2018-09-05,PETR4,18.65,1000065926.0
2018-09-05,QUAL3,15.29,29354721.0
2018-09-05,RADL3,72.79,65975108.0
2018-09-05,RAIL3,13.7,34592857.0
2018-09-05,RENT3,21.39,97816620.0
2018-09-05,SANB11,33.45,37182532.0
2018-09-05,SBSP3,23.95,19804103.0
2018-09-05,SMLS3,47.6,99842600.0
2018-09-05,SUZB3,54.12,439104341.0
2018-09-05,TAEE11,19.8,14308313.0
2018-09-05,TIMP3,11.97,58310050.0
2018-09-05,UGPA3,39.31,72480880.0
2018-09-05,USIM5,7.88,75578423.0
2018-09-05,VALE3,52.15,370649139.0
2018-09-05,VIVT4,39.39,45340009.0
2018-09-05,VVAR11,14.65,60110922.0
2018-09-05,WEGE3,18.57,30342214.0
2018-09-06,ABEV3,18.32,295601142.0
2018-09-06,B3SA3,21.84,194591752.0
2018-09-06,BBAS3,29.33,294735089.0
2018-09-06,BBDC3,24.88,43291902.0
2018-09-06,BBDC4,28.44,357311310.0
2018-09-06,BBSE3,24.71,74818153.0
2018-09-06,BRAP4,30.35,42313681.0
2018-09-06,BRFS3,21.52,81154305.0
2018-09-06,BRKM5,61.66,79651270.0
2018-09-06,BRML3,9.3,85859115.0
2018-09-06,BTOW3,25.65,88146385.0
2018-09-06,CCRO3,9.37,61786528.0
2018-09-06,CIEL3,14.12,144496959.0
2018-09-06,CMIG4,7.25,65152409.0
2018-09-06,CPLE6,20.69,14389823.0
2018-09-06,CSAN3,34.42,36759616.0
2018-09-06,CSNA3,8.35,54013503.0
2018-09-06,CVCB3,41.06,44707098.0
2018-09-06,CYRE3,10.7,16805565.0
2018-09-06,ECOR3,7.65,47996203.0
2018-09-06,EGIE3,36.96,31147933.0
2018-09-06,ELET3,16.05,31383982.0
2018-09-06,ELET6,18.83,23143650.0
2018-09-06,EMBR3,19.71,39623737.0
2018-09-06,ENBR3,13.15,27173652.0
2018-09-06,EQTL3,59.03,42775943.0
2018-09-06,ESTC3,21.5,70379156.0
2018-09-06,FIBR3,78.29,156061792.0
2018-09-06,FLRY3,25.49,26454322.0
2018-09-06,GGBR4,15.86,103501813.0
2018-09-06,GOAU4,7.77,59412778.0
2018-09-06,GOLL4,10.04,81375503.0
2018-09-06,HYPE3,27.82,36105816.0
2018-09-06,IGTA3,30.04,32703050.0
2018-09-06,ITSA4,9.7,187106777.0
2018-09-06,ITUB4,42.6,552226414.0
2018-09-06,JBSS3,9.26,50434404.0
2018-09-06,KLBN11,21.65,55483252.0
2018-09-06,KROT3,9.7,72552129.0
2018-09-06,LAME4,15.13,70638129.0
2018-09-06,LREN3,28.82,63104451.0
2018-09-06,MGLU3,125.2,142924352.0
2018-09-06,MRFG3,5.7,12404825.0
2018-09-06,MRVE3,12.73,20894463.0
2018-09-06,MULT3,18.56,32900717.0
2018-09-06,NATU3,29.3,111842147.0
2018-09-06,PCAR4,77.9,75162957.0
2018-09-06,PETR3,21.92,169159734.0
2018-09-06,PETR4,18.99,1019480243.0
2018-09-06,QUAL3,15.36,33680589.0
2018-09-06,RADL3,74.25,54658932.0
2018-09-06,RAIL3,13.99,42578644.0
2018-09-06,RENT3,21.88,59025820.0
2018-09-06,SANB11,34.31,33055932.0
2018-09-06,SBSP3,24.5,40641332.0
2018-09-06,SMLS3,48.89,30879603.0
2018-09-06,SUZB3,54.42,305944251.0
2018-09-06,TAEE11,19.75,28454182.0
2018-09-06,TIMP3,11.89,81801400.0
2018-09-06,UGPA3,39.18,93328816.0
2018-09-06,USIM5,7.94,75152613.0
2018-09-06,VALE3,53.48,665801918.0
2018-09-06,VIVT4,40.97,130384905.0
2018-09-06,VVAR11,14.04,90576111.0
2018-09-06,WEGE3,19.49,77576584.0
2018-09-10,ABEV3,18.29,217393416.0
2018-09-10,B3SA3,21.88,142268883.0
2018-09-10,BBAS3,28.93,410206806.0
2018-09-10,BBDC3,24.9,99361835.0
2018-09-10,BBDC4,28.55,598501423.0
2018-09-10,BBSE3,24.58,44425628.0
2018-09-10,BRAP4,31.44,111212694.0
2018-09-10,BRFS3,21.65,100825217.0
2018-09-10,BRKM5,59.8,109719772.0
2018-09-10,BRML3,9.44,43731512.0
2018-09-10,BTOW3,26.09,88795653.0
2018-09-10,CCRO3,9.09,55989946.0
2018-09-10,CIEL3,14.5,65072844.0
2018-09-10,CMIG4,7.24,59230277.0
2018-09-10,CPLE6,21.0,21293043.0
2018-09-10,CSAN3,34.27,38633981.0
2018-09-10,CSNA3,8.54,49741113.0
2018-09-10,CVCB3,40.14,21343138.0
2018-09-10,CYRE3,10.72,20610527.0
2018-09-10,ECOR3,7.67,42094350.0
2018-09-10,EGIE3,36.93,21957755.0
2018-09-10,ELET3,15.89,56101322.0
2018-09-10,ELET6,18.8,42922773.0
2018-09-10,EMBR3,19.93,69500964.0
2018-09-10,ENBR3,13.25,25284436.0
2018-09-10,EQTL3,58.4,35943455.0
2018-09-10,ESTC3,21.15,59414499.0
2018-09-10,FIBR3,77.51,99150990.0
2018-09-10,FLRY3,24.24,48625814.0
2018-09-10,GGBR4,15.59,111934241.0
2018-09-10,GOAU4,7.75,49893306.0
2018-09-10,GOLL4,10.12,64595485.0
2018-09-10,HYPE3,27.46,34840936.0
2018-09-10,IGTA3,30.03,22204385.0
2018-09-10,ITSA4,9.69,136756674.0
2018-09-10,ITUB4,42.99,406013641.0
2018-09-10,JBSS3,9.42,37372769.0
2018-09-10,KLBN11,21.45,71541561.0
2018-09-10,KROT3,9.76,89873324.0
2018-09-10,LAME4,15.16,30184959.0
2018-09-10,LREN3,28.99,62464537.0
2018-09-10,MGLU3,121.86,237717485.0
2018-09-10,MRFG3,5.67,9174267.0
2018-09-10,MRVE3,12.6,42319427.0
2018-09-10,MULT3,18.5,27973570.0
2018-09-10,NATU3,29.0,34955296.0
2018-09-10,PCAR4,78.3,64419303.0
2018-09-10,PETR3,22.2,234847493.0
2018-09-10,PETR4,19.26,1133607251.0
2018-09-10,QUAL3,15.99,56700646.0
2018-09-10,RADL3,75.67,71436603.0
2018-09-10,RAIL3,13.89,33528773.0
2018-09-10,RENT3,21.73,51864874.0
2018-09-10,SANB11,34.53,33762536.0
2018-09-10,SBSP3,24.25,19534099.0
2018-09-10,SMLS3,46.8,41627202.0
2018-09-10,SUZB3,52.94,221460699.0
2018-09-10,TAEE11,19.83,36813515.0
2018-09-10,TIMP3,11.91,46456728.0
2018-09-10,UGPA3,38.81,58568767.0
2018-09-10,USIM5,7.87,56307470.0
2018-09-10,VALE3,53.22,499422685.0
2018-09-10,VIVT4,40.67,76139386.0
2018-09-10,VVAR11,14.06,33246546.0
2018-09-10,WEGE3,19.55,45008745.0
2018-09-11,ABEV3,18.19,257163624.0
2018-09-11,B3SA3,21.06,225851853.0
2018-09-11,BBAS3,27.62,344773889.0
2018-09-11,BBDC3,24.0,27752468.0
2018-09-11,BBDC4,27.69,369991208.0
2018-09-11,BBSE3,23.96,51684375.0
2018-09-11,BRAP4,31.0,56463325.0
2018-09-11,BRFS3,21.63,83957585.0
2018-09-11,BRKM5,59.4,113072342.0
2018-09-11,BRML3,9.05,30728251.0
2018-09-11,BTOW3,24.96,115976279.0
2018-09-11,CCRO3,8.98,55638050.0
2018-09-11,CIEL3,14.35,56110697.0
2018-09-11,CMIG4,7.02,73968240.0
2018-09-11,CPLE6,20.57,22312939.0
2018-09-11,CSAN3,33.46,32318303.0
2018-09-11,CSNA3,8.17,45012929.0
2018-09-11,CVCB3,38.66,30467836.0
2018-09-11,CYRE3,10.32,28496267.0
2018-09-11,ECOR3,7.45,37901203.0
2018-09-11,EGIE3,36.52,21837629.0
2018-09-11,ELET3,14.81,58736308.0
2018-09-11,ELET6,17.81,30115475.0
2018-09-11,EMBR3,20.05,83289738.0
2018-09-11,ENBR3,13.15,34781232.0
2018-09-11,EQTL3,57.75,43793410.0
2018-09-11,ESTC3,20.8,52916263.0
2018-09-11,FIBR3,77.7,110208205.0
2018-09-11,FLRY3,23.77,50379877.0
2018-09-11,GGBR4,15.2,165352138.0
2018-09-11,GOAU4,7.36,91295489.0
2018-09-11,GOLL4,9.61,56184575.0
2018-09-11,HYPE3,27.08,23204613.0
2018-09-11,IGTA3,29.49,14403115.0
2018-09-11,ITSA4,9.29,135609117.0
2018-09-11,ITUB4,41.51,596092185.0
2018-09-11,JBSS3,9.43,51784881.0
2018-09-11,KLBN11,21.5,49177847.0
2018-09-11,KROT3,9.5,68006367.0
2018-09-11,LAME4,14.74,50967109.0
2018-09-11,LREN3,28.5,185498903.0
2018-09-11,MGLU3,119.1,119653001.0
2018-09-11,MRFG3,5.5,10341755.0
2018-09-11,MRVE3,12.22,30589992.0
2018-09-11,MULT3,18.19,26402507.0
2018-09-11,NATU3,28.65,35087793.0
2018-09-11,PCAR4,78.19,89435454.0
2018-09-11,PETR3,21.58,379646924.0
2018-09-11,PETR4,18.5,1051891001.0
2018-09-11,QUAL3,15.98,48134489.0
2018-09-11,RADL3,73.44,49027086.0
2018-09-11,RAIL3,13.65,43623518.0
2018-09-11,RENT3,21.84,59341742.0
2018-09-11,SANB11,33.08,68866788.0
2018-09-11,SBSP3,23.94,31511827.0
2018-09-11,SMLS3,43.87,68169765.0
2018-09-11,SUZB3,52.15,238632638.0
2018-09-11,TAEE11,19.41,26456192.0
2018-09-11,TIMP3,11.72,60953172.0
2018-09-11,UGPA3,38.3,84721009.0
2018-09-11,USIM5,7.4,105874668.0
2018-09-11,VALE3,52.59,543680849.0
2018-09-11,VIVT4,39.98,120938565.0
2018-09-11,VVAR11,13.47,33618942.0
2018-09-11,WEGE3,19.1,36503224.0
2018-09-12,ABEV3,18.45,259036274.0
2018-09-12,B3SA3,21.2,179019339.0
2018-09-12,BBAS3,27.66,442735356.0
2018-09-12,BBDC3,24.08,69503197.0
2018-09-12,BBDC4,27.7,405908532.0
2018-09-12,BBSE3,23.82,89096208.0
2018-09-12,BRAP4,31.22,35418482.0
2018-09-12,BRFS3,20.85,112107677.0
2018-09-12,BRKM5,60.07,99437344.0
2018-09-12,BRML3,9.39,52333952.0
2018-09-12,BTOW3,24.67,58224598.0
2018-09-12,CCRO3,8.9,84332008.0
2018-09-12,CIEL3,14.5,73881349.0
2018-09-12,CMIG4,7.04,58688269.0
2018-09-12,CPLE6,20.55,6305833.0
2018-09-12,CSAN3,33.87,38870806.0
2018-09-12,CSNA3,8.31,57882353.0
2018-09-12,CVCB3,39.81,42667629.0
2018-09-12,CYRE3,10.32,16727206.0
2018-09-12,ECOR3,7.61,16458625.0
2018-09-12,EGIE3,36.3,22852259.0
2018-09-12,ELET3,15.51,48487920.0
2018-09-12,ELET6,18.3,30272644.0
2018-09-12,EMBR3,19.39,62521263.0
2018-09-12,ENBR3,12.95,40632911.0
2018-09-12,EQTL3,57.1,57402165.0
2018-09-12,ESTC3,20.69,101780054.0
2018-09-12,FIBR3,77.1,125420153.0
2018-09-12,FLRY3,23.13,45816617.0
2018-09-12,GGBR4,15.29,150669077.0
2018-09-12,GOAU4,7.52,83868010.0
2018-09-12,GOLL4,9.62,44447639.0
2018-09-12,HYPE3,26.81,48972027.0
2018-09-12,IGTA3,29.62,29560175.0
2018-09-12,ITSA4,9.35,183920492.0
2018-09-12,ITUB4,41.63,543768427.0
2018-09-12,JBSS3,9.25,68944139.0
2018-09-12,KLBN11,21.33,70617477.0
2018-09-12,KROT3,9.64,72213399.0
2018-09-12,LAME4,14.61,98651288.0
2018-09-12,LREN3,28.5,88844920.0
2018-09-12,MGLU3,119.4,139712329.0
2018-09-12,MRFG3,5.4,10326381.0
2018-09-12,MRVE3,12.48,26105406.0
2018-09-12,MULT3,18.09,43739452.0
2018-09-12,NATU3,28.4,41744248.0
2018-09-12,PCAR4,76.97,96507175.0
2018-09-12,PETR3,22.16,200521805.0
2018-09-12,PETR4,18.95,1129029608.0
2018-09-12,QUAL3,15.92,48406749.0
2018-09-12,RADL3,73.7,60974699.0
2018-09-12,RAIL3,13.61,63852535.0
2018-09-12,RENT3,21.75,139396170.0
2018-09-12,SANB11,33.43,63102606.0
2018-09-12,SBSP3,24.44,36783026.0
2018-09-12,SMLS3,41.76,88226284.0
2018-09-12,SUZB3,51.79,301431300.0
2018-09-12,TAEE11,19.55,37824432.0
2018-09-12,TIMP3,12.0,54812834.0
2018-09-12,UGPA3,38.43,67539379.0
2018-09-12,USIM5,7.3,135852572.0
2018-09-12,VALE3,53.45,754393833.0
2018-09-12,VIVT4,40.75,125234073.0
2018-09-12,VVAR11,13.72,107763840.0
2018-09-12,WEGE3,18.8,79166222.0
2018-09-13,ABEV3,18.33,200721979.0
2018-09-13,B3SA3,21.2,179870847.0
2018-09-13,BBAS3,27.29,186660223.0
2018-09-13,BBDC3,24.04,20979539.0
2018-09-13,BBDC4,27.59,230130156.0
2018-09-13,BBSE3,23.57,55534591.0
2018-09-13,BRAP4,30.9,60785093.0
2018-09-13,BRFS3,20.61,74582799.0
2018-09-13,BRKM5,60.84,147494522.0
2018-09-13,BRML3,9.36,71845910.0
2018-09-13,BTOW3,24.48,94829989.0
2018-09-13,CCRO3,8.68,50589917.0
2018-09-13,CIEL3,14.2,57295165.0
2018-09-13,CMIG4,6.81,68293944.0
2018-09-13,CPLE6,20.05,11106831.0
2018-09-13,CSAN3,33.15,42094695.0
2018-09-13,CSNA3,8.28,38664243.0
2018-09-13,CVCB3,39.8,47039374.0
2018-09-13,CYRE3,10.1,31953072.0
2018-09-13,ECOR3,7.51,23831999.0
2018-09-13,EGIE3,36.44,31514395.0
2018-09-13,ELET3,15.24,40149178.0
2018-09-13,ELET6,18.04,26144945.0
2018-09-13,EMBR3,19.18,60910109.0
2018-09-13,ENBR3,12.81,54746456.0
2018-09-13,EQTL3,56.88,80478315.0
2018-09-13,ESTC3,20.49,54077113.0
2018-09-13,FIBR3,76.72,162968902.0
2018-09-13,FLRY3,22.85,46040651.0
2018-09-13,GGBR4,15.28,90640069.0
2018-09-13,GOAU4,7.4,59872150.0
2018-09-13,GOLL4,9.31,45001761.0
2018-09-13,HYPE3,26.7,24270782.0
2018-09-13,IGTA3,29.24,19524589.0
2018-09-13,ITSA4,9.41,130487684.0
2018-09-13,ITUB4,41.4,490421462.0
2018-09-13,JBSS3,9.1,58805104.0
2018-09-13,KLBN11,21.05,61252518.0
2018-09-13,KROT3,9.72,106542918.0
2018-09-13,LAME4,14.29,57135587.0
2018-09-13,LREN3,27.9,83689975.0
2018-09-13,MGLU3,115.43,185738039.0
2018-09-13,MRFG3,5.12,15997419.0
2018-09-13,MRVE3,12.14,24515498.0
2018-09-13,MULT3,17.96,31603086.0
2018-09-13,NATU3,27.89,24311495.0
2018-09-13,PCAR4,76.87,210438569.0
2018-09-13,PETR3,21.85,143182629.0
2018-09-13,PETR4,18.71,692369046.0
2018-09-13,QUAL3,15.31,39860113.0
2018-09-13,RADL3,73.95,38225987.0
2018-09-13,RAIL3,13.84,119631200.0
2018-09-13,RENT3,20.95,124641334.0
2018-09-13,SANB11,33.76,78503766.0
2018-09-13,SBSP3,23.9,36481949.0
2018-09-13,SMLS3,40.6,105561229.0
2018-09-13,SUZB3,51.76,271669230.0
2018-09-13,TAEE11,19.34,27273329.0
2018-09-13,TIMP3,11.9,33739931.0
2018-09-13,UGPA3,38.04,64960062.0
2018-09-13,USIM5,7.11,90233840.0
2018-09-13,VALE3,53.78,774619632.0
2018-09-13,VIVT4,40.1,110518441.0
2018-09-13,VVAR11,15.2,142361666.0
2018-09-13,WEGE3,18.74,43759266.0
2018-09-14,ABEV3,18.23,187404466.0
2018-09-14,B3SA3,21.63,213190224.0
2018-09-14,BBAS3,27.51,305753519.0
2018-09-14,BBDC3,24.29,25047362.0
2018-09-14,BBDC4,27.71,369426412.0
2018-09-14,BBSE3,23.35,62121645.0
2018-09-14,BRAP4,32.32,57075242.0
2018-09-14,BRFS3,20.49,63742729.0
2018-09-14,BRKM5,61.5,93047538.0
2018-09-14,BRML3,9.32,58716550.0
2018-09-14,BTOW3,24.0,40180958.0
2018-09-14,CCRO3,8.7,35408333.0
2018-09-14,CIEL3,14.1,107892293.0
2018-09-14,CMIG4,6.8,69086255.0
2018-09-14,CPLE6,20.35,7982367.0
2018-09-14,CSAN3,33.43,38637894.0
2018-09-14,CSNA3,8.5,53740027.0
2018-09-14,CVCB3,39.79,38451690.0
2018-09-14,CYRE3,10.31,23618262.0
2018-09-14,ECOR3,7.41,17726446.0
2018-09-14,EGIE3,36.16,18843736.0
2018-09-14,ELET3,14.71,58011566.0
2018-09-14,ELET6,17.51,61871738.0
2018-09-14,EMBR3,19.15,20819667.0
2018-09-14,ENBR3,12.8,20808023.0
2018-09-14,EQTL3,56.49,48290122.0
2018-09-14,ESTC3,21.05,53820013.0
2018-09-14,FIBR3,77.0,132389365.0
2018-09-14,FLRY3,22.64,38830140.0
2018-09-14,GGBR4,15.26,74235418.0
2018-09-14,GOAU4,7.33,54092508.0
2018-09-14,GOLL4,9.33,55502073.0
2018-09-14,HYPE3,27.75,81281648.0
2018-09-14,IGTA3,29.09,36797673.0
2018-09-14,ITSA4,9.63,128939956.0
2018-09-14,ITUB4,42.13,523293200.0
2018-09-14,JBSS3,9.13,36629665.0
2018-09-14,KLBN11,20.9,36855417.0
2018-09-14,KROT3,9.84,66100618.0
2018-09-14,LAME4,14.54,51645355.0
2018-09-14,LREN3,28.88,133631172.0
2018-09-14,MGLU3,116.0,148958561.0
2018-09-14,MRFG3,5.11,20528184.0
2018-09-14,MRVE3,12.15,47374768.0
2018-09-14,MULT3,17.93,26401160.0
2018-09-14,NATU3,28.1,22218942.0
2018-09-14,PCAR4,77.3,92923783.0
2018-09-14,PETR3,22.0,168245297.0
2018-09-14,PETR4,18.79,1045500521.0
2018-09-14,QUAL3,15.47,28779651.0
2018-09-14,RADL3,76.96,96928884.0
2018-09-14,RAIL3,13.85,38821902.0
2018-09-14,RENT3,21.15,92292234.0
2018-09-14,SANB11,34.16,35717303.0
2018-09-14,SBSP3,23.6,27707038.0
2018-09-14,SMLS3,40.65,92141105.0
2018-09-14,SUZB3,52.0,270239856.0
2018-09-14,TAEE11,19.35,22447418.0
2018-09-14,TIMP3,11.75,51979584.0
2018-09-14,UGPA3,38.23,62745004.0
2018-09-14,USIM5,7.0,101172735.0
2018-09-14,VALE3,55.2,933805050.0
2018-09-14,VIVT4,39.98,62844993.0
2018-09-14,VVAR11,15.0,164059971.0
2018-09-14,WEGE3,19.2,56241161.0
2018-09-17,ABEV3,18.36,287960557.0
2018-09-17,B3SA3,22.12,122092005.0
2018-09-17,BBAS3,28.45,400380447.0
2018-09-17,BBDC3,24.97,35624212.0
2018-09-17,BBDC4,28.5,267700879.0
2018-09-17,BBSE3,23.26,58547269.0
2018-09-17,BRAP4,32.4,30543984.0
2018-09-17,BRFS3,21.85,161231474.0
2018-09-17,BRKM5,61.5,77138347.0
2018-09-17,BRML3,9.61,41985446.0
2018-09-17,BTOW3,25.65,35757858.0
2018-09-17,CCRO3,8.8,54914275.0
2018-09-17,CIEL3,14.19,92050294.0
2018-09-17,CMIG4,6.96,50486537.0
2018-09-17,CPLE6,21.01,11604011.0
2018-09-17,CSAN3,33.32,49189899.0
2018-09-17,CSNA3,8.64,48860612.0
2018-09-17,CVCB3,41.89,39291875.0
2018-09-17,CYRE3,10.45,33632637.0
2018-09-17,ECOR3,7.5,21325183.0
2018-09-17,EGIE3,36.38,30491823.0
2018-09-17,ELET3,15.31,52031133.0
2018-09-17,ELET6,18.2,41573878.0
2018-09-17,EMBR3,19.23,21122259.0
2018-09-17,ENBR3,12.92,25371964.0
2018-09-17,EQTL3,58.34,47808181.0
2018-09-17,ESTC3,21.55,60130730.0
2018-09-17,FIBR3,76.6,162804644.0
2018-09-17,FLRY3,22.86,24318800.0
2018-09-17,GGBR4,15.63,143503444.0
2018-09-17,GOAU4,7.51,75372230.0
2018-09-17,GOLL4,10.01,88523092.0
2018-09-17,HYPE3,28.08,37209356.0
2018-09-17,IGTA3,29.62,26557885.0
2018-09-17,ITSA4,9.78,136353996.0
2018-09-17,ITUB4,43.13,439372342.0
2018-09-17,JBSS3,9.31,55607451.0
2018-09-17,KLBN11,20.59,62338114.0
2018-09-17,KROT3,9.88,77405966.0
2018-09-17,LAME4,14.87,47687590.0
2018-09-17,LREN3,30.12,72263351.0
2018-09-17,MGLU3,118.89,105811059.0
2018-09-17,MRFG3,5.22,18226372.0
2018-09-17,MRVE3,12.18,19206642.0
2018-09-17,MULT3,18.45,37729155.0
2018-09-17,NATU3,27.95,25251982.0
2018-09-17,PCAR4,78.46,66188531.0
2018-09-17,PETR3,22.47,165675354.0
2018-09-17,PETR4,19.4,1363908852.0
2018-09-17,QUAL3,16.17,42188241.0
2018-09-17,RADL3,77.47,72043512.0
2018-09-17,RAIL3,14.2,41403027.0
2018-09-17,RENT3,22.32,130166179.0
2018-09-17,SANB11,34.8,38721457.0
2018-09-17,SBSP3,24.16,20597335.0
2018-09-17,SMLS3,42.9,68780959.0
2018-09-17,SUZB3,51.4,237278449.0
2018-09-17,TAEE11,19.45,13096328.0
2018-09-17,TIMP3,11.95,30119687.0
2018-09-17,UGPA3,39.31,47771989.0
2018-09-17,USIM5,7.61,165873994.0
2018-09-17,VALE3,55.04,667499896.0
2018-09-17,VIVT4,40.35,114764422.0
2018-09-17,VVAR11,16.19,81421365.0
2018-09-17,WEGE3,19.3,41473649.0
2018-09-18,ABEV3,18.79,279031749.0
2018-09-18,B3SA3,22.2,164098357.0
2018-09-18,BBAS3,29.72,465120795.0
2018-09-18,BBDC3,25.41,65622591.0
2018-09-18,BBDC4,28.73,343499891.0
2018-09-18,BBSE3,23.28,78126599.0
2018-09-18,BRAP4,33.67,57764759.0
2018-09-18,BRFS3,22.04,125187833.0
2018-09-18,BRKM5,61.22,70071993.0
2018-09-18,BRML3,9.83,57810687.0
2018-09-18,BTOW3,26.9,74093900.0
2018-09-18,CCRO3,9.06,63316857.0
2018-09-18,CIEL3,13.86,102036595.0
2018-09-18,CMIG4,7.29,118980512.0
2018-09-18,CPLE6,21.31,13379192.0
2018-09-18,CSAN3,33.05,50755945.0
2018-09-18,CSNA3,8.93,68465474.0
2018-09-18,CVCB3,42.4,95539219.0
2018-09-18,CYRE3,10.57,28204113.0
2018-09-18,ECOR3,7.72,16106359.0
2018-09-18,EGIE3,36.35,26080190.0
2018-09-18,ELET3,15.97,57493202.0
2018-09-18,ELET6,18.98,42527297.0
2018-09-18,EMBR3,19.64,26067869.0
2018-09-18,ENBR3,13.03,27876765.0
2018-09-18,EQTL3,60.03,63299249.0
2018-09-18,ESTC3,22.32,68114630.0
2018-09-18,FIBR3,76.07,151421479.0
2018-09-18,FLRY3,23.33,62400992.0
2018-09-18,GGBR4,16.67,213595392.0
2018-09-18,GOAU4,7.89,80104229.0
2018-09-18,GOLL4,10.31,60001649.0
2018-09-18,HYPE3,28.07,41065747.0
2018-09-18,IGTA3,29.72,30203793.0
2018-09-18,ITSA4,9.91,260459766.0
2018-09-18,ITUB4,43.09,639358329.0
2018-09-18,JBSS3,9.77,60699318.0
2018-09-18,KLBN11,20.65,53824027.0
2018-09-18,KROT3,10.36,102513622.0
2018-09-18,LAME4,15.38,64634607.0
2018-09-18,LREN3,30.9,118906913.0
2018-09-18,MGLU3,124.43,190844930.0
2018-09-18,MRFG3,5.24,15598892.0
2018-09-18,MRVE3,12.38,23952125.0
2018-09-18,MULT3,18.58,76679027.0
2018-09-18,NATU3,28.39,40184941.0
2018-09-18,PCAR4,80.08,76965569.0
2018-09-18,PETR3,23.28,209698062.0
2018-09-18,PETR4,20.25,1455313595.0
2018-09-18,QUAL3,16.2,45724666.0
2018-09-18,RADL3,77.71,34690829.0
2018-09-18,RAIL3,14.55,115915463.0
2018-09-18,RENT3,23.0,116486941.0
2018-09-18,SANB11,35.66,79128310.0
2018-09-18,SBSP3,24.56,41067265.0
2018-09-18,SMLS3,43.81,90095766.0
2018-09-18,SUZB3,49.22,302419925.0
2018-09-18,TAEE11,19.33,37047450.0
2018-09-18,TIMP3,11.77,49099628.0
2018-09-18,UGPA3,39.16,60030733.0
2018-09-18,USIM5,8.0,223712080.0
2018-09-18,VALE3,57.34,1166958282.0
2018-09-18,VIVT4,38.75,73412197.0
2018-09-18,VVAR11,16.98,121855603.0
2018-09-18,WEGE3,19.15,43552106.0
2018-09-19,ABEV3,18.79,244133610.0
2018-09-19,B3SA3,22.34,115544607.0
2018-09-19,BBAS3,29.42,351884312.0
2018-09-19,BBDC3,25.41,49060567.0
2018-09-19,BBDC4,28.86,377888977.0
2018-09-19,BBSE3,22.94,98685771.0
2018-09-19,BRAP4,34.35,41826541.0
2018-09-19,BRFS3,21.76,55245579.0
2018-09-19,BRKM5,60.12,61153291.0
2018-09-19,BRML3,9.65,75360147.0
2018-09-19,BTOW3,27.5,110034798.0
2018-09-19,CCRO3,8.75,42497471.0
2018-09-19,CIEL3,13.41,94150667.0
2018-09-19,CMIG4,7.15,71402562.0
2018-09-19,CPLE6,21.34,19764507.0
2018-09-19,CSAN3,33.2,41439535.0
2018-09-19,CSNA3,8.94,76451239.0
2018-09-19,CVCB3,41.41,56507755.0
2018-09-19,CYRE3,10.57,32240349.0
2018-09-19,ECOR3,7.45,20107621.0
2018-09-19,EGIE3,35.94,33375016.0
2018-09-19,ELET3,15.22,44614852.0
2018-09-19,ELET6,18.12,38206121.0
2018-09-19,EMBR3,19.57,23901189.0
2018-09-19,ENBR3,12.65,44834549.0
2018-09-19,EQTL3,58.95,55919667.0
2018-09-19,ESTC3,22.54,61155327.0
2018-09-19,FIBR3,75.41,148712195.0
2018-09-19,FLRY3,22.61,47634122.0
2018-09-19,GGBR4,16.78,234347418.0
2018-09-19,GOAU4,7.84,87328818.0
2018-09-19,GOLL4,10.5,67404716.0
2018-09-19,HYPE3,27.64,48343471.0
2018-09-19,IGTA3,29.68,30888152.0
2018-09-19,ITSA4,9.9,294810262.0
2018-09-19,ITUB4,43.39,525538437.0
2018-09-19,JBSS3,9.57,37311280.0
2018-09-19,KLBN11,20.25,47382520.0
2018-09-19,KROT3,10.8,109394992.0
2018-09-19,LAME4,15.27,62573530.0
2018-09-19,LREN3,29.8,163937825.0
2018-09-19,MGLU3,119.01,198204082.0
2018-09-19,MRFG3,5.15,11573840.0
2018-09-19,MRVE3,12.65,38645489.0
2018-09-19,MULT3,18.54,32501338.0
2018-09-19,NATU3,27.39,41509133.0
2018-09-19,PCAR4,80.99,125684003.0
2018-09-19,PETR3,23.15,170438063.0
2018-09-19,PETR4,19.98,1223166198.0
2018-09-19,QUAL3,16.15,62049575.0
2018-09-19,RADL3,77.0,52844737.0
2018-09-19,RAIL3,14.45,45304917.0
2018-09-19,RENT3,22.78,73377235.0
2018-09-19,SANB11,35.27,44658554.0
2018-09-19,SBSP3,23.91,14726895.0
2018-09-19,SMLS3,42.5,53976247.0
2018-09-19,SUZB3,48.39,278590471.0
2018-09-19,TAEE11,19.4,30965327.0
2018-09-19,TIMP3,11.57,48948049.0
2018-09-19,UGPA3,39.0,76100498.0
2018-09-19,USIM5,8.35,318555201.0
2018-09-19,VALE3,58.58,728076247.0
2018-09-19,VIVT4,38.2,53745186.0
2018-09-19,VVAR11,15.76,83230790.0
2018-09-19,WEGE3,18.99,32165207.0
2018-09-20,ABEV3,18.75,133958924.0
2018-09-20,B3SA3,22.67,192777560.0
2018-09-20,BBAS3,29.5,190058885.0
2018-09-20,BBDC3,25.34,25570540.0
2018-09-20,BBDC4,28.8,281636549.0
2018-09-20,BBSE3,23.27,152158938.0
2018-09-20,BRAP4,34.99,36670692.0
2018-09-20,BRFS3,21.6,71303797.0
2018-09-20,BRKM5,59.88,51976017.0
2018-09-20,BRML3,9.66,29069642.0
2018-09-20,BTOW3,27.98,93329354.0
2018-09-20,CCRO3,8.53,41915712.0
2018-09-20,CIEL3,12.68,132421211.0
2018-09-20,CMIG4,7.17,40990879.0
2018-09-20,CPLE6,21.81,33950113.0
2018-09-20,CSAN3,33.12,24953274.0
2018-09-20,CSNA3,8.83,40528657.0
2018-09-20,CVCB3,41.2,19097986.0
2018-09-20,CYRE3,10.58,21852072.0
2018-09-20,ECOR3,7.29,38602352.0
2018-09-20,EGIE3,35.81,18757006.0
2018-09-20,ELET3,15.38,23681724.0
2018-09-20,ELET6,18.15,16674785.0
2018-09-20,EMBR3,19.1,23744485.0
2018-09-20,ENBR3,12.51,47004891.0
2018-09-20,EQTL3,59.96,68309608.0
2018-09-20,ESTC3,22.82,59904311.0
2018-09-20,FIBR3,75.0,87023081.0
2018-09-20,FLRY3,23.25,28216014.0
2018-09-20,GGBR4,16.8,123565860.0
2018-09-20,GOAU4,7.82,105118775.0
2018-09-20,GOLL4,11.09,90284090.0
2018-09-20,HYPE3,28.3,60490309.0
2018-09-20,IGTA3,29.59,28632935.0
2018-09-20,ITSA4,9.76,196467633.0
2018-09-20,ITUB4,43.11,375672717.0
2018-09-20,JBSS3,9.26,79910855.0
2018-09-20,KLBN11,20.06,43125627.0
2018-09-20,KROT3,10.82,76343149.0
2018-09-20,LAME4,14.89,36236276.0
2018-09-20,LREN3,29.75,65294311.0
2018-09-20,MGLU3,118.49,141921465.0
2018-09-20,MRFG3,5.1,12494983.0
2018-09-20,MRVE3,12.13,39801010.0
2018-09-20,MULT3,18.48,27065071.0
2018-09-20,NATU3,27.19,23707420.0
2018-09-20,PCAR4,84.69,190034358.0
2018-09-20,PETR3,22.99,110605940.0
2018-09-20,PETR4,19.87,1123602944.0
2018-09-20,QUAL3,16.45,26490916.0
2018-09-20,RADL3,77.03,33493163.0
2018-09-20,RAIL3,14.6,46164671.0
2018-09-20,RENT3,22.7,52494543.0
2018-09-20,SANB11,35.4,48218482.0
2018-09-20,SBSP3,23.78,28920043.0
2018-09-20,SMLS3,43.92,53319034.0
2018-09-20,SUZB3,47.88,223438282.0
2018-09-20,TAEE11,19.6,34379975.0
2018-09-20,TIMP3,11.8,62423562.0
2018-09-20,UGPA3,37.87,88993814.0
2018-09-20,USIM5,8.05,206979151.0
2018-09-20,VALE3,59.32,665113673.0
2018-09-20,VIVT4,38.95,50333095.0
2018-09-20,VVAR11,16.23,66497863.0
2018-09-20,WEGE3,19.09,34453386.0
2018-09-21,ABEV3,18.85,376797803.0
2018-09-21,B3SA3,23.1,384232868.0
2018-09-21,BBAS3,30.58,491415920.0
2018-09-21,BBDC3,25.86,78966448.0
2018-09-21,BBDC4,29.26,529725986.0
2018-09-21,BBSE3,23.9,104099320.0
2018-09-21,BRAP4,36.38,50658397.0
2018-09-21,BRFS3,21.93,100264764.0
2018-09-21,BRKM5,59.95,89662042.0
2018-09-21,BRML3,9.88,57286731.0
2018-09-21,BTOW3,28.9,69683937.0
2018-09-21,CCRO3,8.43,93287030.0
2018-09-21,CIEL3,12.87,142509537.0
2018-09-21,CMIG4,7.4,91632594.0
2018-09-21,CPLE6,22.2,19014105.0
2018-09-21,CSAN3,33.06,57371663.0
2018-09-21,CSNA3,9.1,69328963.0
2018-09-21,CVCB3,43.13,36986484.0
2018-09-21,CYRE3,10.62,63697159.0
2018-09-21,ECOR3,7.29,29506820.0
2018-09-21,EGIE3,36.0,43438303.0
2018-09-21,ELET3,15.85,43684454.0
2018-09-21,ELET6,18.81,37148176.0
2018-09-21,EMBR3,19.1,56089100.0
2018-09-21,ENBR3,12.89,41407038.0
2018-09-21,EQTL3,60.2,138397352.0
2018-09-21,ESTC3,23.73,101269519.0
2018-09-21,FIBR3,74.9,126814876.0
2018-09-21,FLRY3,23.27,33726205.0
2018-09-21,GGBR4,17.0,195200079.0
2018-09-21,GOAU4,7.93,69539182.0
2018-09-21,GOLL4,11.41,74058372.0
2018-09-21,HYPE3,28.96,77829463.0
2018-09-21,IGTA3,29.75,23694629.0
2018-09-21,ITSA4,9.87,367227788.0
2018-09-21,ITUB4,43.84,741773946.0
2018-09-21,JBSS3,9.3,65110549.0
2018-09-21,KLBN11,19.97,60221187.0
2018-09-21,KROT3,10.87,120474672.0
2018-09-21,LAME4,15.75,88120618.0
2018-09-21,LREN3,31.2,301404742.0
2018-09-21,MGLU3,124.0,231847616.0
2018-09-21,MRFG3,5.26,17486308.0
2018-09-21,MRVE3,12.29,88412293.0
2018-09-21,MULT3,18.91,60679899.0
2018-09-21,NATU3,27.84,33328685.0
2018-09-21,PCAR4,86.0,218864461.0
2018-09-21,PETR3,23.27,323264299.0
2018-09-21,PETR4,20.14,1178781667.0
2018-09-21,QUAL3,16.8,33899313.0
2018-09-21,RADL3,77.7,102724191.0
2018-09-21,RAIL3,14.92,134088677.0
2018-09-21,RENT3,23.58,100416723.0
2018-09-21,SANB11,36.7,94259630.0
2018-09-21,SBSP3,24.59,78513438.0
2018-09-21,SMLS3,45.66,66829558.0
2018-09-21,SUZB3,47.05,230646198.0
2018-09-21,TAEE11,19.92,37010074.0
2018-09-21,TIMP3,11.82,61528345.0
2018-09-21,UGPA3,36.8,235930051.0
2018-09-21,USIM5,8.48,206933978.0
2018-09-21,VALE3,61.01,1397105561.0
2018-09-21,VIVT4,38.91,110406229.0
2018-09-21,VVAR11,16.35,43464469.0
2018-09-21,WEGE3,19.45,67350191.0
2018-09-24,ABEV3,18.39,238583094.0
2018-09-24,B3SA3,22.78,226033422.0
2018-09-24,BBAS3,29.73,392075341.0
2018-09-24,BBDC3,25.0,21870766.0
2018-09-24,BBDC4,28.48,272153286.0
2018-09-24,BBSE3,23.72,60928539.0
2018-09-24,BRAP4,35.64,36885787.0
2018-09-24,BRFS3,21.28,59044839.0
2018-09-24,BRKM5,58.63,57596075.0
2018-09-24,BRML3,9.5,38504857.0
2018-09-24,BTOW3,27.6,54880129.0
2018-09-24,CCRO3,8.35,66565670.0
2018-09-24,CIEL3,12.65,44424044.0
2018-09-24,CMIG4,7.18,63900196.0
2018-09-24,CPLE6,21.5,14456717.0
2018-09-24,CSAN3,32.85,29957181.0
2018-09-24,CSNA3,8.79,50249414.0
2018-09-24,CVCB3,42.28,49841601.0
2018-09-24,CYRE3,10.58,16920453.0
2018-09-24,ECOR3,7.13,25162237.0
2018-09-24,EGIE3,35.7,23299648.0
2018-09-24,ELET3,15.39,48621967.0
2018-09-24,ELET6,18.31,33653149.0
2018-09-24,EMBR3,19.02,27925706.0
2018-09-24,ENBR3,12.77,22161510.0
2018-09-24,EQTL3,59.83,56542846.0
2018-09-24,ESTC3,23.02,40099829.0
2018-09-24,FIBR3,74.9,86246836.0
2018-09-24,FLRY3,22.41,21949882.0
2018-09-24,GGBR4,16.56,95379680.0
2018-09-24,GOAU4,7.75,72662940.0
2018-09-24,GOLL4,10.68,73712420.0
2018-09-24,HYPE3,28.3,24511385.0
2018-09-24,IGTA3,29.05,17633459.0
2018-09-24,ITSA4,9.59,137909001.0
2018-09-24,ITUB4,42.75,310008919.0
2018-09-24,JBSS3,9.15,37123935.0
2018-09-24,KLBN11,19.86,34660321.0
2018-09-24,KROT3,10.43,44568806.0
2018-09-24,LAME4,15.23,44438221.0
2018-09-24,LREN3,30.9,105832404.0
2018-09-24,MGLU3,121.39,137369861.0
2018-09-24,MRFG3,5.15,20795836.0
2018-09-24,MRVE3,12.1,13911445.0
2018-09-24,MULT3,18.48,29873090.0
2018-09-24,NATU3,27.35,26573065.0
2018-09-24,PCAR4,85.14,91146508.0
2018-09-24,PETR3,23.15,132847997.0
2018-09-24,PETR4,20.0,1095080375.0
2018-09-24,QUAL3,16.5,27391245.0
2018-09-24,RADL3,74.34,43492790.0
2018-09-24,RAIL3,14.6,98948863.0
2018-09-24,RENT3,22.79,65826704.0
2018-09-24,SANB11,35.55,46986171.0
2018-09-24,SBSP3,24.0,19876663.0
2018-09-24,SMLS3,45.5,45443241.0
2018-09-24,SUZB3,46.96,143651713.0
2018-09-24,TAEE11,19.59,22754489.0
2018-09-24,TIMP3,11.68,26672560.0
2018-09-24,UGPA3,37.0,79118960.0
2018-09-24,USIM5,8.29,148097183.0
2018-09-24,VALE3,60.2,545346542.0
2018-09-24,VIVT4,38.2,52871683.0
2018-09-24,VVAR11,16.25,23833558.0
2018-09-24,WEGE3,19.29,31715511.0
2018-09-25,ABEV3,18.4,210408414.0
2018-09-25,B3SA3,22.48,233691893.0
2018-09-25,BBAS3,29.55,343501849.0
2018-09-25,BBDC3,25.28,48736617.0
2018-09-25,BBDC4,28.5,548556110.0
2018-09-25,BBSE3,24.18,54100118.0
2018-09-25,BRAP4,38.32,81671105.0
2018-09-25,BRFS3,21.11,104728526.0
2018-09-25,BRKM5,61.01,86314893.0
2018-09-25,BRML3,9.45,39289737.0
2018-09-25,BTOW3,27.41,57845166.0
2018-09-25,CCRO3,8.37,62860804.0
2018-09-25,CIEL3,12.54,146773861.0
2018-09-25,CMIG4,7.15,82698969.0
2018-09-25,CPLE6,21.5,16727170.0
2018-09-25,CSAN3,32.9,29408871.0
2018-09-25,CSNA3,9.29,70330186.0
2018-09-25,CVCB3,41.18,52112723.0
2018-09-25,CYRE3,10.31,21123041.0
2018-09-25,ECOR3,7.13,18529796.0
2018-09-25,EGIE3,35.58,20384609.0
2018-09-25,ELET3,15.23,37002511.0
2018-09-25,ELET6,18.3,31337510.0
2018-09-25,EMBR3,19.24,32860824.0
2018-09-25,ENBR3,12.64,40620858.0
2018-09-25,EQTL3,58.41,70537955.0
2018-09-25,ESTC3,23.61,66962555.0
2018-09-25,FIBR3,75.31,128887001.0
2018-09-25,FLRY3,22.15,45190427.0
2018-09-25,GGBR4,17.46,205418927.0
2018-09-25,GOAU4,8.08,110437831.0
2018-09-25,GOLL4,10.75,82974748.0
2018-09-25,HYPE3,28.38,61065072.0
2018-09-25,IGTA3,28.94,24451227.0
2018-09-25,ITSA4,9.67,224055426.0
2018-09-25,ITUB4,42.85,583355424.0
2018-09-25,JBSS3,9.32,86232157.0
2018-09-25,KLBN11,19.9,51045510.0
2018-09-25,KROT3,10.85,67799644.0
2018-09-25,LAME4,15.18,62896610.0
2018-09-25,LREN3,30.7,96020681.0
2018-09-25,MGLU3,123.14,121403750.0
2018-09-25,MRFG3,5.13,8572947.0
2018-09-25,MRVE3,11.8,62363811.0
2018-09-25,MULT3,18.29,35764335.0
2018-09-25,NATU3,27.8,78795380.0
2018-09-25,PCAR4,85.17,162648841.0
2018-09-25,PETR3,23.27,160086268.0
2018-09-25,PETR4,20.08,1084487200.0
2018-09-25,QUAL3,16.53,31894761.0
2018-09-25,RADL3,73.44,162995169.0
2018-09-25,RAIL3,14.93,68033673.0
2018-09-25,RENT3,22.48,178828066.0
2018-09-25,SANB11,35.58,36042254.0
2018-09-25,SBSP3,24.21,18892076.0
2018-09-25,SMLS3,45.8,50838676.0
2018-09-25,SUZB3,48.0,262812125.0
2018-09-25,TAEE11,19.4,18020607.0
2018-09-25,TIMP3,11.67,67137565.0
2018-09-25,UGPA3,36.7,47950682.0
2018-09-25,USIM5,8.4,137843190.0
2018-09-25,VALE3,62.2,1035538070.0
2018-09-25,VIVT4,38.04,46781182.0
2018-09-25,VVAR11,16.49,36381304.0
2018-09-25,WEGE3,19.51,33937693.0
2018-09-26,ABEV3,18.7,205083472.0
2018-09-26,B3SA3,22.6,147356085.0
2018-09-26,BBAS3,29.45,380243679.0
2018-09-26,BBDC3,25.66,51529612.0
2018-09-26,BBDC4,28.57,433085055.0
2018-09-26,BBSE3,24.34,63028628.0
2018-09-26,BRAP4,37.9,274097428.0
2018-09-26,BRFS3,22.21,130600639.0
2018-09-26,BRKM5,60.15,60691256.0
2018-09-26,BRML3,9.58,36118872.0
2018-09-26,BTOW3,27.85,47271581.0
2018-09-26,CCRO3,7.88,195556102.0
2018-09-26,CIEL3,12.59,76974042.0
2018-09-26,CMIG4,7.16,57191327.0
2018-09-26,CPLE6,20.91,13457780.0
2018-09-26,CSAN3,32.98,29588622.0
2018-09-26,CSNA3,9.3,74807287.0
2018-09-26,CVCB3,40.96,58016693.0
2018-09-26,CYRE3,10.61,22665080.0
2018-09-26,ECOR3,6.96,37249239.0
2018-09-26,EGIE3,35.72,26271086.0
2018-09-26,ELET3,15.15,32158842.0
2018-09-26,ELET6,18.29,46104488.0
2018-09-26,EMBR3,19.55,67274344.0
2018-09-26,ENBR3,12.66,32971446.0
2018-09-26,EQTL3,57.85,75707406.0
2018-09-26,ESTC3,24.69,81877961.0
2018-09-26,FIBR3,75.58,107598601.0
2018-09-26,FLRY3,21.94,49592217.0
2018-09-26,GGBR4,17.11,232526707.0
2018-09-26,GOAU4,8.05,73318715.0
2018-09-26,GOLL4,10.9,64563251.0
2018-09-26,HYPE3,28.2,45127743.0
2018-09-26,IGTA3,29.2,43320197.0
2018-09-26,ITSA4,9.76,196283145.0
2018-09-26,ITUB4,43.32,529756742.0
2018-09-26,JBSS3,9.51,86344081.0
2018-09-26,KLBN11,20.15,118741442.0
2018-09-26,KROT3,11.25,74899678.0
2018-09-26,LAME4,15.26,68831405.0
2018-09-26,LREN3,30.47,99353391.0
2018-09-26,MGLU3,122.15,153944765.0
2018-09-26,MRFG3,5.22,9677737.0
2018-09-26,MRVE3,12.01,30305794.0
2018-09-26,MULT3,18.28,50260776.0
2018-09-26,NATU3,28.55,39125910.0
2018-09-26,PCAR4,85.56,86195247.0
2018-09-26,PETR3,23.36,173456716.0
2018-09-26,PETR4,20.19,1210582731.0
2018-09-26,QUAL3,16.3,37990345.0
2018-09-26,RADL3,72.7,61687906.0
2018-09-26,RAIL3,14.74,47878043.0
2018-09-26,RENT3,22.63,83490250.0
2018-09-26,SANB11,35.68,44422693.0
2018-09-26,SBSP3,23.82,27703651.0
2018-09-26,SMLS3,46.4,35486878.0
2018-09-26,SUZB3,47.96,220334195.0
2018-09-26,TAEE11,19.8,38101117.0
2018-09-26,TIMP3,11.63,40588702.0
2018-09-26,UGPA3,38.41,128457944.0
2018-09-26,USIM5,8.41,99429717.0
2018-09-26,VALE3,60.01,1494423124.0
2018-09-26,VIVT4,38.96,61785722.0
2018-09-26,VVAR11,16.31,27513401.0
2018-09-26,WEGE3,19.68,46892818.0
2018-09-27,ABEV3,18.48,479294463.0
2018-09-27,B3SA3,23.37,329794318.0
2018-09-27,BBAS3,30.29,264100977.0
2018-09-27,BBDC3,26.24,44881684.0
2018-09-27,BBDC4,29.22,386844863.0
2018-09-27,BBSE3,24.57,61804304.0
2018-09-27,BRAP4,36.91,152146116.0
2018-09-27,BRFS3,22.14,97922604.0
2018-09-27,BRKM5,60.29,80344190.0
2018-09-27,BRML3,9.82,42275627.0
2018-09-27,BTOW3,28.2,79074936.0
2018-09-27,CCRO3,8.1,138328890.0
2018-09-27,CIEL3,12.6,199192064.0
2018-09-27,CMIG4,7.17,67123941.0
2018-09-27,CPLE6,21.21,14127018.0
2018-09-27,CSAN3,32.42,36969671.0
2018-09-27,CSNA3,9.25,66388364.0
2018-09-27,CVCB3,43.13,40579012.0
2018-09-27,CYRE3,11.15,27338839.0
2018-09-27,ECOR3,7.05,14023666.0
2018-09-27,EGIE3,35.39,57163096.0
2018-09-27,ELET3,15.76,59194783.0
2018-09-27,ELET6,18.86,48507332.0
2018-09-27,EMBR3,19.89,41006077.0
2018-09-27,ENBR3,12.94,26976253.0
2018-09-27,EQTL3,58.4,62759556.0
2018-09-27,ESTC3,24.76,118762423.0
2018-09-27,FIBR3,74.88,116020133.0
2018-09-27,FLRY3,22.14,38145985.0
2018-09-27,GGBR4,17.17,149026707.0
2018-09-27,GOAU4,8.0,49382907.0
2018-09-27,GOLL4,11.6,79100464.0
2018-09-27,HYPE3,28.99,49393941.0
2018-09-27,IGTA3,30.23,25264552.0
2018-09-27,ITSA4,10.05,428565560.0
2018-09-27,ITUB4,44.51,637941971.0
2018-09-27,JBSS3,9.56,39238032.0
2018-09-27,KLBN11,19.97,60636373.0
2018-09-27,KROT3,11.71,84061702.0
2018-09-27,LAME4,15.9,87190682.0
2018-09-27,LREN3,31.35,107840772.0
2018-09-27,MGLU3,124.17,141231605.0
2018-09-27,MRFG3,5.39,35469785.0
2018-09-27,MRVE3,12.48,18255367.0
2018-09-27,MULT3,18.66,43805941.0
2018-09-27,NATU3,28.35,30431145.0
2018-09-27,PCAR4,86.42,61692999.0
2018-09-27,PETR3,24.5,383855591.0
2018-09-27,PETR4,21.46,2192768791.0
2018-09-27,QUAL3,16.48,36299044.0
2018-09-27,RADL3,74.2,64845778.0
2018-09-27,RAIL3,14.97,46255408.0
2018-09-27,RENT3,23.06,64646546.0
2018-09-27,SANB11,36.21,50099779.0
2018-09-27,SBSP3,24.3,36606664.0
2018-09-27,SMLS3,46.5,39625282.0
2018-09-27,SUZB3,47.4,273079067.0
2018-09-27,TAEE11,19.82,23263667.0
2018-09-27,TIMP3,11.95,65268251.0
2018-09-27,UGPA3,38.45,78087713.0
2018-09-27,USIM5,8.43,81150100.0
2018-09-27,VALE3,59.48,1224763718.0
2018-09-27,VIVT4,40.1,79804412.0
2018-09-27,VVAR11,16.48,42365291.0
2018-09-27,WEGE3,19.9,42590963.0
2018-09-28,ABEV3,18.34,165995926.0
2018-09-28,B3SA3,23.4,203077024.0
2018-09-28,BBAS3,29.45,379007520.0
2018-09-28,BBDC3,25.75,28689639.0
2018-09-28,BBDC4,28.67,278676274.0
2018-09-28,BBSE3,24.1,69040229.0
2018-09-28,BRAP4,37.07,39596560.0
2018-09-28,BRFS3,21.97,117829916.0
2018-09-28,BRKM5,58.44,136676896.0
2018-09-28,BRML3,9.62,32938209.0
2018-09-28,BTOW3,27.7,48928716.0
2018-09-28,CCRO3,8.46,116404274.0
2018-09-28,CIEL3,12.25,209397955.0
2018-09-28,CMIG4,7.16,64804647.0
2018-09-28,CPLE6,21.41,12932254.0
2018-09-28,CSAN3,32.41,25997769.0
2018-09-28,CSNA3,9.34,83025161.0
2018-09-28,CVCB3,43.31,37972514.0
2018-09-28,CYRE3,10.74,22546680.0
2018-09-28,ECOR3,7.16,21636411.0
2018-09-28,EGIE3,35.48,26103086.0
2018-09-28,ELET3,15.51,35971262.0
2018-09-28,ELET6,18.62,34743085.0
2018-09-28,EMBR3,19.83,36503860.0
2018-09-28,ENBR3,12.79,62563159.0
2018-09-28,EQTL3,57.46,55997653.0
2018-09-28,ESTC3,24.99,96289007.0
2018-09-28,FIBR3,75.52,121665970.0
2018-09-28,FLRY3,21.3,35795793.0
2018-09-28,GGBR4,17.19,174290458.0
2018-09-28,GOAU4,7.98,129009866.0
2018-09-28,GOLL4,11.05,70335698.0
2018-09-28,HYPE3,28.52,97514868.0
2018-09-28,IGTA3,31.05,65015586.0
2018-09-28,ITSA4,10.1,350348168.0
2018-09-28,ITUB4,44.13,419081138.0
2018-09-28,JBSS3,9.38,60169282.0
2018-09-28,KLBN11,19.89,51545205.0
2018-09-28,KROT3,11.4,61685768.0
2018-09-28,LAME4,15.87,127612471.0
2018-09-28,LREN3,31.0,148324675.0
2018-09-28,MGLU3,122.49,133616822.0
2018-09-28,MRFG3,5.3,7522910.0
2018-09-28,MRVE3,12.29,76418127.0
2018-09-28,MULT3,18.71,26924714.0
2018-09-28,NATU3,28.38,36205189.0
2018-09-28,PCAR4,87.51,118466879.0
2018-09-28,PETR3,24.23,268677562.0
2018-09-28,PETR4,21.09,1960177848.0
2018-09-28,QUAL3,16.48,22553816.0
2018-09-28,RADL3,72.43,38822077.0
2018-09-28,RAIL3,14.98,53756467.0
2018-09-28,RENT3,22.75,46275691.0
2018-09-28,SANB11,35.71,35746996.0
2018-09-28,SBSP3,23.59,30483407.0
2018-09-28,SMLS3,46.0,46703363.0
2018-09-28,SUZB3,48.08,194212775.0
2018-09-28,TAEE11,20.0,33884765.0
2018-09-28,TIMP3,11.73,63180414.0
2018-09-28,UGPA3,37.33,62992182.0
2018-09-28,USIM5,8.32,86986154.0
2018-09-28,VALE3,59.82,881140541.0
2018-09-28,VIVT4,39.2,58970046.0
2018-09-28,VVAR11,14.92,133871140.0
2018-09-28,WEGE3,19.75,39812306.0
2018-10-01,ABEV3,18.43,115199273.0
2018-10-01,B3SA3,22.95,188625944.0
2018-10-01,BBAS3,28.21,448201668.0
2018-10-01,BBDC3,25.54,34591985.0
2018-10-01,BBDC4,28.35,217067818.0
2018-10-01,BBSE3,23.87,39873119.0
2018-10-01,BRAP4,37.66,54165116.0
2018-10-01,BRFS3,21.87,54357230.0
2018-10-01,BRKM5,56.8,57986821.0
2018-10-01,BRML3,9.61,26292595.0
2018-10-01,BTOW3,27.62,39577349.0
2018-10-01,CCRO3,8.52,66135207.0
2018-10-01,CIEL3,12.15,59903929.0
2018-10-01,CMIG4,7.01,42343351.0
2018-10-01,CPLE6,21.07,10565284.0
2018-10-01,CSAN3,31.75,25744777.0
2018-10-01,CSNA3,9.31,46623517.0
2018-10-01,CVCB3,42.84,33844044.0
2018-10-01,CYRE3,10.53,18262672.0
2018-10-01,ECOR3,7.11,10972014.0
2018-10-01,EGIE3,35.32,12707493.0
2018-10-01,ELET3,14.85,46649411.0
2018-10-01,ELET6,17.78,39602170.0
2018-10-01,EMBR3,19.23,33744771.0
2018-10-01,ENBR3,12.64,14660073.0
2018-10-01,EQTL3,56.99,45772097.0
2018-10-01,ESTC3,24.44,33805821.0
2018-10-01,FIBR3,75.77,65770994.0
2018-10-01,FLRY3,21.05,58293914.0
2018-10-01,GGBR4,16.68,163694756.0
2018-10-01,GOAU4,7.8,54687225.0
2018-10-01,GOLL4,10.61,61190633.0
2018-10-01,HYPE3,28.25,15191383.0
2018-10-01,IGTA3,30.87,41760488.0
2018-10-01,ITSA4,9.99,136572959.0
2018-10-01,ITUB4,43.62,362680082.0
2018-10-01,JBSS3,9.29,32897848.0
2018-10-01,KLBN11,19.65,28178393.0
2018-10-01,KROT3,11.3,37075127.0
2018-10-01,LAME4,15.5,44518584.0
2018-10-01,LREN3,31.04,62596837.0
2018-10-01,MGLU3,122.63,82180030.0
2018-10-01,MRFG3,5.2,10339344.0
2018-10-01,MRVE3,12.1,19679866.0
2018-10-01,MULT3,18.38,39236607.0
2018-10-01,NATU3,27.54,55200283.0
2018-10-01,PCAR4,84.75,105478388.0
2018-10-01,PETR3,24.18,135862065.0
2018-10-01,PETR4,21.0,1189909873.0
2018-10-01,QUAL3,11.64,471092164.0
2018-10-01,RADL3,71.3,181717660.0
2018-10-01,RAIL3,14.85,67313056.0
2018-10-01,RENT3,21.86,116760599.0
2018-10-01,SANB11,35.06,29994301.0
2018-10-01,SBSP3,23.33,13949448.0
2018-10-01,SMLS3,45.54,24804443.0
2018-10-01,SUZB3,48.0,97493274.0
2018-10-01,TAEE11,19.73,16348824.0
2018-10-01,TIMP3,11.6,27254707.0
2018-10-01,UGPA3,37.3,45301482.0
2018-10-01,USIM5,8.02,120040027.0
2018-10-01,VALE3,60.4,537123678.0
2018-10-01,VIVT4,38.8,37576014.0
2018-10-01,VVAR11,12.7,197888260.0
2018-10-01,WEGE3,19.49,32510627.0
2018-10-02,ABEV3,18.25,487793956.0
2018-10-02,B3SA3,23.9,309530431.0
2018-10-02,BBAS3,31.43,997936665.0
2018-10-02,BBDC3,27.3,80120483.0
2018-10-02,BBDC4,30.0,650315659.0
2018-10-02,BBSE3,24.9,97322018.0
2018-10-02,BRAP4,37.72,99464545.0
2018-10-02,BRFS3,22.2,137891595.0
2018-10-02,BRKM5,56.8,95288991.0
2018-10-02,BRML3,10.03,84978093.0
2018-10-02,BTOW3,29.6,78607986.0
2018-10-02,CCRO3,9.19,172890339.0
2018-10-02,CIEL3,12.8,82347753.0
2018-10-02,CMIG4,7.52,126137606.0
2018-10-02,CPLE6,22.51,34536952.0
2018-10-02,CSAN3,32.6,68256600.0
2018-10-02,CSNA3,9.68,95629583.0
2018-10-02,CVCB3,45.9,60538845.0
2018-10-02,CYRE3,11.01,41286079.0
2018-10-02,ECOR3,7.41,22753336.0
2018-10-02,EGIE3,36.02,35968192.0
2018-10-02,ELET3,16.55,87477885.0
2018-10-02,ELET6,19.55,64822347.0
2018-10-02,EMBR3,19.87,62418796.0
2018-10-02,ENBR3,13.16,34248965.0
2018-10-02,EQTL3,59.3,104857969.0
2018-10-02,ESTC3,25.4,79929459.0
2018-10-02,FIBR3,74.31,143755971.0
2018-10-02,FLRY3,21.83,47386626.0
2018-10-02,GGBR4,16.81,269522790.0
2018-10-02,GOAU4,7.97,68818538.0
2018-10-02,GOLL4,11.49,86087809.0
2018-10-02,HYPE3,28.87,50920234.0
2018-10-02,IGTA3,32.61,64939029.0
2018-10-02,ITSA4,10.4,283670562.0
2018-10-02,ITUB4,45.3,955045613.0
2018-10-02,JBSS3,9.31,71485046.0
2018-10-02,KLBN11,19.9,66814639.0
2018-10-02,KROT3,11.68,93253712.0
2018-10-02,LAME4,15.98,75889489.0
2018-10-02,LREN3,33.05,212180887.0
2018-10-02,MGLU3,130.4,223351228.0
2018-10-02,MRFG3,5.28,25267085.0
2018-10-02,MRVE3,12.97,42644150.0
2018-10-02,MULT3,19.3,43977203.0
2018-10-02,NATU3,27.77,45239325.0
2018-10-02,PCAR4,86.59,120682158.0
2018-10-02,PETR3,25.81,654156184.0
2018-10-02,PETR4,22.82,2849681925.0
2018-10-02,QUAL3,12.91,244053975.0
2018-10-02,RADL3,72.51,54768615.0
2018-10-02,RAIL3,14.85,170651478.0
2018-10-02,RENT3,22.9,356926569.0
2018-10-02,SANB11,37.67,83218087.0
2018-10-02,SBSP3,25.14,89816138.0
2018-10-02,SMLS3,47.5,52958916.0
2018-10-02,SUZB3,46.2,281963257.0
2018-10-02,TAEE11,20.4,80325705.0
2018-10-02,TIMP3,11.75,72844857.0
2018-10-02,UGPA3,39.15,99783947.0
2018-10-02,USIM5,8.5,139304259.0
2018-10-02,VALE3,61.2,1256758449.0
2018-10-02,VIVT4,39.78,67435786.0
2018-10-02,VVAR11,13.26,110060363.0
2018-10-02,WEGE3,19.74,46724876.0
2018-10-03,ABEV3,18.13,390377913.0
2018-10-03,B3SA3,24.27,315174357.0
2018-10-03,BBAS3,34.28,1212926779.0
2018-10-03,BBDC3,28.62,138961173.0
2018-10-03,BBDC4,31.3,1168742962.0
2018-10-03,BBSE3,25.68,136715062.0
2018-10-03,BRAP4,36.69,85738205.0
2018-10-03,BRFS3,22.4,113226135.0
2018-10-03,BRKM5,56.36,94136897.0
2018-10-03,BRML3,10.45,152578405.0
2018-10-03,BTOW3,30.28,117989488.0
2018-10-03,CCRO3,9.35,108708742.0
2018-10-03,CIEL3,12.28,109608120.0
2018-10-03,CMIG4,7.89,175521049.0
2018-10-03,CPLE6,23.36,28327383.0
2018-10-03,CSAN3,33.23,75636677.0
2018-10-03,CSNA3,9.61,125797329.0
2018-10-03,CVCB3,47.0,93767318.0
2018-10-03,CYRE3,11.9,66730685.0
2018-10-03,ECOR3,7.55,28379068.0
2018-10-03,EGIE3,36.43,41911299.0
2018-10-03,ELET3,17.63,164240876.0
2018-10-03,ELET6,21.24,165796267.0
2018-10-03,EMBR3,20.35,132634289.0
2018-10-03,ENBR3,13.67,62196380.0
2018-10-03,EQTL3,59.13,107179199.0
2018-10-03,ESTC3,25.6,89584491.0
2018-10-03,FIBR3,73.63,180022204.0
2018-10-03,FLRY3,22.42,66415442.0
2018-10-03,GGBR4,16.49,483560896.0
2018-10-03,GOAU4,7.97,127399419.0
2018-10-03,GOLL4,12.25,124910286.0
2018-10-03,HYPE3,30.25,101449903.0
2018-10-03,IGTA3,32.95,50828971.0
2018-10-03,ITSA4,10.74,421925510.0
2018-10-03,ITUB4,47.35,1754131362.0
2018-10-03,JBSS3,9.28,181596698.0
2018-10-03,KLBN11,19.29,116170499.0
2018-10-03,KROT3,11.9,126719545.0
2018-10-03,LAME4,16.87,197021978.0
2018-10-03,LREN3,34.1,229037693.0
2018-10-03,MGLU3,139.34,418199356.0
2018-10-03,MRFG3,5.23,26627979.0
2018-10-03,MRVE3,13.56,52219812.0
2018-10-03,MULT3,19.75,118061435.0
2018-10-03,NATU3,28.64,55711627.0
2018-10-03,PCAR4,86.68,91130094.0
2018-10-03,PETR3,26.48,738888147.0
2018-10-03,PETR4,23.79,3666071435.0
2018-10-03,QUAL3,12.6,122810059.0
2018-10-03,RADL3,74.0,139761593.0
2018-10-03,RAIL3,15.2,352080850.0
2018-10-03,RENT3,24.55,296826713.0
2018-10-03,SANB11,39.58,132677257.0
2018-10-03,SBSP3,25.61,85476234.0
2018-10-03,SMLS3,49.61,44462907.0
2018-10-03,SUZB3,44.14,439930674.0
2018-10-03,TAEE11,20.99,43505884.0
2018-10-03,TIMP3,12.16,72445545.0
2018-10-03,UGPA3,40.07,163492364.0
2018-10-03,USIM5,8.88,250989693.0
2018-10-03,VALE3,59.95,1618720433.0
2018-10-03,VIVT4,40.6,107183154.0
2018-10-03,VVAR11,14.0,87054178.0
2018-10-03,WEGE3,19.43,89985229.0
2018-10-04,ABEV3,17.87,220119474.0
2018-10-04,B3SA3,24.47,213101636.0
2018-10-04,BBAS3,35.12,962350916.0
2018-10-04,BBDC3,28.38,52045655.0
2018-10-04,BBDC4,31.45,484344123.0
2018-10-04,BBSE3,25.69,195658387.0
2018-10-04,BRAP4,36.07,43433692.0
2018-10-04,BRFS3,21.83,96553810.0
2018-10-04,BRKM5,55.5,73980248.0
2018-10-04,BRML3,10.68,75477126.0
2018-10-04,BTOW3,29.5,83192232.0
2018-10-04,CCRO3,9.4,81263235.0
2018-10-04,CIEL3,12.3,69638956.0
2018-10-04,CMIG4,8.05,106883734.0
2018-10-04,CPLE6,24.05,21938213.0
2018-10-04,CSAN3,33.35,47687189.0
2018-10-04,CSNA3,9.61,67384590.0
2018-10-04,CVCB3,45.8,71049263.0
2018-10-04,CYRE3,12.04,22337090.0
2018-10-04,ECOR3,7.68,26313369.0
2018-10-04,EGIE3,36.55,35191866.0
2018-10-04,ELET3,18.5,102013789.0
2018-10-04,ELET6,22.27,96682439.0
2018-10-04,EMBR3,19.87,55199355.0
2018-10-04,ENBR3,13.82,35695265.0
2018-10-04,EQTL3,59.0,57298221.0
2018-10-04,ESTC3,25.8,45199640.0
2018-10-04,FIBR3,72.51,127003627.0
2018-10-04,FLRY3,21.88,70183923.0
2018-10-04,GGBR4,16.21,171867473.0
2018-10-04,GOAU4,7.87,60473474.0
2018-10-04,GOLL4,12.15,108566901.0
2018-10-04,HYPE3,30.11,40175204.0
2018-10-04,IGTA3,32.74,45869216.0
2018-10-04,ITSA4,10.66,432492381.0
2018-10-04,ITUB4,47.4,851913415.0
2018-10-04,JBSS3,8.84,366599882.0
2018-10-04,KLBN11,18.83,60250870.0
2018-10-04,KROT3,12.25,61567776.0
2018-10-04,LAME4,17.1,90141188.0
2018-10-04,LREN3,34.24,147389314.0
2018-10-04,MGLU3,139.5,264353009.0
2018-10-04,MRFG3,5.18,13329364.0
2018-10-04,MRVE3,13.41,22149732.0
2018-10-04,MULT3,19.76,45413971.0
2018-10-04,NATU3,27.92,37928890.0
2018-10-04,PCAR4,84.3,127797459.0
2018-10-04,PETR3,26.76,356202717.0
2018-10-04,PETR4,24.02,2384230594.0
2018-10-04,QUAL3,12.4,51534579.0
2018-10-04,RADL3,74.16,77621507.0
2018-10-04,RAIL3,14.97,109852552.0
2018-10-04,RENT3,23.95,157888101.0
2018-10-04,SANB11,39.96,80097294.0
2018-10-04,SBSP3,25.9,48516344.0
2018-10-04,SMLS3,49.12,28640719.0
2018-10-04,SUZB3,41.71,243444059.0
2018-10-04,TAEE11,21.45,86517344.0
2018-10-04,TIMP3,11.94,50702262.0
2018-10-04,UGPA3,39.87,110358747.0
2018-10-04,USIM5,9.08,139401219.0
2018-10-04,VALE3,58.8,854190057.0
2018-10-04,VIVT4,39.95,67965462.0
2018-10-04,VVAR11,13.9,63149270.0
2018-10-04,WEGE3,19.11,43397229.0
2018-10-05,ABEV3,17.65,287100429.0
2018-10-05,B3SA3,24.25,218628383.0
2018-10-05,BBAS3,35.74,840648007.0
2018-10-05,BBDC3,27.55,64411195.0
2018-10-05,BBDC4,30.98,611205754.0
2018-10-05,BBSE3,25.75,90831210.0
2018-10-05,BRAP4,34.98,99493177.0
2018-10-05,BRFS3,22.49,99834145.0
2018-10-05,BRKM5,55.0,69893568.0
2018-10-05,BRML3,10.49,102989429.0
2018-10-05,BTOW3,30.45,103828249.0
2018-10-05,CCRO3,9.31,65659533.0
2018-10-05,CIEL3,12.3,61153400.0
2018-10-05,CMIG4,8.65,373478727.0
2018-10-05,CPLE6,23.9,22561849.0
2018-10-05,CSAN3,34.85,80226798.0
2018-10-05,CSNA3,9.38,66966144.0
2018-10-05,CVCB3,48.0,74964214.0
2018-10-05,CYRE3,11.99,21719431.0
2018-10-05,ECOR3,7.68,35025246.0
2018-10-05,EGIE3,36.09,25714771.0
2018-10-05,ELET3,18.75,133016425.0
2018-10-05,ELET6,22.61,83482382.0
2018-10-05,EMBR3,19.18,41444881.0
2018-10-05,ENBR3,13.81,28888094.0
2018-10-05,EQTL3,58.84,44775708.0
2018-10-05,ESTC3,25.7,83648536.0
2018-10-05,FIBR3,72.49,194802390.0
2018-10-05,FLRY3,21.68,41836505.0
2018-10-05,GGBR4,15.8,236745610.0
2018-10-05,GOAU4,7.71,81891493.0
2018-10-05,GOLL4,12.4,71962930.0
2018-10-05,HYPE3,30.1,40126750.0
2018-10-05,IGTA3,32.4,37619372.0
2018-10-05,ITSA4,10.53,358022268.0
2018-10-05,ITUB4,47.24,715190033.0
2018-10-05,JBSS3,8.65,334996269.0
2018-10-05,KLBN11,18.33,164740995.0
2018-10-05,KROT3,11.86,103581997.0
2018-10-05,LAME4,17.05,119568736.0
2018-10-05,LREN3,33.9,185246884.0
2018-10-05,MGLU3,142.0,298458370.0
2018-10-05,MRFG3,5.17,15219964.0
2018-10-05,MRVE3,13.28,113646000.0
2018-10-05,MULT3,19.8,32657016.0
2018-10-05,NATU3,27.68,41394726.0
2018-10-05,PCAR4,83.74,78301781.0
2018-10-05,PETR3,26.66,335919664.0
2018-10-05,PETR4,23.96,2524166707.0
2018-10-05,QUAL3,13.0,93885888.0
2018-10-05,RADL3,72.75,61057659.0
2018-10-05,RAIL3,14.9,118482996.0
2018-10-05,RENT3,24.15,105776764.0
2018-10-05,SANB11,39.49,96211166.0
2018-10-05,SBSP3,26.34,35140519.0
2018-10-05,SMLS3,50.52,39061314.0
2018-10-05,SUZB3,41.88,272677130.0
2018-10-05,TAEE11,21.37,15617777.0
2018-10-05,TIMP3,11.7,42676078.0
2018-10-05,UGPA3,39.75,59632523.0
2018-10-05,USIM5,9.02,129558089.0
2018-10-05,VALE3,57.49,1165330354.0
2018-10-05,VIVT4,39.15,67526796.0
2018-10-05,VVAR11,13.82,28062731.0
2018-10-05,WEGE3,19.1,39862220.0
2018-10-08,ABEV3,18.0,481080582.0
2018-10-08,B3SA3,24.7,926926813.0
2018-10-08,BBAS3,39.2,1651574105.0
2018-10-08,BBDC3,29.0,272146002.0
2018-10-08,BBDC4,33.08,1281644492.0
2018-10-08,BBSE3,26.85,459478488.0
2018-10-08,BRAP4,34.6,103009391.0
2018-10-08,BRFS3,22.47,191883303.0
2018-10-08,BRKM5,55.37,100273995.0
2018-10-08,BRML3,11.2,187021619.0
2018-10-08,BTOW3,32.84,127924627.0
2018-10-08,CCRO3,10.16,126578781.0
2018-10-08,CIEL3,12.8,157223060.0
2018-10-08,CMIG4,10.19,672867919.0
2018-10-08,CPLE6,25.94,40935896.0
2018-10-08,CSAN3,35.77,91152039.0
2018-10-08,CSNA3,9.7,84991658.0
2018-10-08,CVCB3,51.02,172071170.0
2018-10-08,CYRE3,13.39,114584451.0
2018-10-08,ECOR3,8.3,70479586.0
2018-10-08,EGIE3,36.55,58645691.0
2018-10-08,ELET3,22.0,411366094.0
2018-10-08,ELET6,26.75,304370679.0
2018-10-08,EMBR3,19.2,117025333.0
2018-10-08,ENBR3,13.91,86014577.0
2018-10-08,EQTL3,60.16,120813968.0
2018-10-08,ESTC3,25.53,123254324.0
2018-10-08,FIBR3,72.16,270104304.0
2018-10-08,FLRY3,22.51,87492924.0
2018-10-08,GGBR4,15.61,435562016.0
2018-10-08,GOAU4,7.76,174947694.0
2018-10-08,GOLL4,14.72,166270816.0
2018-10-08,HYPE3,30.24,148927705.0
2018-10-08,IGTA3,34.7,71091731.0
2018-10-08,ITSA4,11.17,598454285.0
2018-10-08,ITUB4,50.05,2197484339.0
2018-10-08,JBSS3,8.88,345600311.0
2018-10-08,KLBN11,18.11,136627956.0
2018-10-08,KROT3,12.2,180684061.0
2018-10-08,LAME4,17.99,186245666.0
2018-10-08,LREN3,36.0,296601263.0
2018-10-08,MGLU3,148.54,255560664.0
2018-10-08,MRFG3,5.4,28645675.0
2018-10-08,MRVE3,14.37,93957820.0
2018-10-08,MULT3,21.17,113358507.0
2018-10-08,NATU3,28.82,54787068.0
2018-10-08,PCAR4,84.0,234604954.0
2018-10-08,PETR3,29.19,957801298.0
2018-10-08,PETR4,26.6,4964652162.0
2018-10-08,QUAL3,13.75,161741005.0
2018-10-08,RADL3,74.25,116538449.0
2018-10-08,RAIL3,15.07,300594310.0
2018-10-08,RENT3,25.32,243656046.0
2018-10-08,SANB11,41.69,130924550.0
2018-10-08,SBSP3,28.12,97935557.0
2018-10-08,SMLS3,55.2,62224711.0
2018-10-08,SUZB3,41.7,519320222.0
2018-10-08,TAEE11,21.6,64967091.0
2018-10-08,TIMP3,12.09,78689488.0
2018-10-08,UGPA3,42.42,156152372.0
2018-10-08,USIM5,10.0,356373492.0
2018-10-08,VALE3,57.05,1497734921.0
2018-10-08,VIVT4,40.35,107457201.0
2018-10-08,VVAR11,15.0,85586989.0
2018-10-08,WEGE3,19.05,138536548.0
2018-10-09,ABEV3,17.48,346579462.0
2018-10-09,B3SA3,25.1,325645141.0
2018-10-09,BBAS3,39.0,993540532.0
2018-10-09,BBDC3,29.04,119939398.0
2018-10-09,BBDC4,33.2,744956417.0
2018-10-09,BBSE3,27.53,107518627.0
2018-10-09,BRAP4,34.62,81245750.0
2018-10-09,BRFS3,21.65,184997104.0
2018-10-09,BRKM5,54.36,57787873.0
2018-10-09,BRML3,11.5,149257108.0
2018-10-09,BTOW3,32.67,165758681.0
2018-10-09,CCRO3,10.03,145049701.0
2018-10-09,CIEL3,12.33,116246946.0
2018-10-09,CMIG4,10.41,407405598.0
2018-10-09,CPLE6,25.83,25505229.0
2018-10-09,CSAN3,35.01,73246457.0
2018-10-09,CSNA3,9.9,78421302.0
2018-10-09,CVCB3,52.35,97438451.0
2018-10-09,CYRE3,13.5,78882634.0
2018-10-09,ECOR3,8.33,32051561.0
2018-10-09,EGIE3,36.73,36960419.0
2018-10-09,ELET3,22.81,139813337.0
2018-10-09,ELET6,26.79,129249065.0
2018-10-09,EMBR3,18.7,65254678.0
2018-10-09,ENBR3,14.0,59391432.0
2018-10-09,EQTL3,60.72,72738629.0
2018-10-09,ESTC3,24.25,139472990.0
2018-10-09,FIBR3,71.35,390473233.0
2018-10-09,FLRY3,22.55,39375074.0
2018-10-09,GGBR4,16.03,596313935.0
2018-10-09,GOAU4,7.84,145534177.0
2018-10-09,GOLL4,14.83,137432840.0
2018-10-09,HYPE3,30.9,45933739.0
2018-10-09,IGTA3,35.53,78448432.0
2018-10-09,ITSA4,11.08,483896157.0
2018-10-09,ITUB4,49.79,767967631.0
2018-10-09,JBSS3,8.9,521329830.0
2018-10-09,KLBN11,17.85,74978339.0
2018-10-09,KROT3,11.86,91895603.0
2018-10-09,LAME4,17.95,112966319.0
2018-10-09,LREN3,35.83,130883504.0
2018-10-09,MGLU3,150.2,226469411.0
2018-10-09,MRFG3,5.81,35032448.0
2018-10-09,MRVE3,13.78,71057706.0
2018-10-09,MULT3,21.61,82928023.0
2018-10-09,NATU3,27.8,68646050.0
2018-10-09,PCAR4,83.5,206203293.0
2018-10-09,PETR3,29.73,445409178.0
2018-10-09,PETR4,26.82,2410484356.0
2018-10-09,QUAL3,13.55,48373986.0
2018-10-09,RADL3,73.28,67047470.0
2018-10-09,RAIL3,15.61,226177361.0
2018-10-09,RENT3,24.76,185626528.0
2018-10-09,SANB11,41.7,86018973.0
2018-10-09,SBSP3,28.5,55394905.0
2018-10-09,SMLS3,55.01,42220276.0
2018-10-09,SUZB3,41.0,329033532.0
2018-10-09,TAEE11,21.65,57713630.0
2018-10-09,TIMP3,11.82,45423606.0
2018-10-09,UGPA3,43.67,100638741.0
2018-10-09,USIM5,10.01,198137237.0
2018-10-09,VALE3,57.66,1027429653.0
2018-10-09,VIVT4,39.17,106795352.0
2018-10-09,VVAR11,15.19,51230847.0
2018-10-09,WEGE3,18.3,89113153.0
2018-10-10,ABEV3,17.2,194791892.0
2018-10-10,B3SA3,24.8,225863919.0
2018-10-10,BBAS3,37.35,781610570.0
2018-10-10,BBDC3,27.8,54264955.0
2018-10-10,BBDC4,32.12,607372770.0
2018-10-10,BBSE3,27.2,76476263.0
2018-10-10,BRAP4,33.4,92547265.0
2018-10-10,BRFS3,20.54,133294480.0
2018-10-10,BRKM5,53.55,75889447.0
2018-10-10,BRML3,11.38,90549326.0
2018-10-10,BTOW3,31.13,97555646.0
2018-10-10,CCRO3,9.93,78839248.0
2018-10-10,CIEL3,12.4,106432023.0
2018-10-10,CMIG4,9.88,305700766.0
2018-10-10,CPLE6,25.16,31004263.0
2018-10-10,CSAN3,34.65,74602786.0
2018-10-10,CSNA3,9.33,74984128.0
2018-10-10,CVCB3,50.84,97745578.0
2018-10-10,CYRE3,12.9,56008777.0
2018-10-10,ECOR3,8.02,20775369.0
2018-10-10,EGIE3,36.12,32516218.0
2018-10-10,ELET3,20.71,235631087.0
2018-10-10,ELET6,24.55,207239024.0
2018-10-10,EMBR3,18.96,33137893.0
2018-10-10,ENBR3,13.67,30305500.0
2018-10-10,EQTL3,59.37,63536181.0
2018-10-10,ESTC3,23.25,89103234.0
2018-10-10,FIBR3,72.4,231691861.0
2018-10-10,FLRY3,21.71,41117508.0
2018-10-10,GGBR4,15.55,232396377.0
2018-10-10,GOAU4,7.53,124088446.0
2018-10-10,GOLL4,13.3,162736601.0
2018-10-10,HYPE3,30.6,57053294.0
2018-10-10,IGTA3,35.0,35143198.0
2018-10-10,ITSA4,10.81,363734837.0
2018-10-10,ITUB4,48.07,683111612.0
2018-10-10,JBSS3,8.92,369598902.0
2018-10-10,KLBN11,17.94,129003334.0
2018-10-10,KROT3,11.34,88321191.0
2018-10-10,LAME4,17.2,65931149.0
2018-10-10,LREN3,35.0,163841065.0
2018-10-10,MGLU3,143.65,242594394.0
2018-10-10,MRFG3,5.69,17771948.0
2018-10-10,MRVE3,12.77,85383375.0
2018-10-10,MULT3,20.9,70138457.0
2018-10-10,NATU3,28.16,36718798.0
2018-10-10,PCAR4,80.97,107879837.0
2018-10-10,PETR3,28.63,296690739.0
2018-10-10,PETR4,26.05,2148446720.0
2018-10-10,QUAL3,13.25,37545166.0
2018-10-10,RADL3,71.77,74299097.0
2018-10-10,RAIL3,15.3,60119851.0
2018-10-10,RENT3,24.16,170272522.0
2018-10-10,SANB11,39.74,69169714.0
2018-10-10,SBSP3,27.35,74087083.0
2018-10-10,SMLS3,52.35,45954527.0
2018-10-10,SUZB3,41.91,289148800.0
2018-10-10,TAEE11,21.2,24418744.0
2018-10-10,TIMP3,11.64,34893836.0
2018-10-10,UGPA3,41.47,125090765.0
2018-10-10,USIM5,9.27,251027531.0
2018-10-10,VALE3,55.89,802581939.0
2018-10-10,VIVT4,38.5,82209162.0
2018-10-10,VVAR11,14.2,60279203.0
2018-10-10,WEGE3,18.4,42021691.0
2018-10-11,ABEV3,16.99,248123128.0
2018-10-11,B3SA3,23.82,416103489.0
2018-10-11,BBAS3,37.2,718093379.0
2018-10-11,BBDC3,27.96,83886499.0
2018-10-11,BBDC4,31.93,540991696.0
2018-10-11,BBSE3,27.15,104943523.0
2018-10-11,BRAP4,33.5,100298544.0
2018-10-11,BRFS3,20.44,128080207.0
2018-10-11,BRKM5,52.32,127733923.0
2018-10-11,BRML3,11.32,66884564.0
2018-10-11,BTOW3,31.02,82647708.0
2018-10-11,CCRO3,9.89,83789794.0
2018-10-11,CIEL3,12.43,89276978.0
2018-10-11,CMIG4,10.15,265062704.0
2018-10-11,CPLE6,25.23,27738137.0
2018-10-11,CSAN3,34.23,46495224.0
2018-10-11,CSNA3,9.14,90755579.0
2018-10-11,CVCB3,50.0,45328291.0
2018-10-11,CYRE3,12.6,29055771.0
2018-10-11,ECOR3,8.13,28380678.0
2018-10-11,EGIE3,35.44,43851524.0
2018-10-11,ELET3,19.72,128406399.0
2018-10-11,ELET6,23.99,83853286.0
2018-10-11,EMBR3,18.45,60785411.0
2018-10-11,ENBR3,13.61,45921388.0
2018-10-11,EQTL3,58.81,59920353.0
2018-10-11,ESTC3,22.66,86041445.0
2018-10-11,FIBR3,72.42,119996672.0
2018-10-11,FLRY3,21.6,28345824.0
2018-10-11,GGBR4,15.74,253462411.0
2018-10-11,GOAU4,7.44,102380568.0
2018-10-11,GOLL4,13.54,131346905.0
2018-10-11,HYPE3,30.92,92986218.0
2018-10-11,IGTA3,34.87,42286276.0
2018-10-11,ITSA4,10.75,323350202.0
2018-10-11,ITUB4,47.5,1082660294.0
2018-10-11,JBSS3,9.14,178299688.0
2018-10-11,KLBN11,17.67,51587270.0
2018-10-11,KROT3,11.15,77671695.0
2018-10-11,LAME4,17.13,52712786.0
2018-10-11,LREN3,34.45,113605750.0
2018-10-11,MGLU3,150.7,310608942.0
2018-10-11,MRFG3,5.57,16218289.0
2018-10-11,MRVE3,12.23,76899735.0
2018-10-11,MULT3,20.65,66585908.0
2018-10-11,NATU3,28.65,38485657.0
2018-10-11,PCAR4,80.3,95060232.0
2018-10-11,PETR3,28.1,414935441.0
2018-10-11,PETR4,25.29,3081882175.0
2018-10-11,QUAL3,13.36,49770996.0
2018-10-11,RADL3,67.48,173398505.0
2018-10-11,RAIL3,15.36,66245159.0
2018-10-11,RENT3,24.1,135672307.0
2018-10-11,SANB11,39.33,78951448.0
2018-10-11,SBSP3,27.18,48177606.0
2018-10-11,SMLS3,51.83,48831182.0
2018-10-11,SUZB3,41.54,153617709.0
2018-10-11,TAEE11,21.2,61617048.0
2018-10-11,TIMP3,11.43,49064938.0
2018-10-11,UGPA3,40.22,109579335.0
2018-10-11,USIM5,9.31,150088872.0
2018-10-11,VALE3,56.48,903782597.0
2018-10-11,VIVT4,38.3,78112365.0
2018-10-11,VVAR11,14.03,48782539.0
2018-10-11,WEGE3,18.43,36128049.0
2018-10-15,ABEV3,16.93,264590471.0
2018-10-15,B3SA3,24.11,234999285.0
2018-10-15,BBAS3,37.72,500182249.0
2018-10-15,BBDC3,28.25,39947761.0
2018-10-15,BBDC4,32.1,470737649.0
2018-10-15,BBSE3,27.0,119616949.0
2018-10-15,BRAP4,33.66,112857376.0
2018-10-15,BRFS3,20.15,78238056.0
2018-10-15,BRKM5,51.6,74422060.0
2018-10-15,BRML3,11.07,82851418.0
2018-10-15,BTOW3,30.68,78910244.0
2018-10-15,CCRO3,9.87,55939742.0
2018-10-15,CIEL3,12.3,125389017.0
2018-10-15,CMIG4,10.3,348651282.0
2018-10-15,CPLE6,25.6,17162488.0
2018-10-15,CSAN3,33.55,51518794.0
2018-10-15,CSNA3,9.34,84915096.0
2018-10-15,CVCB3,49.77,46169174.0
2018-10-15,CYRE3,12.51,39606313.0
2018-10-15,ECOR3,7.97,15909194.0
2018-10-15,EGIE3,35.93,37001799.0
2018-10-15,ELET3,20.95,136268527.0
2018-10-15,ELET6,25.3,64347819.0
2018-10-15,EMBR3,18.21,37181344.0
2018-10-15,ENBR3,13.92,39409024.0
2018-10-15,EQTL3,58.7,39058021.0
2018-10-15,ESTC3,21.32,99545471.0
2018-10-15,FIBR3,72.22,143074026.0
2018-10-15,FLRY3,20.79,45420240.0
2018-10-15,GGBR4,15.53,229271367.0
2018-10-15,GOAU4,7.56,106408313.0
2018-10-15,GOLL4,14.09,178846201.0
2018-10-15,HYPE3,30.47,40015704.0
2018-10-15,IGTA3,34.5,36220274.0
2018-10-15,ITSA4,10.82,235882862.0
2018-10-15,ITUB4,48.05,865787289.0
2018-10-15,JBSS3,9.22,88103105.0
2018-10-15,KLBN11,18.2,125032844.0
2018-10-15,KROT3,10.7,87924635.0
2018-10-15,LAME4,17.2,61802476.0
2018-10-15,LREN3,34.45,300688676.0
2018-10-15,MGLU3,150.0,202200387.0
2018-10-15,MRFG3,5.63,11180391.0
2018-10-15,MRVE3,12.71,53770201.0
2018-10-15,MULT3,20.34,36603199.0
2018-10-15,NATU3,28.73,53452425.0
2018-10-15,PCAR4,78.16,170173452.0
2018-10-15,PETR3,28.75,424291856.0
2018-10-15,PETR4,25.77,2388604573.0
2018-10-15,QUAL3,13.5,40669851.0
2018-10-15,RADL3,67.49,97925590.0
2018-10-15,RAIL3,15.2,81633200.0
2018-10-15,RENT3,24.0,109494610.0
2018-10-15,SANB11,39.73,43069289.0
2018-10-15,SBSP3,27.46,87807793.0
2018-10-15,SMLS3,31.7,342415391.0
2018-10-15,SUZB3,41.0,222736038.0
2018-10-15,TAEE11,21.91,67701069.0
2018-10-15,TIMP3,11.29,55692973.0
2018-10-15,UGPA3,38.73,116967594.0
2018-10-15,USIM5,9.67,170683490.0
2018-10-15,VALE3,57.67,940597719.0
2018-10-15,VIVT4,37.59,59589479.0
2018-10-15,VVAR11,13.92,50038270.0
2018-10-15,WEGE3,18.3,34482244.0
2018-10-16,ABEV3,17.41,238320603.0
2018-10-16,B3SA3,25.0,260601587.0
2018-10-16,BBAS3,39.37,709446563.0
2018-10-16,BBDC3,29.44,54530821.0
2018-10-16,BBDC4,33.63,629011178.0
2018-10-16,BBSE3,27.2,129258507.0
2018-10-16,BRAP4,33.65,83820647.0
2018-10-16,BRFS3,20.38,85290795.0
2018-10-16,BRKM5,51.77,98740186.0
2018-10-16,BRML3,11.65,105253991.0
2018-10-16,BTOW3,31.73,99076994.0
2018-10-16,CCRO3,10.27,70499979.0
2018-10-16,CIEL3,12.53,180112035.0
2018-10-16,CMIG4,10.69,215177190.0
2018-10-16,CPLE6,25.65,23219685.0
2018-10-16,CSAN3,34.68,33131321.0
2018-10-16,CSNA3,10.13,132977269.0
2018-10-16,CVCB3,53.31,73249108.0
2018-10-16,CYRE3,13.04,47881647.0
2018-10-16,ECOR3,8.22,20300499.0
2018-10-16,EGIE3,36.77,31700439.0
2018-10-16,ELET3,22.02,115766486.0
2018-10-16,ELET6,26.0,72989826.0
2018-10-16,EMBR3,18.89,33773788.0
2018-10-16,ENBR3,14.23,39187377.0
2018-10-16,EQTL3,60.15,106240019.0
2018-10-16,ESTC3,21.16,98905863.0
2018-10-16,FIBR3,72.19,125321352.0
2018-10-16,FLRY3,21.69,48494366.0
2018-10-16,GGBR4,16.2,201367914.0
2018-10-16,GOAU4,7.74,69728866.0
2018-10-16,GOLL4,15.9,206177658.0
2018-10-16,HYPE3,29.87,62851522.0
2018-10-16,IGTA3,36.55,40593371.0
2018-10-16,ITSA4,11.27,290813629.0
2018-10-16,ITUB4,49.97,759010494.0
2018-10-16,JBSS3,9.36,86747549.0
2018-10-16,KLBN11,18.35,76107635.0
2018-10-16,KROT3,10.56,87799014.0
2018-10-16,LAME4,17.8,83852166.0
2018-10-16,LREN3,35.6,212305883.0
2018-10-16,MGLU3,159.2,334531973.0
2018-10-16,MRFG3,5.87,113874305.0
2018-10-16,MRVE3,13.21,64124593.0
2018-10-16,MULT3,21.42,119257779.0
2018-10-16,NATU3,29.9,216554129.0
2018-10-16,PCAR4,80.5,246724981.0
2018-10-16,PETR3,29.8,262882883.0
2018-10-16,PETR4,26.73,1964372405.0
2018-10-16,QUAL3,13.71,50515190.0
2018-10-16,RADL3,67.01,140454561.0
2018-10-16,RAIL3,15.7,71879587.0
2018-10-16,RENT3,25.26,137587748.0
2018-10-16,SANB11,41.03,59486997.0
2018-10-16,SBSP3,27.58,126641738.0
2018-10-16,SMLS3,34.3,163769678.0
2018-10-16,SUZB3,40.75,207989956.0
2018-10-16,TAEE11,22.0,65211701.0
2018-10-16,TIMP3,11.39,33127794.0
2018-10-16,UGPA3,39.75,103407408.0
2018-10-16,USIM5,9.91,167337631.0
2018-10-16,VALE3,57.7,916892675.0
2018-10-16,VIVT4,37.8,72087155.0
2018-10-16,VVAR11,14.19,49473125.0
2018-10-16,WEGE3,18.75,63716484.0
2018-10-17,ABEV3,17.05,248822506.0
2018-10-17,B3SA3,25.3,322249386.0
2018-10-17,BBAS3,39.71,643130861.0
2018-10-17,BBDC3,29.45,70110991.0
2018-10-17,BBDC4,33.67,638438099.0
2018-10-17,BBSE3,27.0,193525556.0
2018-10-17,BRAP4,34.1,156566390.0
2018-10-17,BRFS3,20.49,77198013.0
2018-10-17,BRKM5,51.65,153645154.0
2018-10-17,BRML3,11.81,148116377.0
2018-10-17,BTOW3,33.72,116463142.0
2018-10-17,CCRO3,10.32,61140208.0
2018-10-17,CIEL3,12.7,135001203.0
2018-10-17,CMIG4,10.6,350043790.0
2018-10-17,CPLE6,25.03,31701981.0
2018-10-17,CSAN3,35.35,52851990.0
2018-10-17,CSNA3,10.1,121581069.0
2018-10-17,CVCB3,53.6,119179356.0
2018-10-17,CYRE3,12.85,64379793.0
2018-10-17,ECOR3,8.21,33171570.0
2018-10-17,EGIE3,37.26,48631481.0
2018-10-17,ELET3,21.2,183111856.0
2018-10-17,ELET6,24.6,137386481.0
2018-10-17,EMBR3,18.86,52693203.0
2018-10-17,ENBR3,14.03,46144818.0
2018-10-17,EQTL3,62.45,130610805.0
2018-10-17,ESTC3,21.81,63007461.0
2018-10-17,FIBR3,71.9,111234071.0
2018-10-17,FLRY3,21.6,38580050.0
2018-10-17,GGBR4,16.1,150539484.0
2018-10-17,GOAU4,7.82,56957572.0
2018-10-17,GOLL4,16.25,237268633.0
2018-10-17,HYPE3,30.0,52680723.0
2018-10-17,IGTA3,37.04,31640341.0
2018-10-17,ITSA4,11.17,247275496.0
2018-10-17,ITUB4,49.45,814027595.0
2018-10-17,JBSS3,9.4,92408736.0
2018-10-17,KLBN11,18.35,111892197.0
2018-10-17,KROT3,10.8,117281101.0
2018-10-17,LAME4,17.94,56774700.0
2018-10-17,LREN3,35.2,150216950.0
2018-10-17,MGLU3,161.75,294541717.0
2018-10-17,MRFG3,6.15,29080308.0
2018-10-17,MRVE3,12.93,67180329.0
2018-10-17,MULT3,21.83,44571636.0
2018-10-17,NATU3,31.08,82990984.0
2018-10-17,PCAR4,79.3,113489551.0
2018-10-17,PETR3,29.6,260600281.0
2018-10-17,PETR4,26.45,2142051801.0
2018-10-17,QUAL3,14.19,38052262.0
2018-10-17,RADL3,65.09,142520990.0
2018-10-17,RAIL3,15.65,108090043.0
2018-10-17,RENT3,25.55,125969079.0
2018-10-17,SANB11,41.16,59167603.0
2018-10-17,SBSP3,28.08,112718474.0
2018-10-17,SMLS3,34.47,73131314.0
2018-10-17,SUZB3,40.21,175532215.0
2018-10-17,TAEE11,22.02,46979059.0
2018-10-17,TIMP3,11.43,37600530.0
2018-10-17,UGPA3,40.64,96175322.0
2018-10-17,USIM5,9.88,137894854.0
2018-10-17,VALE3,58.8,1276411353.0
2018-10-17,VIVT4,38.0,64595933.0
2018-10-17,VVAR11,13.91,60388828.0
2018-10-17,WEGE3,18.65,61840964.0
2018-10-18,ABEV3,16.65,237610834.0
2018-10-18,B3SA3,24.27,373572865.0
2018-10-18,BBAS3,39.25,627734104.0
2018-10-18,BBDC3,28.54,72911574.0
2018-10-18,BBDC4,32.74,459231758.0
2018-10-18,BBSE3,26.4,105608146.0
2018-10-18,BRAP4,33.0,113058959.0
2018-10-18,BRFS3,20.21,81349223.0
2018-10-18,BRKM5,53.5,226261383.0
2018-10-18,BRML3,11.46,82661281.0
2018-10-18,BTOW3,34.24,116383167.0
2018-10-18,CCRO3,10.23,42445423.0
2018-10-18,CIEL3,12.66,173928879.0
2018-10-18,CMIG4,10.36,184309714.0
2018-10-18,CPLE6,24.79,14572875.0
2018-10-18,CSAN3,35.85,45101745.0
2018-10-18,CSNA3,9.81,76583858.0
2018-10-18,CVCB3,52.55,40239847.0
2018-10-18,CYRE3,12.63,83524434.0
2018-10-18,ECOR3,8.3,15549204.0
2018-10-18,EGIE3,37.65,64758245.0
2018-10-18,ELET3,20.65,98139062.0
2018-10-18,ELET6,23.77,44503378.0
2018-10-18,EMBR3,18.83,60289252.0
2018-10-18,ENBR3,14.18,96031967.0
2018-10-18,EQTL3,61.99,95988590.0
2018-10-18,ESTC3,21.89,110993699.0
2018-10-18,FIBR3,71.98,84189283.0
2018-10-18,FLRY3,21.58,22166990.0
2018-10-18,GGBR4,15.49,200256918.0
2018-10-18,GOAU4,7.51,68935769.0
2018-10-18,GOLL4,16.18,178306591.0
2018-10-18,HYPE3,29.79,51125706.0
2018-10-18,IGTA3,36.66,27929624.0
2018-10-18,ITSA4,10.83,287235175.0
2018-10-18,ITUB4,47.98,477190944.0
2018-10-18,JBSS3,9.56,96422294.0
2018-10-18,KLBN11,18.55,45748685.0
2018-10-18,KROT3,10.67,87110755.0
2018-10-18,LAME4,17.79,30067717.0
2018-10-18,LREN3,34.89,75473256.0
2018-10-18,MGLU3,160.88,210632270.0
2018-10-18,MRFG3,6.03,16073741.0
2018-10-18,MRVE3,12.39,89223203.0
2018-10-18,MULT3,21.8,58323234.0
2018-10-18,NATU3,30.3,76838156.0
2018-10-18,PCAR4,79.16,67087382.0
2018-10-18,PETR3,28.65,210313308.0
2018-10-18,PETR4,25.7,1462641385.0
2018-10-18,QUAL3,14.1,47474492.0
2018-10-18,RADL3,66.3,173303138.0
2018-10-18,RAIL3,15.62,110772710.0
2018-10-18,RENT3,24.96,135119573.0
2018-10-18,SANB11,40.15,43692189.0
2018-10-18,SBSP3,27.24,28667336.0
2018-10-18,SMLS3,36.25,95836609.0
2018-10-18,SUZB3,40.34,243884313.0
2018-10-18,TAEE11,22.1,47508087.0
2018-10-18,TIMP3,11.29,37020780.0
2018-10-18,UGPA3,39.58,56923576.0
2018-10-18,USIM5,9.66,140236337.0
2018-10-18,VALE3,56.5,985289548.0
2018-10-18,VIVT4,37.85,86776703.0
2018-10-18,VVAR11,13.35,77654277.0
2018-10-18,WEGE3,18.41,52788711.0
2018-10-19,ABEV3,16.86,146483698.0
2018-10-19,B3SA3,24.05,191101940.0
2018-10-19,BBAS3,39.58,386967533.0
2018-10-19,BBDC3,28.59,31865613.0
2018-10-19,BBDC4,32.85,237763191.0
2018-10-19,BBSE3,26.43,91194593.0
2018-10-19,BRAP4,33.16,82573567.0
2018-10-19,BRFS3,20.37,68822946.0
2018-10-19,BRKM5,54.35,135858977.0
2018-10-19,BRML3,11.51,50495673.0
2018-10-19,BTOW3,33.85,127015336.0
2018-10-19,CCRO3,10.8,105616869.0
2018-10-19,CIEL3,12.64,155249089.0
2018-10-19,CMIG4,10.55,229412542.0
2018-10-19,CPLE6,25.05,17383562.0
2018-10-19,CSAN3,37.5,75184532.0
2018-10-19,CSNA3,9.8,54463192.0
2018-10-19,CVCB3,53.25,48669392.0
2018-10-19,CYRE3,12.57,86276351.0
2018-10-19,ECOR3,8.47,27475834.0
2018-10-19,EGIE3,38.0,46565034.0
2018-10-19,ELET3,21.78,115106221.0
2018-10-19,ELET6,25.19,40011043.0
2018-10-19,EMBR3,18.76,79146933.0
2018-10-19,ENBR3,14.1,58394511.0
2018-10-19,EQTL3,62.8,50232476.0
2018-10-19,ESTC3,21.39,84384298.0
2018-10-19,FIBR3,72.0,61541632.0
2018-10-19,FLRY3,21.66,30045019.0
2018-10-19,GGBR4,15.11,271520384.0
2018-10-19,GOAU4,7.37,105598774.0
2018-10-19,GOLL4,16.21,146437603.0
2018-10-19,HYPE3,30.1,30254482.0
2018-10-19,IGTA3,36.63,36961469.0
2018-10-19,ITSA4,10.81,261272158.0
2018-10-19,ITUB4,47.93,337253350.0
2018-10-19,JBSS3,9.66,37722983.0
2018-10-19,KLBN11,18.65,43302023.0
2018-10-19,KROT3,10.83,66989224.0
2018-10-19,LAME4,17.54,55816334.0
2018-10-19,LREN3,34.56,84729570.0
2018-10-19,MGLU3,169.0,321592849.0
2018-10-19,MRFG3,6.04,18814282.0
2018-10-19,MRVE3,12.03,87505630.0
2018-10-19,MULT3,21.7,30923921.0
2018-10-19,NATU3,30.77,50782816.0
2018-10-19,PCAR4,80.06,48701182.0
2018-10-19,PETR3,28.94,183407130.0
2018-10-19,PETR4,25.92,1611032146.0
2018-10-19,QUAL3,14.13,63619934.0
2018-10-19,RADL3,66.3,88970762.0
2018-10-19,RAIL3,15.55,77106564.0
2018-10-19,RENT3,25.52,93722326.0
2018-10-19,SANB11,40.07,67585257.0
2018-10-19,SBSP3,27.91,51582410.0
2018-10-19,SMLS3,38.0,116296691.0
2018-10-19,SUZB3,40.29,147636469.0
2018-10-19,TAEE11,22.0,100099736.0
2018-10-19,TIMP3,11.17,66442457.0
2018-10-19,UGPA3,39.95,59768804.0
2018-10-19,USIM5,9.7,112659846.0
2018-10-19,VALE3,56.53,763372640.0
2018-10-19,VIVT4,37.83,69976804.0
2018-10-19,VVAR11,13.52,49686602.0
2018-10-19,WEGE3,18.6,51250556.0
2018-10-22,ABEV3,16.82,338822160.0
2018-10-22,B3SA3,24.6,182749246.0
2018-10-22,BBAS3,39.85,403331760.0
2018-10-22,BBDC3,28.93,54833325.0
2018-10-22,BBDC4,33.25,296358589.0
2018-10-22,BBSE3,26.53,78611524.0
2018-10-22,BRAP4,34.39,60894955.0
2018-10-22,BRFS3,20.62,55031775.0
2018-10-22,BRKM5,53.4,81215899.0
2018-10-22,BRML3,11.67,72521865.0
2018-10-22,BTOW3,35.4,165059740.0
2018-10-22,CCRO3,10.76,125791267.0
2018-10-22,CIEL3,12.85,148131558.0
2018-10-22,CMIG4,10.55,235726604.0
2018-10-22,CPLE6,25.2,13002507.0
2018-10-22,CSAN3,37.14,69068667.0
2018-10-22,CSNA3,10.0,94237547.0
2018-10-22,CVCB3,55.0,104561949.0
2018-10-22,CYRE3,13.15,47913207.0
2018-10-22,ECOR3,8.54,33012844.0
2018-10-22,EGIE3,38.1,39136107.0
2018-10-22,ELET3,22.73,118716930.0
2018-10-22,ELET6,25.74,61922069.0
2018-10-22,EMBR3,18.59,60906263.0
2018-10-22,ENBR3,14.15,38195830.0
2018-10-22,EQTL3,63.2,44054153.0
2018-10-22,ESTC3,21.85,44453468.0
2018-10-22,FIBR3,72.05,91426937.0
2018-10-22,FLRY3,21.74,16494579.0
2018-10-22,GGBR4,15.79,223086210.0
2018-10-22,GOAU4,7.71,79236420.0
2018-10-22,GOLL4,16.6,102268871.0
2018-10-22,HYPE3,30.28,19596213.0
2018-10-22,IGTA3,37.26,74585357.0
2018-10-22,ITSA4,10.98,170655749.0
2018-10-22,ITUB4,48.63,278941116.0
2018-10-22,JBSS3,9.87,65988539.0
2018-10-22,KLBN11,18.63,61774477.0
2018-10-22,KROT3,11.35,62004003.0
2018-10-22,LAME4,17.6,102314108.0
2018-10-22,LREN3,35.14,92924503.0
2018-10-22,MGLU3,167.1,245356716.0
2018-10-22,MRFG3,6.18,37061047.0
2018-10-22,MRVE3,12.41,60306201.0
2018-10-22,MULT3,22.13,52766235.0
2018-10-22,NATU3,31.04,86238847.0
2018-10-22,PCAR4,79.42,112287612.0
2018-10-22,PETR3,29.72,200225326.0
2018-10-22,PETR4,26.53,1683996197.0
2018-10-22,QUAL3,14.21,31950863.0
2018-10-22,RADL3,66.8,92479392.0
2018-10-22,RAIL3,15.89,67143170.0
2018-10-22,RENT3,26.05,107046716.0
2018-10-22,SANB11,41.17,60633305.0
2018-10-22,SBSP3,28.3,124487438.0
2018-10-22,SMLS3,37.4,69956348.0
2018-10-22,SUZB3,40.71,147872215.0
2018-10-22,TAEE11,22.0,44491238.0
2018-10-22,TIMP3,11.05,44911718.0
2018-10-22,UGPA3,39.79,55966252.0
2018-10-22,USIM5,10.45,247796876.0
2018-10-22,VALE3,58.37,815167688.0
2018-10-22,VIVT4,38.42,82395026.0
2018-10-22,VVAR11,14.51,66919348.0
2018-10-22,WEGE3,18.65,36234277.0
2018-10-23,ABEV3,16.63,383894474.0
2018-10-23,B3SA3,25.0,182143147.0
2018-10-23,BBAS3,39.99,549380394.0
2018-10-23,BBDC3,29.01,64451616.0
2018-10-23,BBDC4,33.37,312140299.0
2018-10-23,BBSE3,26.35,113054610.0
2018-10-23,BRAP4,33.6,76958876.0
2018-10-23,BRFS3,20.54,84264143.0
2018-10-23,BRKM5,52.9,139470713.0
2018-10-23,BRML3,11.71,69900529.0
2018-10-23,BTOW3,35.2,104107262.0
2018-10-23,CCRO3,10.85,137166808.0
2018-10-23,CIEL3,12.63,86784681.0
2018-10-23,CMIG4,10.7,208928339.0
2018-10-23,CPLE6,25.14,13166836.0
2018-10-23,CSAN3,37.6,88915319.0
2018-10-23,CSNA3,9.7,79987783.0
2018-10-23,CVCB3,54.0,109424845.0
2018-10-23,CYRE3,13.6,64556808.0
2018-10-23,ECOR3,8.56,25754190.0
2018-10-23,EGIE3,38.21,32542518.0
2018-10-23,ELET3,22.22,87176915.0
2018-10-23,ELET6,25.57,58141296.0
2018-10-23,EMBR3,18.51,53156784.0
2018-10-23,ENBR3,14.32,64841208.0
2018-10-23,EQTL3,64.63,77401376.0
2018-10-23,ESTC3,22.2,66730226.0
2018-10-23,FIBR3,72.23,134778345.0
2018-10-23,FLRY3,22.2,27948418.0
2018-10-23,GGBR4,15.68,203377412.0
2018-10-23,GOAU4,7.72,63491984.0
2018-10-23,GOLL4,16.56,83121389.0
2018-10-23,HYPE3,30.4,45370918.0
2018-10-23,IGTA3,36.93,65044366.0
2018-10-23,ITSA4,10.96,190468907.0
2018-10-23,ITUB4,48.8,455205367.0
2018-10-23,JBSS3,10.19,135152876.0
2018-10-23,KLBN11,18.77,64617068.0
2018-10-23,KROT3,11.56,98715579.0
2018-10-23,LAME4,17.45,79248482.0
2018-10-23,LREN3,35.45,134066200.0
2018-10-23,MGLU3,169.06,236488014.0
2018-10-23,MRFG3,6.25,17852487.0
2018-10-23,MRVE3,12.15,46807417.0
2018-10-23,MULT3,22.0,58033217.0
2018-10-23,NATU3,32.36,106358985.0
2018-10-23,PCAR4,79.97,140718132.0
2018-10-23,PETR3,29.16,283558284.0
2018-10-23,PETR4,26.2,2028252178.0
2018-10-23,QUAL3,14.8,80642052.0
2018-10-23,RADL3,66.8,132093521.0
2018-10-23,RAIL3,15.85,134917616.0
2018-10-23,RENT3,25.85,129660926.0
2018-10-23,SANB11,41.64,82175450.0
2018-10-23,SBSP3,28.2,101293595.0
2018-10-23,SMLS3,37.0,59485457.0
2018-10-23,SUZB3,40.99,182190646.0
2018-10-23,TAEE11,21.97,49530369.0
2018-10-23,TIMP3,11.02,47995954.0
2018-10-23,UGPA3,40.01,74431851.0
2018-10-23,USIM5,10.2,234532985.0
2018-10-23,VALE3,56.75,1175335377.0
2018-10-23,VIVT4,38.45,132821688.0
2018-10-23,VVAR11,15.95,118872381.0
2018-10-23,WEGE3,19.2,73464100.0
2018-10-24,ABEV3,15.89,520745646.0
2018-10-24,B3SA3,24.57,155274407.0
2018-10-24,BBAS3,39.1,548882500.0
2018-10-24,BBDC3,28.19,72269987.0
2018-10-24,BBDC4,32.57,464799107.0
2018-10-24,BBSE3,25.75,128386669.0
2018-10-24,BRAP4,32.3,77441957.0
2018-10-24,BRFS3,20.13,67875620.0
2018-10-24,BRKM5,51.12,123451055.0
2018-10-24,BRML3,11.42,69623440.0
2018-10-24,BTOW3,34.23,103872206.0
2018-10-24,CCRO3,10.2,56717540.0
2018-10-24,CIEL3,12.3,177364338.0
2018-10-24,CMIG4,10.54,227712025.0
2018-10-24,CPLE6,24.39,16989862.0
2018-10-24,CSAN3,33.86,163954188.0
2018-10-24,CSNA3,9.23,85884885.0
2018-10-24,CVCB3,52.81,34055934.0
2018-10-24,CYRE3,13.6,74624855.0
2018-10-24,ECOR3,8.43,19438897.0
2018-10-24,EGIE3,37.7,56336251.0
2018-10-24,ELET3,21.22,73664762.0
2018-10-24,ELET6,24.58,46278578.0
2018-10-24,EMBR3,17.98,47131523.0
2018-10-24,ENBR3,14.19,46827984.0
2018-10-24,EQTL3,64.13,76918681.0
2018-10-24,ESTC3,21.25,52779470.0
2018-10-24,FIBR3,73.04,121922800.0
2018-10-24,FLRY3,21.63,32703462.0
2018-10-24,GGBR4,14.97,252114432.0
2018-10-24,GOAU4,7.47,82699615.0
2018-10-24,GOLL4,15.94,90285781.0
2018-10-24,HYPE3,29.86,70204522.0
2018-10-24,IGTA3,36.23,48690284.0
2018-10-24,ITSA4,10.7,166526933.0
2018-10-24,ITUB4,47.53,434607202.0
2018-10-24,JBSS3,9.9,67815737.0
2018-10-24,KLBN11,19.0,51323764.0
2018-10-24,KROT3,11.1,74811823.0
2018-10-24,LAME4,17.16,57327732.0
2018-10-24,LREN3,35.0,90921320.0
2018-10-24,MGLU3,168.0,189956154.0
2018-10-24,MRFG3,6.21,16978833.0
2018-10-24,MRVE3,12.11,52773936.0
2018-10-24,MULT3,21.5,68119574.0
2018-10-24,NATU3,31.37,50542357.0
2018-10-24,PCAR4,79.25,84759051.0
2018-10-24,PETR3,28.32,319657249.0
2018-10-24,PETR4,25.68,2463528406.0
2018-10-24,QUAL3,14.79,72857777.0
2018-10-24,RADL3,64.16,83950336.0
2018-10-24,RAIL3,14.99,232658615.0
2018-10-24,RENT3,25.25,197378263.0
2018-10-24,SANB11,40.55,57470946.0
2018-10-24,SBSP3,27.73,214503832.0
2018-10-24,SMLS3,35.18,35799669.0
2018-10-24,SUZB3,42.0,129429894.0
2018-10-24,TAEE11,21.9,39972092.0
2018-10-24,TIMP3,10.68,47409209.0
2018-10-24,UGPA3,39.18,77186736.0
2018-10-24,USIM5,9.7,259022571.0
2018-10-24,VALE3,54.43,1003859041.0
2018-10-24,VIVT4,37.52,64014623.0
2018-10-24,VVAR11,15.2,122789679.0
2018-10-24,WEGE3,19.35,104131959.0
2018-10-25,ABEV3,15.0,1203763966.0
2018-10-25,B3SA3,24.5,335316528.0
2018-10-25,BBAS3,40.1,578570395.0
2018-10-25,BBDC3,29.4,104817670.0
2018-10-25,BBDC4,33.51,617430627.0
2018-10-25,BBSE3,26.36,142125278.0
2018-10-25,BRAP4,32.88,118214793.0
2018-10-25,BRFS3,20.15,101970824.0
2018-10-25,BRKM5,50.66,160896052.0
2018-10-25,BRML3,11.68,64817901.0
2018-10-25,BTOW3,34.65,88423816.0
2018-10-25,CCRO3,10.24,88774318.0
2018-10-25,CIEL3,12.0,179957130.0
2018-10-25,CMIG4,11.29,333179799.0
2018-10-25,CPLE6,25.0,19700754.0
2018-10-25,CSAN3,32.89,128206998.0
2018-10-25,CSNA3,9.3,66991234.0
2018-10-25,CVCB3,55.74,39557064.0
2018-10-25,CYRE3,13.85,71085576.0
2018-10-25,ECOR3,8.69,26747007.0
2018-10-25,EGIE3,37.75,49438201.0
2018-10-25,ELET3,22.04,81446316.0
2018-10-25,ELET6,25.24,56113037.0
2018-10-25,EMBR3,18.69,103684736.0
2018-10-25,ENBR3,14.31,30540993.0
2018-10-25,EQTL3,64.43,54600510.0
2018-10-25,ESTC3,21.71,51635062.0
2018-10-25,FIBR3,73.23,112179476.0
2018-10-25,FLRY3,22.35,28239970.0
2018-10-25,GGBR4,15.37,153220641.0
2018-10-25,GOAU4,7.46,77112422.0
2018-10-25,GOLL4,16.45,97026636.0
2018-10-25,HYPE3,30.15,33447862.0
2018-10-25,IGTA3,36.32,42714703.0
2018-10-25,ITSA4,10.82,224983242.0
2018-10-25,ITUB4,48.08,746368648.0
2018-10-25,JBSS3,10.01,70982154.0
2018-10-25,KLBN11,19.3,85678975.0
2018-10-25,KROT3,11.45,82311988.0
2018-10-25,LAME4,17.4,63267923.0
2018-10-25,LREN3,36.15,176426332.0
2018-10-25,MGLU3,168.22,255258215.0
2018-10-25,MRFG3,6.19,24004575.0
2018-10-25,MRVE3,11.99,53515085.0
2018-10-25,MULT3,21.4,56912855.0
2018-10-25,NATU3,32.17,58935567.0
2018-10-25,PCAR4,79.77,100295900.0
2018-10-25,PETR3,28.91,331275374.0
2018-10-25,PETR4,26.32,2088719848.0
2018-10-25,QUAL3,14.77,23183161.0
2018-10-25,RADL3,65.18,90761392.0
2018-10-25,RAIL3,15.26,138384033.0
2018-10-25,RENT3,26.0,236673177.0
2018-10-25,SANB11,42.0,57571476.0
2018-10-25,SBSP3,27.69,73031304.0
2018-10-25,SMLS3,35.0,51028940.0
2018-10-25,SUZB3,42.23,140397226.0
2018-10-25,TAEE11,22.03,81489169.0
2018-10-25,TIMP3,10.75,64559049.0
2018-10-25,UGPA3,41.31,174695669.0
2018-10-25,USIM5,9.9,138862303.0
2018-10-25,VALE3,54.61,1614926322.0
2018-10-25,VIVT4,38.0,103357593.0
2018-10-25,VVAR11,15.65,141100058.0
2018-10-25,WEGE3,19.01,126298961.0
2018-10-26,ABEV3,15.19,596710454.0
2018-10-26,B3SA3,25.38,349734886.0
2018-10-26,BBAS3,42.42,839886973.0
2018-10-26,BBDC3,29.73,135190059.0
2018-10-26,BBDC4,34.09,828381010.0
2018-10-26,BBSE3,26.03,141806140.0
2018-10-26,BRAP4,33.34,102555378.0
2018-10-26,BRFS3,20.48,105862275.0
2018-10-26,BRKM5,49.9,109147343.0
2018-10-26,BRML3,12.0,111716656.0
2018-10-26,BTOW3,34.21,101542974.0
2018-10-26,CCRO3,10.15,160575348.0
2018-10-26,CIEL3,12.15,150560050.0
2018-10-26,CMIG4,12.05,452536073.0
2018-10-26,CPLE6,25.65,31361253.0
2018-10-26,CSAN3,33.67,130934392.0
2018-10-26,CSNA3,9.3,106745505.0
2018-10-26,CVCB3,57.5,95593588.0
2018-10-26,CYRE3,13.67,46594558.0
2018-10-26,ECOR3,8.95,41161913.0
2018-10-26,EGIE3,38.55,92017319.0
2018-10-26,ELET3,23.32,199326160.0
2018-10-26,ELET6,26.0,99873367.0
2018-10-26,EMBR3,19.64,113916888.0
2018-10-26,ENBR3,14.35,39720488.0
2018-10-26,EQTL3,65.3,90405086.0
2018-10-26,ESTC3,21.9,72983911.0
2018-10-26,FIBR3,71.8,186956480.0
2018-10-26,FLRY3,21.78,49955857.0
2018-10-26,GGBR4,15.79,349031495.0
2018-10-26,GOAU4,7.62,75762783.0
2018-10-26,GOLL4,18.21,192249681.0
2018-10-26,HYPE3,29.6,94579697.0
2018-10-26,IGTA3,37.5,58438532.0
2018-10-26,ITSA4,11.04,417097424.0
2018-10-26,ITUB4,48.98,1120850748.0
2018-10-26,JBSS3,10.03,76659723.0
2018-10-26,KLBN11,18.93,74302492.0
2018-10-26,KROT3,11.64,92656729.0
2018-10-26,LAME4,17.53,85232568.0
2018-10-26,LREN3,36.91,370058419.0
2018-10-26,MGLU3,166.8,255752020.0
2018-10-26,MRFG3,6.32,17030440.0
2018-10-26,MRVE3,12.27,73390588.0
2018-10-26,MULT3,22.0,75871630.0
2018-10-26,NATU3,32.05,94579374.0
2018-10-26,PCAR4,77.98,225885328.0
2018-10-26,PETR3,30.0,530268813.0
2018-10-26,PETR4,27.6,2949976856.0
2018-10-26,QUAL3,14.25,57021891.0
2018-10-26,RADL3,65.96,71175712.0
2018-10-26,RAIL3,15.74,150301258.0
2018-10-26,RENT3,26.62,178143141.0
2018-10-26,SANB11,43.31,79884578.0
2018-10-26,SBSP3,27.8,139293899.0
2018-10-26,SMLS3,36.9,32000843.0
2018-10-26,SUZB3,39.5,366327710.0
2018-10-26,TAEE11,22.42,98757844.0
2018-10-26,TIMP3,10.63,48987082.0
2018-10-26,UGPA3,42.5,193708264.0
2018-10-26,USIM5,10.06,268969252.0
2018-10-26,VALE3,55.6,1457558161.0
2018-10-26,VIVT4,37.97,82957144.0
2018-10-26,VVAR11,16.13,108981576.0
2018-10-26,WEGE3,18.08,143230455.0
2018-10-29,ABEV3,15.43,492700937.0
2018-10-29,B3SA3,25.1,768580179.0
2018-10-29,BBAS3,41.87,1594164631.0
2018-10-29,BBDC3,29.12,123718325.0
2018-10-29,BBDC4,33.45,1072639412.0
2018-10-29,BBSE3,26.02,151508188.0
2018-10-29,BRAP4,31.94,73748360.0
2018-10-29,BRFS3,20.21,166739168.0
2018-10-29,BRKM5,49.55,103110870.0
2018-10-29,BRML3,11.87,207035476.0
2018-10-29,BTOW3,32.28,170582596.0
2018-10-29,CCRO3,10.38,181023544.0
2018-10-29,CIEL3,12.38,162913625.0
2018-10-29,CMIG4,11.39,520361098.0
2018-10-29,CPLE6,25.36,44020621.0
2018-10-29,CSAN3,32.52,83349095.0
2018-10-29,CSNA3,8.92,111607164.0
2018-10-29,CVCB3,55.89,116907676.0
2018-10-29,CYRE3,13.66,138048786.0
2018-10-29,ECOR3,9.03,50027974.0
2018-10-29,EGIE3,38.5,78895380.0
2018-10-29,ELET3,22.03,161569381.0
2018-10-29,ELET6,25.1,102682375.0
2018-10-29,EMBR3,19.38,93171907.0
2018-10-29,ENBR3,14.1,63699574.0
2018-10-29,EQTL3,64.63,62697955.0
2018-10-29,ESTC3,21.5,67775304.0
2018-10-29,FIBR3,71.4,200106447.0
2018-10-29,FLRY3,21.0,48908836.0
2018-10-29,GGBR4,15.64,258439455.0
2018-10-29,GOAU4,7.53,133717323.0
2018-10-29,GOLL4,17.03,272832468.0
2018-10-29,HYPE3,28.8,91445406.0
2018-10-29,IGTA3,37.0,56085050.0
2018-10-29,ITSA4,10.89,384955748.0
2018-10-29,ITUB4,48.08,1270033996.0
2018-10-29,JBSS3,9.77,80373389.0
2018-10-29,KLBN11,18.56,93436645.0
2018-10-29,KROT3,10.8,143493556.0
2018-10-29,LAME4,17.35,102572602.0
2018-10-29,LREN3,35.22,303064299.0
2018-10-29,MGLU3,166.45,232736768.0
2018-10-29,MRFG3,6.2,18601587.0
2018-10-29,MRVE3,12.47,143227645.0
2018-10-29,MULT3,21.75,100222534.0
2018-10-29,NATU3,31.28,64017261.0
2018-10-29,PCAR4,78.17,167345391.0
2018-10-29,PETR3,28.92,772852856.0
2018-10-29,PETR4,26.42,4381284191.0
2018-10-29,QUAL3,14.21,50330637.0
2018-10-29,RADL3,63.2,120715866.0
2018-10-29,RAIL3,15.63,119734423.0
2018-10-29,RENT3,26.29,249316315.0
2018-10-29,SANB11,42.77,91883623.0
2018-10-29,SBSP3,28.3,213367026.0
2018-10-29,SMLS3,36.0,36578324.0
2018-10-29,SUZB3,37.92,293440058.0
2018-10-29,TAEE11,22.27,58306055.0
2018-10-29,TIMP3,10.81,50132166.0
2018-10-29,UGPA3,41.7,181702955.0
2018-10-29,USIM5,10.03,290226579.0
2018-10-29,VALE3,53.1,1418015974.0
2018-10-29,VIVT4,37.68,78677230.0
2018-10-29,VVAR11,15.84,97087795.0
2018-10-29,WEGE3,17.5,120772037.0
2018-10-30,ABEV3,16.05,555295349.0
2018-10-30,B3SA3,26.4,564504307.0
2018-10-30,BBAS3,43.1,956589356.0
2018-10-30,BBDC3,30.41,139570781.0
2018-10-30,BBDC4,34.75,862316139.0
2018-10-30,BBSE3,26.78,95093048.0
2018-10-30,BRAP4,32.85,89788932.0
2018-10-30,BRFS3,21.17,152277292.0
2018-10-30,BRKM5,48.82,113116763.0
2018-10-30,BRML3,12.48,127782417.0
2018-10-30,BTOW3,35.31,132372265.0
2018-10-30,CCRO3,10.8,130574681.0
2018-10-30,CIEL3,12.63,131626804.0
2018-10-30,CMIG4,11.26,379671568.0
2018-10-30,CPLE6,26.3,23861876.0
2018-10-30,CSAN3,32.5,84665482.0
2018-10-30,CSNA3,9.28,90582143.0
2018-10-30,CVCB3,57.75,84384903.0
2018-10-30,CYRE3,14.39,79416961.0
2018-10-30,ECOR3,9.54,38195921.0
2018-10-30,EGIE3,39.53,70266304.0
2018-10-30,ELET3,23.3,103382854.0
2018-10-30,ELET6,26.25,91087658.0
2018-10-30,EMBR3,20.31,132249973.0
2018-10-30,ENBR3,14.1,66359020.0
2018-10-30,EQTL3,66.5,174843940.0
2018-10-30,ESTC3,22.47,93593168.0
2018-10-30,FIBR3,70.67,143310494.0
2018-10-30,FLRY3,21.2,56068806.0
2018-10-30,GGBR4,15.8,273704508.0
2018-10-30,GOAU4,7.66,90967193.0
2018-10-30,GOLL4,18.41,163855500.0
2018-10-30,HYPE3,29.81,56280637.0
2018-10-30,IGTA3,39.42,65178316.0
2018-10-30,ITSA4,11.31,531339220.0
2018-10-30,ITUB4,49.49,1404271825.0
2018-10-30,JBSS3,10.3,59831601.0
2018-10-30,KLBN11,18.44,71159265.0
2018-10-30,KROT3,11.1,136369175.0
2018-10-30,LAME4,18.32,87241375.0
2018-10-30,LREN3,38.21,247483289.0
2018-10-30,MGLU3,169.27,283387204.0
2018-10-30,MRFG3,6.37,16185595.0
2018-10-30,MRVE3,12.86,75782101.0
2018-10-30,MULT3,23.17,147448676.0
2018-10-30,NATU3,32.21,143890248.0
2018-10-30,PCAR4,77.96,181261240.0
2018-10-30,PETR3,30.52,665927555.0
2018-10-30,PETR4,28.0,2934960521.0
2018-10-30,QUAL3,14.65,36130874.0
2018-10-30,RADL3,65.0,139327662.0
2018-10-30,RAIL3,16.15,251890590.0
2018-10-30,RENT3,27.76,206588197.0
2018-10-30,SANB11,44.5,104771077.0
2018-10-30,SBSP3,27.71,95358919.0
2018-10-30,SMLS3,37.8,50761283.0
2018-10-30,SUZB3,36.58,246618712.0
2018-10-30,TAEE11,22.35,91060766.0
2018-10-30,TIMP3,11.71,111049260.0
2018-10-30,UGPA3,45.32,220545696.0
2018-10-30,USIM5,10.36,233508227.0
2018-10-30,VALE3,53.87,1285139081.0
2018-10-30,VIVT4,43.09,179388831.0
2018-10-30,VVAR11,16.9,83718884.0
2018-10-30,WEGE3,18.3,92187733.0
2018-10-31,ABEV3,16.34,441077040.0
2018-10-31,B3SA3,26.54,361349167.0
2018-10-31,BBAS3,42.75,528207647.0
2018-10-31,BBDC3,30.25,95913432.0
2018-10-31,BBDC4,34.3,672310893.0
2018-10-31,BBSE3,26.48,135207307.0
2018-10-31,BRAP4,34.56,92413103.0
2018-10-31,BRFS3,21.9,269232749.0
2018-10-31,BRKM5,52.15,180213009.0
2018-10-31,BRML3,12.7,272196016.0
2018-10-31,BTOW3,34.5,145019951.0
2018-10-31,CCRO3,10.97,150950154.0
2018-10-31,CIEL3,13.2,171654238.0
2018-10-31,CMIG4,11.03,197215668.0
2018-10-31,CPLE6,26.23,44791699.0
2018-10-31,CSAN3,32.25,86923870.0
2018-10-31,CSNA3,9.57,83892101.0
2018-10-31,CVCB3,56.6,85796825.0
2018-10-31,CYRE3,14.6,54173913.0
2018-10-31,ECOR3,9.45,51411893.0
2018-10-31,EGIE3,39.8,44087833.0
2018-10-31,ELET3,23.5,80195247.0
2018-10-31,ELET6,26.6,112776684.0
2018-10-31,EMBR3,20.93,92343465.0
2018-10-31,ENBR3,14.0,49565874.0
2018-10-31,EQTL3,67.99,150557442.0
2018-10-31,ESTC3,23.13,72782669.0
2018-10-31,FIBR3,71.85,142541433.0
2018-10-31,FLRY3,20.85,80348566.0
2018-10-31,GGBR4,16.26,508573277.0
2018-10-31,GOAU4,7.94,139604023.0
2018-10-31,GOLL4,18.4,212580188.0
2018-10-31,HYPE3,29.78,43746495.0
2018-10-31,IGTA3,38.86,47258043.0
2018-10-31,ITSA4,11.24,315308808.0
2018-10-31,ITUB4,49.25,791764928.0
2018-10-31,JBSS3,10.25,68577143.0
2018-10-31,KLBN11,18.67,69496522.0
2018-10-31,KROT3,11.42,112047100.0
2018-10-31,LAME4,18.8,179962825.0
2018-10-31,LREN3,37.6,213982306.0
2018-10-31,MGLU3,168.8,196162526.0
2018-10-31,MRFG3,6.41,16033326.0
2018-10-31,MRVE3,12.64,59142130.0
2018-10-31,MULT3,23.0,138831693.0
2018-10-31,NATU3,32.59,60876419.0
2018-10-31,PCAR4,78.22,258007124.0
2018-10-31,PETR3,30.32,442687110.0
2018-10-31,PETR4,27.62,2327303645.0
2018-10-31,QUAL3,14.4,36230041.0
2018-10-31,RADL3,62.82,178351981.0
2018-10-31,RAIL3,16.65,171284950.0
2018-10-31,RENT3,28.75,324052676.0
2018-10-31,SANB11,42.2,183945322.0
2018-10-31,SBSP3,27.95,137865138.0
2018-10-31,SMLS3,37.25,37159676.0
2018-10-31,SUZB3,37.85,249636950.0
2018-10-31,TAEE11,22.26,49332641.0
2018-10-31,TIMP3,11.59,104568973.0
2018-10-31,UGPA3,44.25,239190578.0
2018-10-31,USIM5,10.28,234622941.0
2018-10-31,VALE3,56.71,1491507507.0
2018-10-31,VIVT4,43.22,151565708.0
2018-10-31,VVAR11,16.87,113288388.0
2018-10-31,WEGE3,18.0,92588794.0
2018-11-01,ABEV3,16.37,366325867.0
2018-11-01,B3SA3,27.44,745139615.0
2018-11-01,BBAS3,43.38,677695533.0
2018-11-01,BBDC3,31.84,137065095.0
2018-11-01,BBDC4,36.26,1444996513.0
2018-11-01,BBSE3,27.15,125159034.0
2018-11-01,BRAP4,35.18,81746694.0
2018-11-01,BRFS3,22.21,113764415.0
2018-11-01,BRKM5,52.2,82252125.0
2018-11-01,BRML3,12.6,114789344.0
2018-11-01,BTOW3,32.14,222855317.0
2018-11-01,CCRO3,11.15,159265155.0
2018-11-01,CIEL3,12.91,179183445.0
2018-11-01,CMIG4,10.99,243575390.0
2018-11-01,CPLE6,27.12,24761009.0
2018-11-01,CSAN3,32.65,71763558.0
2018-11-01,CSNA3,9.67,63687001.0
2018-11-01,CVCB3,56.91,83264773.0
2018-11-01,CYRE3,14.25,40722994.0
2018-11-01,ECOR3,9.48,44585826.0
2018-11-01,EGIE3,40.16,86005142.0
2018-11-01,ELET3,24.0,144164913.0
2018-11-01,ELET6,26.79,82891608.0
2018-11-01,EMBR3,21.27,73172410.0
2018-11-01,ENBR3,14.01,57225713.0
2018-11-01,EQTL3,68.71,105150012.0
2018-11-01,ESTC3,23.02,84157619.0
2018-11-01,FIBR3,71.24,110842562.0
2018-11-01,FLRY3,21.27,82025059.0
2018-11-01,GGBR4,16.42,561977265.0
2018-11-01,GOAU4,8.14,141015253.59
2018-11-01,GOLL4,19.25,181560664.0
2018-11-01,HYPE3,30.2,32847623.0
2018-11-01,IGTA3,38.82,185328624.0
2018-11-01,ITSA4,11.4,236186334.0
2018-11-01,ITUB4,49.94,751921840.0
2018-11-01,JBSS3,10.18,84184695.0
2018-11-01,KLBN11,18.83,39969240.0
2018-11-01,KROT3,11.52,129255210.0
2018-11-01,LAME4,18.4,308103182.0
2018-11-01,LREN3,38.03,156323588.0
2018-11-01,MGLU3,169.93,186897897.0
2018-11-01,MRFG3,6.5,12109436.0
2018-11-01,MRVE3,12.68,53064052.0
2018-11-01,MULT3,23.27,85728225.0
2018-11-01,NATU3,32.49,148225707.0
2018-11-01,PCAR4,83.46,207931460.0
2018-11-01,PETR3,29.77,321416461.0
2018-11-01,PETR4,27.32,2700409710.0
2018-11-01,QUAL3,14.55,23306351.0
2018-11-01,RADL3,63.15,110208886.0
2018-11-01,RAIL3,16.69,220505584.0
2018-11-01,RENT3,28.87,168253638.0
2018-11-01,SANB11,41.8,256630572.0
2018-11-01,SBSP3,28.02,72710096.0
2018-11-01,SMLS3,37.7,26919744.0
2018-11-01,SUZB3,37.04,173220766.0
2018-11-01,TAEE11,22.45,84450575.0
2018-11-01,TIMP3,12.14,76438942.0
2018-11-01,UGPA3,44.25,106765390.0
2018-11-01,USIM5,10.12,192899682.0
2018-11-01,VALE3,57.5,1169969749.0
2018-11-01,VIVT4,44.83,119455790.0
2018-11-01,VVAR11,16.55,69214122.0
2018-11-01,WEGE3,18.2,78797798.0
2018-11-05,ABEV3,16.46,321017860.0
2018-11-05,B3SA3,27.25,271833600.0
2018-11-05,BBAS3,43.41,448296433.0
2018-11-05,BBDC3,33.0,114513638.0
2018-11-05,BBDC4,37.02,745285781.0
2018-11-05,BBSE3,28.15,174110670.0
2018-11-05,BRAP4,35.38,49059773.0
2018-11-05,BRFS3,22.02,143056186.0
2018-11-05,BRKM5,52.91,173301670.0
2018-11-05,BRML3,12.39,70171443.0
2018-11-05,BTOW3,32.74,99469740.0
2018-11-05,CCRO3,11.14,78531367.0
2018-11-05,CIEL3,13.33,171413159.0
2018-11-05,CMIG4,11.5,242127854.0
2018-11-05,CPLE6,27.69,22953524.0
2018-11-05,CSAN3,36.39,146971733.0
2018-11-05,CSNA3,9.91,68865019.0
2018-11-05,CVCB3,57.8,65801518.0
2018-11-05,CYRE3,14.18,32066890.0
2018-11-05,ECOR3,9.59,41536904.0
2018-11-05,EGIE3,41.04,93741066.0
2018-11-05,ELET3,24.72,108037023.0
2018-11-05,ELET6,27.08,73882826.0
2018-11-05,EMBR3,21.79,93825108.0
2018-11-05,ENBR3,14.13,66146777.0
2018-11-05,EQTL3,70.0,107323127.0
2018-11-05,ESTC3,24.06,72965473.0
2018-11-05,FIBR3,71.31,134038237.0
2018-11-05,FLRY3,22.21,54990822.0
2018-11-05,GGBR4,16.94,433333081.0
2018-11-05,GOAU4,8.33,124639221.0
2018-11-05,GOLL4,20.4,174298730.0
2018-11-05,HYPE3,30.58,37025193.0
2018-11-05,IGTA3,38.15,42862526.0
2018-11-05,ITSA4,11.5,222186894.0
2018-11-05,ITUB4,50.48,866298342.0
2018-11-05,JBSS3,10.44,79059202.0
2018-11-05,KLBN11,19.09,52782732.0
2018-11-05,KROT3,12.28,158537879.0
2018-11-05,LAME4,18.0,89720643.0
2018-11-05,LREN3,37.45,199489379.0
2018-11-05,MGLU3,172.96,232538066.0
2018-11-05,MRFG3,6.58,21904471.0
2018-11-05,MRVE3,12.65,43447444.0
2018-11-05,MULT3,22.95,46192292.0
2018-11-05,NATU3,33.0,43977713.0
2018-11-05,PCAR4,83.69,123900178.0
2018-11-05,PETR3,30.65,274099842.0
2018-11-05,PETR4,28.16,1675132544.0
2018-11-05,QUAL3,14.6,22895092.0
2018-11-05,RADL3,66.5,119119904.0
2018-11-05,RAIL3,16.8,264728014.0
2018-11-05,RENT3,28.5,145277112.0
2018-11-05,SANB11,41.64,205739324.0
2018-11-05,SBSP3,28.6,65450904.0
2018-11-05,SMLS3,36.99,33233276.0
2018-11-05,SUZB3,37.86,200681851.0
2018-11-05,TAEE11,23.0,97200695.0
2018-11-05,TIMP3,12.56,115509632.0
2018-11-05,UGPA3,42.96,237852019.0
2018-11-05,USIM5,10.19,130103227.0
2018-11-05,VALE3,57.53,891378095.0
2018-11-05,VIVT4,44.85,119787164.0
2018-11-05,VVAR11,16.75,43097093.0
2018-11-05,WEGE3,18.71,68257824.0
2018-11-06,ABEV3,16.64,299189538.0
2018-11-06,B3SA3,26.86,233029357.0
2018-11-06,BBAS3,42.47,517575841.0
2018-11-06,BBDC3,32.43,66803833.0
2018-11-06,BBDC4,36.62,715633914.0
2018-11-06,BBSE3,27.9,186610899.0
2018-11-06,BRAP4,35.15,43756522.0
2018-11-06,BRFS3,22.0,80492969.0
2018-11-06,BRKM5,53.02,68466349.0
2018-11-06,BRML3,12.07,67370181.0
2018-11-06,BTOW3,32.9,91039186.0
2018-11-06,CCRO3,10.79,79466648.0
2018-11-06,CIEL3,12.89,179170228.0
2018-11-06,CMIG4,11.55,121236828.0
2018-11-06,CPLE6,27.5,14114837.0
2018-11-06,CSAN3,36.4,80322217.0
2018-11-06,CSNA3,9.71,53170198.0
2018-11-06,CVCB3,56.85,61430031.0
2018-11-06,CYRE3,13.89,33541949.0
2018-11-06,ECOR3,9.2,25337978.0
2018-11-06,EGIE3,41.0,67162995.0
2018-11-06,ELET3,24.05,123396754.0
2018-11-06,ELET6,26.83,81487641.0
2018-11-06,EMBR3,21.78,51234421.0
2018-11-06,ENBR3,14.1,72880380.0
2018-11-06,EQTL3,70.11,80517607.0
2018-11-06,ESTC3,23.71,72530473.0
2018-11-06,FIBR3,71.03,172194659.0
2018-11-06,FLRY3,22.0,50412534.0
2018-11-06,GGBR4,16.99,207425808.0
2018-11-06,GOAU4,8.37,97892478.0
2018-11-06,GOLL4,20.51,237096933.0
2018-11-06,HYPE3,29.99,92130627.0
2018-11-06,IGTA3,37.7,46329815.0
2018-11-06,ITSA4,11.55,156090470.0
2018-11-06,ITUB4,50.8,812430517.0
2018-11-06,JBSS3,10.28,70804813.0
2018-11-06,KLBN11,18.8,40907412.0
2018-11-06,KROT3,11.6,125758868.0
2018-11-06,LAME4,17.64,142556304.0
2018-11-06,LREN3,37.25,190439408.0
2018-11-06,MGLU3,158.5,544565305.0
2018-11-06,MRFG3,6.66,23388440.0
2018-11-06,MRVE3,12.61,54424866.0
2018-11-06,MULT3,22.46,45553349.0
2018-11-06,NATU3,33.38,59863361.0
2018-11-06,PCAR4,82.8,205720597.0
2018-11-06,PETR3,29.86,314969563.0
2018-11-06,PETR4,27.19,2627839520.0
2018-11-06,QUAL3,14.59,21541654.0
2018-11-06,RADL3,66.75,112594077.0
2018-11-06,RAIL3,16.44,110738465.0
2018-11-06,RENT3,28.4,78941257.0
2018-11-06,SANB11,41.35,79097905.0
2018-11-06,SBSP3,28.62,42658135.0
2018-11-06,SMLS3,37.05,51253100.0
2018-11-06,SUZB3,37.37,208061713.0
2018-11-06,TAEE11,22.99,115145674.0
2018-11-06,TIMP3,12.57,120299592.0
2018-11-06,UGPA3,42.7,127088975.0
2018-11-06,USIM5,9.93,110367564.0
2018-11-06,VALE3,57.23,644123081.0
2018-11-06,VIVT4,44.6,72262764.0
2018-11-06,VVAR11,16.24,50902787.0
2018-11-06,WEGE3,18.7,61990773.0
2018-11-07,ABEV3,16.35,273523735.0
2018-11-07,B3SA3,25.95,287951186.0
2018-11-07,BBAS3,41.45,490763258.0
2018-11-07,BBDC3,32.3,85467118.0
2018-11-07,BBDC4,35.91,753555584.0
2018-11-07,BBSE3,27.55,90895754.0
2018-11-07,BRAP4,35.24,36355269.0
2018-11-07,BRFS3,22.24,89649177.0
2018-11-07,BRKM5,53.64,68477652.0
2018-11-07,BRML3,11.9,67750257.0
2018-11-07,BTOW3,31.48,131457506.0
2018-11-07,CCRO3,10.85,74665706.0
2018-11-07,CIEL3,12.21,147999551.0
2018-11-07,CMIG4,11.46,160480006.0
2018-11-07,CPLE6,27.09,20315846.0
2018-11-07,CSAN3,34.92,33544089.0
2018-11-07,CSNA3,9.82,62081041.0
2018-11-07,CVCB3,56.5,35413302.0
2018-11-07,CYRE3,13.69,37021183.0
2018-11-07,ECOR3,8.96,29058329.0
2018-11-07,EGIE3,41.19,45706941.0
2018-11-07,ELET3,23.02,91127698.0
2018-11-07,ELET6,25.88,77565812.0
2018-11-07,EMBR3,21.6,59137217.0
2018-11-07,ENBR3,14.08,40412554.0
2018-11-07,EQTL3,70.1,62388011.0
2018-11-07,ESTC3,22.69,69390009.0
2018-11-07,FIBR3,70.98,92537008.0
2018-11-07,FLRY3,21.36,51181553.0
2018-11-07,GGBR4,16.5,331064809.0
2018-11-07,GOAU4,8.33,138529495.0
2018-11-07,GOLL4,20.2,163648440.0
2018-11-07,HYPE3,29.95,28570008.0
2018-11-07,IGTA3,37.1,34337287.0
2018-11-07,ITSA4,11.6,209673612.0
2018-11-07,ITUB4,50.85,789408239.0
2018-11-07,JBSS3,10.55,74544925.0
2018-11-07,KLBN11,18.38,60815938.0
2018-11-07,KROT3,11.48,71452035.0
2018-11-07,LAME4,17.6,131118726.0
2018-11-07,LREN3,36.96,111363174.0
2018-11-07,MGLU3,150.9,732319232.0
2018-11-07,MRFG3,6.5,31764157.0
2018-11-07,MRVE3,12.39,39545871.0
2018-11-07,MULT3,22.29,66244198.0
2018-11-07,NATU3,33.79,47230910.0
2018-11-07,PCAR4,81.77,99518129.0
2018-11-07,PETR3,29.2,355110909.0
2018-11-07,PETR4,26.3,2565203125.0
2018-11-07,QUAL3,14.2,32032804.0
2018-11-07,RADL3,67.0,55678441.0
2018-11-07,RAIL3,16.67,105560446.0
2018-11-07,RENT3,27.65,139903684.0
2018-11-07,SANB11,41.37,90370190.0
2018-11-07,SBSP3,28.15,39897149.0
2018-11-07,SMLS3,36.82,31639521.0
2018-11-07,SUZB3,36.61,130378029.0
2018-11-07,TAEE11,23.06,59137738.0
2018-11-07,TIMP3,12.12,64347076.0
2018-11-07,UGPA3,43.79,240566808.0
2018-11-07,USIM5,9.81,103967635.0
2018-11-07,VALE3,57.59,750009868.0
2018-11-07,VIVT4,43.81,88621149.0
2018-11-07,VVAR11,15.68,51700718.0
2018-11-07,WEGE3,18.86,55933531.0
2018-11-08,ABEV3,15.71,330631962.0
2018-11-08,B3SA3,25.55,281710374.0
2018-11-08,BBAS3,40.6,715116015.0
2018-11-08,BBDC3,31.11,70219489.0
2018-11-08,BBDC4,35.16,563988096.0
2018-11-08,BBSE3,26.73,145496802.0
2018-11-08,BRAP4,35.02,60113034.0
2018-11-08,BRFS3,21.0,150495455.0
2018-11-08,BRKM5,53.18,118410870.0
2018-11-08,BRML3,11.69,89454741.0
2018-11-08,BTOW3,30.72,86076191.0
2018-11-08,CCRO3,10.36,71259748.0
2018-11-08,CIEL3,11.04,303294898.0
2018-11-08,CMIG4,11.15,202929857.0
2018-11-08,CPLE6,27.0,32281177.0
2018-11-08,CSAN3,33.55,74682998.0
2018-11-08,CSNA3,9.8,150052452.0
2018-11-08,CVCB3,56.8,40784095.0
2018-11-08,CYRE3,13.39,38624202.0
2018-11-08,ECOR3,8.58,26689261.0
2018-11-08,EGIE3,40.13,62285304.0
2018-11-08,ELET3,22.48,101831477.0
2018-11-08,ELET6,25.45,54990720.0
2018-11-08,EMBR3,20.55,75336988.0
2018-11-08,ENBR3,13.87,29721970.0
2018-11-08,EQTL3,69.5,102417162.0
2018-11-08,ESTC3,20.78,319290773.0
2018-11-08,FIBR3,70.59,118455188.0
2018-11-08,FLRY3,21.09,30642020.0
2018-11-08,GGBR4,16.08,225963634.0
2018-11-08,GOAU4,8.02,180865133.0
2018-11-08,GOLL4,19.77,127262332.0
2018-11-08,HYPE3,29.61,56561485.0
2018-11-08,IGTA3,36.41,55809681.0
2018-11-08,ITSA4,11.3,246062143.0
2018-11-08,ITUB4,50.15,713620333.0
2018-11-08,JBSS3,10.29,51758648.0
2018-11-08,KLBN11,18.38,91992262.0
2018-11-08,KROT3,10.85,103145097.0
2018-11-08,LAME4,17.11,90046982.0
2018-11-08,LREN3,36.22,125845236.0
2018-11-08,MGLU3,147.57,274176117.0
2018-11-08,MRFG3,6.36,23826229.0
2018-11-08,MRVE3,11.93,116871839.0
2018-11-08,MULT3,22.05,70576160.0
2018-11-08,NATU3,32.9,61211937.0
2018-11-08,PCAR4,80.46,107351619.0
2018-11-08,PETR3,28.24,270334670.0
2018-11-08,PETR4,25.35,3107521988.0
2018-11-08,QUAL3,13.92,22074503.0
2018-11-08,RADL3,66.0,147469572.0
2018-11-08,RAIL3,16.28,134064056.0
2018-11-08,RENT3,26.62,134267264.0
2018-11-08,SANB11,40.87,53465201.0
2018-11-08,SBSP3,27.2,57212538.0
2018-11-08,SMLS3,36.74,39599782.0
2018-11-08,SUZB3,35.47,197881311.0
2018-11-08,TAEE11,22.48,44566202.0
2018-11-08,TIMP3,11.85,88012609.0
2018-11-08,UGPA3,41.39,278374049.0
2018-11-08,USIM5,9.7,124538668.0
2018-11-08,VALE3,57.02,970187523.0
2018-11-08,VIVT4,43.83,104036834.0
2018-11-08,VVAR11,15.29,66389228.0
2018-11-08,WEGE3,18.6,77267983.0
2018-11-09,ABEV3,16.08,330050305.0
2018-11-09,B3SA3,25.69,277025135.0
2018-11-09,BBAS3,41.5,520539135.0
2018-11-09,BBDC3,31.8,76814885.0
2018-11-09,BBDC4,35.68,548824643.0
2018-11-09,BBSE3,26.61,94118182.0
2018-11-09,BRAP4,33.46,82549544.0
2018-11-09,BRFS3,20.57,117576249.0
2018-11-09,BRKM5,52.79,89638599.0
2018-11-09,BRML3,11.68,64193858.0
2018-11-09,BTOW3,31.32,111123900.0
2018-11-09,CCRO3,10.45,51111760.0
2018-11-09,CIEL3,10.6,228690992.0
2018-11-09,CMIG4,11.29,143243675.0
2018-11-09,CPLE6,28.09,21899733.0
2018-11-09,CSAN3,34.31,60215103.0
2018-11-09,CSNA3,9.58,77091312.0
2018-11-09,CVCB3,55.46,68513980.0
2018-11-09,CYRE3,13.4,59445390.0
2018-11-09,ECOR3,8.81,24083105.0
2018-11-09,EGIE3,40.96,30957212.0
2018-11-09,ELET3,23.64,87814571.0
2018-11-09,ELET6,26.1,59589662.0
2018-11-09,EMBR3,20.38,51819497.0
2018-11-09,ENBR3,13.88,33004850.0
2018-11-09,EQTL3,69.25,62103717.0
2018-11-09,ESTC3,21.29,199463929.0
2018-11-09,FIBR3,69.7,169477185.0
2018-11-09,FLRY3,20.64,34821157.0
2018-11-09,GGBR4,16.12,175166640.0
2018-11-09,GOAU4,7.96,81912527.0
2018-11-09,GOLL4,19.94,176860146.0
2018-11-09,HYPE3,30.0,40979001.0
2018-11-09,IGTA3,36.81,27091098.0
2018-11-09,ITSA4,11.55,191880056.0
2018-11-09,ITUB4,50.78,785666421.0
2018-11-09,JBSS3,9.96,93107840.0
2018-11-09,KLBN11,18.1,57788546.0
2018-11-09,KROT3,10.35,179941317.0
2018-11-09,LAME4,17.26,59300416.0
2018-11-09,LREN3,36.79,87233420.0
2018-11-09,MGLU3,146.4,311260365.0
2018-11-09,MRFG3,6.3,22870155.0
2018-11-09,MRVE3,11.97,45809410.0
2018-11-09,MULT3,22.46,45959333.0
2018-11-09,NATU3,35.8,397016011.0
2018-11-09,PCAR4,80.8,161933727.0
2018-11-09,PETR3,28.13,249710561.0
2018-11-09,PETR4,25.46,2369652799.0
2018-11-09,QUAL3,13.79,27749879.0
2018-11-09,RADL3,66.0,46164421.0
2018-11-09,RAIL3,16.48,101137839.0
2018-11-09,RENT3,26.96,102886325.0
2018-11-09,SANB11,41.65,51123037.0
2018-11-09,SBSP3,27.06,42445788.0
2018-11-09,SMLS3,37.17,26515387.0
2018-11-09,SUZB3,34.4,251970805.0
2018-11-09,TAEE11,22.85,54102854.0
2018-11-09,TIMP3,12.07,88404732.0
2018-11-09,UGPA3,40.49,115759313.0
2018-11-09,USIM5,10.02,234416457.0
2018-11-09,VALE3,54.65,1616616496.0
2018-11-09,VIVT4,43.5,78651229.0
2018-11-09,VVAR11,15.9,71238468.0
2018-11-09,WEGE3,18.6,53505150.0
2018-11-12,ABEV3,15.95,178859354.0
2018-11-12,B3SA3,25.89,170414297.0
2018-11-12,BBAS3,42.18,462009480.0
2018-11-12,BBDC3,31.85,67236578.0
2018-11-12,BBDC4,35.65,404619366.0
2018-11-12,BBSE3,26.47,44411567.0
2018-11-12,BRAP4,33.67,29033029.0
2018-11-12,BRFS3,19.96,125412876.0
2018-11-12,BRKM5,51.46,93904013.0
2018-11-12,BRML3,11.56,79047208.0
2018-11-12,BTOW3,33.13,88401295.0
2018-11-12,CCRO3,10.23,109753886.0
2018-11-12,CIEL3,10.53,204438200.0
2018-11-12,CMIG4,11.42,160815927.0
2018-11-12,CPLE6,27.67,30588931.0
2018-11-12,CSAN3,33.51,29349516.0
2018-11-12,CSNA3,9.34,50301522.0
2018-11-12,CVCB3,56.2,43951323.0
2018-11-12,CYRE3,13.06,40357854.0
2018-11-12,ECOR3,8.61,13966852.0
2018-11-12,EGIE3,41.4,48329782.0
2018-11-12,ELET3,23.64,56720903.0
2018-11-12,ELET6,26.34,39748491.0
2018-11-12,EMBR3,20.38,34999261.0
2018-11-12,ENBR3,13.75,23994853.0
2018-11-12,EQTL3,68.21,41750489.0
2018-11-12,ESTC3,21.68,84739748.0
2018-11-12,FIBR3,69.51,62566016.0
2018-11-12,FLRY3,20.59,30136058.0
2018-11-12,GGBR4,15.44,204019004.0
2018-11-12,GOAU4,7.71,100018118.0
2018-11-12,GOLL4,19.6,118238949.0
2018-11-12,HYPE3,29.6,48527348.0
2018-11-12,IGTA3,36.65,53362660.0
2018-11-12,ITSA4,11.44,171028352.0
2018-11-12,ITUB4,50.92,444087599.0
2018-11-12,JBSS3,9.96,56191963.0
2018-11-12,KLBN11,17.9,45500117.0
2018-11-12,KROT3,10.61,72893828.0
2018-11-12,LAME4,17.29,39014866.0
2018-11-12,LREN3,36.35,91119440.0
2018-11-12,MGLU3,153.54,254107502.0
2018-11-12,MRFG3,6.31,15083452.0
2018-11-12,MRVE3,12.04,60955232.0
2018-11-12,MULT3,22.1,49472234.0
2018-11-12,NATU3,35.48,94238068.0
2018-11-12,PCAR4,79.71,87004981.0
2018-11-12,PETR3,27.99,233870434.0
2018-11-12,PETR4,25.33,1615876702.0
2018-11-12,QUAL3,14.18,32308946.0
2018-11-12,RADL3,65.54,36987800.0
2018-11-12,RAIL3,16.35,98340249.0
2018-11-12,RENT3,27.23,92394941.0
2018-11-12,SANB11,42.11,54838104.0
2018-11-12,SBSP3,27.69,42021481.0
2018-11-12,SMLS3,37.0,10561885.0
2018-11-12,SUZB3,34.2,149454683.0
2018-11-12,TAEE11,22.38,38548093.0
2018-11-12,TIMP3,11.87,44902421.0
2018-11-12,UGPA3,40.41,69180920.0
2018-11-12,USIM5,9.7,147402449.0
2018-11-12,VALE3,54.85,877744767.0
2018-11-12,VIVT4,43.57,66997089.0
2018-11-12,VVAR11,16.16,57402002.0
2018-11-12,WEGE3,18.45,30456238.0
2018-11-13,ABEV3,15.76,275894012.0
2018-11-13,B3SA3,25.75,296632310.0
2018-11-13,BBAS3,41.7,473108922.0
2018-11-13,BBDC3,31.18,45764377.0
2018-11-13,BBDC4,35.01,454338691.0
2018-11-13,BBSE3,26.43,76084861.0
2018-11-13,BRAP4,34.31,57762156.0
2018-11-13,BRFS3,19.77,144382922.0
2018-11-13,BRKM5,49.95,175515542.0
2018-11-13,BRML3,11.41,53280178.0
2018-11-13,BTOW3,33.1,113848430.0
2018-11-13,CCRO3,10.2,53798273.0
2018-11-13,CIEL3,10.37,118723007.0
2018-11-13,CMIG4,11.34,98367753.0
2018-11-13,CPLE6,27.82,19943143.0
2018-11-13,CSAN3,32.57,47714843.0
2018-11-13,CSNA3,9.23,49429016.0
2018-11-13,CVCB3,56.4,82182681.0
2018-11-13,CYRE3,13.05,48996844.0
2018-11-13,ECOR3,8.48,16252392.0
2018-11-13,EGIE3,40.11,43876116.0
2018-11-13,ELET3,23.15,84710566.0
2018-11-13,ELET6,25.97,56002800.0
2018-11-13,EMBR3,20.4,56302713.0
2018-11-13,ENBR3,14.16,59308617.0
2018-11-13,EQTL3,68.55,51637066.0
2018-11-13,ESTC3,22.02,90859201.0
2018-11-13,FIBR3,70.79,96989913.0
2018-11-13,FLRY3,20.48,33456526.0
2018-11-13,GGBR4,15.29,218614327.0
2018-11-13,GOAU4,7.59,94573035.0
2018-11-13,GOLL4,19.55,119095470.0
2018-11-13,HYPE3,29.45,65190391.0
2018-11-13,IGTA3,37.0,37498963.0
2018-11-13,ITSA4,11.36,211777958.0
2018-11-13,ITUB4,50.73,649635701.0
2018-11-13,JBSS3,9.85,47564023.0
2018-11-13,KLBN11,17.9,65634608.0
2018-11-13,KROT3,10.28,74048213.0
2018-11-13,LAME4,17.57,76600592.0
2018-11-13,LREN3,37.3,110925313.0
2018-11-13,MGLU3,153.41,264082280.0
2018-11-13,MRFG3,6.18,23527130.0
2018-11-13,MRVE3,11.84,102273451.0
2018-11-13,MULT3,22.17,29495931.0
2018-11-13,NATU3,35.97,78378612.0
2018-11-13,PCAR4,79.21,97280825.0
2018-11-13,PETR3,26.7,272602318.0
2018-11-13,PETR4,24.24,2774023426.0
2018-11-13,QUAL3,13.92,33984723.0
2018-11-13,RADL3,66.9,68601734.0
2018-11-13,RAIL3,16.51,95523268.0
2018-11-13,RENT3,26.81,106603154.0
2018-11-13,SANB11,41.5,56316116.0
2018-11-13,SBSP3,27.48,37244147.0
2018-11-13,SMLS3,36.7,33400859.0
2018-11-13,SUZB3,36.31,243556426.0
2018-11-13,TAEE11,22.38,33879773.0
2018-11-13,TIMP3,11.33,162252228.0
2018-11-13,UGPA3,39.5,92857272.0
2018-11-13,USIM5,9.41,129252772.0
2018-11-13,VALE3,56.27,1040026420.0
2018-11-13,VIVT4,44.33,95618154.0
2018-11-13,VVAR11,15.99,42116933.0
2018-11-13,WEGE3,18.13,55863787.0
2018-11-14,ABEV3,16.03,299716759.0
2018-11-14,B3SA3,26.0,220255127.0
2018-11-14,BBAS3,41.77,649844228.0
2018-11-14,BBDC3,31.5,75608310.0
2018-11-14,BBDC4,35.5,747843594.0
2018-11-14,BBSE3,26.92,75470887.0
2018-11-14,BRAP4,33.96,87474589.0
2018-11-14,BRFS3,20.09,150190488.0
2018-11-14,BRKM5,49.7,247188976.0
2018-11-14,BRML3,12.1,128353848.0
2018-11-14,BTOW3,34.3,196971946.0
2018-11-14,CCRO3,10.37,57579800.0
2018-11-14,CIEL3,9.83,206549038.0
2018-11-14,CMIG4,11.42,136168836.0
2018-11-14,CPLE6,28.1,29039440.0
2018-11-14,CSAN3,33.42,55571846.0
2018-11-14,CSNA3,9.22,80861115.0
2018-11-14,CVCB3,56.05,49152470.0
2018-11-14,CYRE3,13.74,114184199.0
2018-11-14,ECOR3,8.47,32066059.0
2018-11-14,EGIE3,40.93,41665380.0
2018-11-14,ELET3,23.01,100382338.0
2018-11-14,ELET6,26.15,67944335.0
2018-11-14,EMBR3,20.57,71808049.0
2018-11-14,ENBR3,13.48,225523616.0
2018-11-14,EQTL3,69.98,63320192.0
2018-11-14,ESTC3,23.04,165083907.0
2018-11-14,FIBR3,72.2,115502765.0
2018-11-14,FLRY3,20.75,21487159.0
2018-11-14,GGBR4,15.15,275563001.0
2018-11-14,GOAU4,7.47,103755216.0
2018-11-14,GOLL4,20.15,104024831.0
2018-11-14,HYPE3,29.56,32002742.0
2018-11-14,IGTA3,38.49,37053376.0
2018-11-14,ITSA4,11.55,203092665.0
2018-11-14,ITUB4,51.17,924907464.0
2018-11-14,JBSS3,11.4,213483468.0
2018-11-14,KLBN11,17.6,188499766.0
2018-11-14,KROT3,10.95,82337470.0
2018-11-14,LAME4,17.85,112786236.0
2018-11-14,LREN3,37.91,115911526.0
2018-11-14,MGLU3,155.5,223375489.0
2018-11-14,MRFG3,6.26,20231604.0
2018-11-14,MRVE3,11.91,157543641.0
2018-11-14,MULT3,22.55,66887696.0
2018-11-14,NATU3,36.5,69863239.0
2018-11-14,PCAR4,79.73,148784600.0
2018-11-14,PETR3,27.19,313030925.0
2018-11-14,PETR4,25.1,2570829567.0
2018-11-14,QUAL3,13.77,36960778.0
2018-11-14,RADL3,66.6,50448697.0
2018-11-14,RAIL3,16.9,285633135.0
2018-11-14,RENT3,26.83,104997696.0
2018-11-14,SANB11,41.6,48606030.0
2018-11-14,SBSP3,27.64,38657926.0
2018-11-14,SMLS3,36.8,19138109.0
2018-11-14,SUZB3,39.15,398892030.0
2018-11-14,TAEE11,22.49,55498712.0
2018-11-14,TIMP3,11.82,91393466.0
2018-11-14,UGPA3,41.39,110573931.0
2018-11-14,USIM5,9.15,187942767.0
2018-11-14,VALE3,55.16,1557232906.0
2018-11-14,VIVT4,44.73,117071053.0
2018-11-14,VVAR11,15.9,50887639.0
2018-11-14,WEGE3,18.42,54940994.0
2018-11-16,ABEV3,16.5,321534509.0
2018-11-16,B3SA3,27.29,288800354.0
2018-11-16,BBAS3,43.09,638148370.0
2018-11-16,BBDC3,33.25,120391315.0
2018-11-16,BBDC4,37.22,833750028.0
2018-11-16,BBSE3,27.43,101156900.0
2018-11-16,BRAP4,34.85,58287392.0
2018-11-16,BRFS3,20.3,76443726.0
2018-11-16,BRKM5,53.41,210516824.0
2018-11-16,BRML3,12.52,111672212.0
2018-11-16,BTOW3,34.8,100147995.0
2018-11-16,CCRO3,10.88,99759662.0
2018-11-16,CIEL3,9.75,288338628.0
2018-11-16,CMIG4,11.77,178365711.0
2018-11-16,CPLE6,28.68,21408212.0
2018-11-16,CSAN3,34.41,36415992.0
2018-11-16,CSNA3,9.65,67256487.0
2018-11-16,CVCB3,58.01,64217653.0
2018-11-16,CYRE3,14.35,76388541.0
2018-11-16,ECOR3,8.92,21269325.0
2018-11-16,EGIE3,41.76,59403782.0
2018-11-16,ELET3,25.0,95613843.0
2018-11-16,ELET6,28.02,91860548.0
2018-11-16,EMBR3,20.61,66102518.0
2018-11-16,ENBR3,13.76,60896966.0
2018-11-16,EQTL3,71.55,109233138.0
2018-11-16,ESTC3,23.37,117723855.0
2018-11-16,FIBR3,71.84,54251351.0
2018-11-16,FLRY3,20.8,34958906.0
2018-11-16,GGBR4,16.23,267031666.0
2018-11-16,GOAU4,7.9,118364438.0
2018-11-16,GOLL4,20.21,102102493.0
2018-11-16,HYPE3,30.03,43948296.0
2018-11-16,IGTA3,39.42,59573941.0
2018-11-16,ITSA4,11.99,374774800.0
2018-11-16,ITUB4,52.75,1008527869.0
2018-11-16,JBSS3,11.22,90452754.0
2018-11-16,KLBN11,17.7,101239750.0
2018-11-16,KROT3,11.16,84292319.0
2018-11-16,LAME4,18.04,84685213.0
2018-11-16,LREN3,39.22,172756337.0
2018-11-16,MGLU3,156.5,211322538.0
2018-11-16,MRFG3,6.33,18866984.0
2018-11-16,MRVE3,12.4,43821202.0
2018-11-16,MULT3,23.09,57928616.0
2018-11-16,NATU3,36.88,70533545.0
2018-11-16,PCAR4,83.0,112969895.0
2018-11-16,PETR3,28.05,302983897.0
2018-11-16,PETR4,25.8,2579665454.0
2018-11-16,QUAL3,14.3,43874644.0
2018-11-16,RADL3,66.25,108467896.0
2018-11-16,RAIL3,17.56,175650995.0
2018-11-16,RENT3,27.74,159474703.0
2018-11-16,SANB11,43.03,71050146.0
2018-11-16,SBSP3,27.96,50766230.0
2018-11-16,SMLS3,38.0,60953262.0
2018-11-16,SUZB3,38.6,198440426.0
2018-11-16,TAEE11,22.8,48171707.0
2018-11-16,TIMP3,11.85,88845572.0
2018-11-16,UGPA3,43.7,118801697.0
2018-11-16,USIM5,9.79,162142078.0
2018-11-16,VALE3,56.15,1095643588.0
2018-11-16,VIVT4,45.9,97871357.0
2018-11-16,VVAR11,15.87,77678986.0
2018-11-16,WEGE3,18.55,84752641.0
2018-11-19,ABEV3,16.46,237383698.0
2018-11-19,B3SA3,26.26,166432567.0
2018-11-19,BBAS3,44.1,699973855.0
2018-11-19,BBDC3,32.87,90635937.0
2018-11-19,BBDC4,37.06,356216097.0
2018-11-19,BBSE3,26.64,104940433.0
2018-11-19,BRAP4,34.43,136962650.0
2018-11-19,BRFS3,20.16,75883236.0
2018-11-19,BRKM5,53.65,102954051.0
2018-11-19,BRML3,12.25,47431995.0
2018-11-19,BTOW3,35.3,78541795.0
2018-11-19,CCRO3,10.67,56075753.0
2018-11-19,CIEL3,9.26,154468706.0
2018-11-19,CMIG4,11.65,85598483.0
2018-11-19,CPLE6,28.51,11104325.0
2018-11-19,CSAN3,33.67,37359849.0
2018-11-19,CSNA3,9.43,43759265.0
2018-11-19,CVCB3,57.23,45756152.0
2018-11-19,CYRE3,14.2,29000297.0
2018-11-19,ECOR3,8.76,17795712.0
2018-11-19,EGIE3,41.9,37727063.0
2018-11-19,ELET3,24.5,100861906.0
2018-11-19,ELET6,27.77,61608722.0
2018-11-19,EMBR3,20.2,26057769.0
2018-11-19,ENBR3,13.8,45105412.0
2018-11-19,EQTL3,71.0,56989451.0
2018-11-19,ESTC3,23.34,59240655.0
2018-11-19,FIBR3,71.04,133944337.0
2018-11-19,FLRY3,20.6,17934898.0
2018-11-19,GGBR4,16.15,201516799.0
2018-11-19,GOAU4,7.68,118464215.0
2018-11-19,GOLL4,20.14,65120865.0
2018-11-19,HYPE3,29.75,44669904.0
2018-11-19,IGTA3,38.91,36053990.0
2018-11-19,ITSA4,12.07,208740914.0
2018-11-19,ITUB4,52.72,688163746.0
2018-11-19,JBSS3,10.85,68434324.0
2018-11-19,KLBN11,17.4,37686781.0
2018-11-19,KROT3,10.83,62959103.0
2018-11-19,LAME4,17.79,45057705.0
2018-11-19,LREN3,39.62,130220191.0
2018-11-19,MGLU3,156.15,104597350.0
2018-11-19,MRFG3,6.23,14926965.0
2018-11-19,MRVE3,12.28,24518250.0
2018-11-19,MULT3,22.57,35848026.0
2018-11-19,NATU3,37.33,49260601.0
2018-11-19,PCAR4,80.71,82038950.0
2018-11-19,PETR3,28.03,225428354.0
2018-11-19,PETR4,26.0,2065026400.0
2018-11-19,QUAL3,14.3,28305335.0
2018-11-19,RADL3,63.5,124059444.0
2018-11-19,RAIL3,17.39,81706281.0
2018-11-19,RENT3,28.37,122279234.0
2018-11-19,SANB11,42.76,49278686.0
2018-11-19,SBSP3,27.75,44912489.0
2018-11-19,SMLS3,39.25,17429318.0
2018-11-19,SUZB3,37.4,192712952.0
2018-11-19,TAEE11,22.75,30021807.0
2018-11-19,TIMP3,11.69,52815891.0
2018-11-19,UGPA3,43.6,62358144.0
2018-11-19,USIM5,9.34,168357027.0
2018-11-19,VALE3,55.37,719162448.0
2018-11-19,VIVT4,45.0,101786620.0
2018-11-19,VVAR11,15.42,44427126.0
2018-11-19,WEGE3,18.2,49741868.0
2018-11-21,ABEV3,16.38,231911661.0
2018-11-21,B3SA3,26.65,265604949.0
2018-11-21,BBAS3,44.0,546629242.0
2018-11-21,BBDC3,32.56,88502430.0
2018-11-21,BBDC4,36.65,495050087.0
2018-11-21,BBSE3,27.12,120863293.0
2018-11-21,BRAP4,33.75,98443408.0
2018-11-21,BRFS3,21.15,176524499.0
2018-11-21,BRKM5,54.8,90513304.0
2018-11-21,BRML3,12.2,55110686.0
2018-11-21,BTOW3,34.93,70057102.0
2018-11-21,CCRO3,10.89,62587458.0
2018-11-21,CIEL3,9.37,186446062.0
2018-11-21,CMIG4,11.59,94631366.0
2018-11-21,CPLE6,28.55,29567397.0
2018-11-21,CSAN3,33.66,40221238.0
2018-11-21,CSNA3,9.07,65854247.0
2018-11-21,CVCB3,56.91,47319732.0
2018-11-21,CYRE3,14.31,64596500.0
2018-11-21,ECOR3,8.85,18120873.0
2018-11-21,EGIE3,40.93,51518023.0
2018-11-21,ELET3,24.66,59673712.0
2018-11-21,ELET6,27.85,66422878.0
2018-11-21,EMBR3,20.83,71940287.0
2018-11-21,ENBR3,13.8,36153365.0
2018-11-21,EQTL3,71.51,83706586.0
2018-11-21,ESTC3,23.48,51422631.0
2018-11-21,FIBR3,70.71,65277288.0
2018-11-21,FLRY3,20.28,24632107.0
2018-11-21,GGBR4,15.35,246923385.0
2018-11-21,GOAU4,7.49,89130352.0
2018-11-21,GOLL4,21.02,123506555.0
2018-11-21,HYPE3,30.17,46824341.0
2018-11-21,IGTA3,38.98,40820573.0
2018-11-21,ITSA4,11.85,214510608.0
2018-11-21,ITUB4,34.69,556589294.0
2018-11-21,JBSS3,11.32,80057367.0
2018-11-21,KLBN11,17.45,187082721.0
2018-11-21,KROT3,10.77,67173719.0
2018-11-21,LAME4,17.92,58449385.0
2018-11-21,LREN3,38.85,144763421.0
2018-11-21,MGLU3,155.24,144377474.0
2018-11-21,MRFG3,6.22,22066039.0
2018-11-21,MRVE3,12.28,37347561.0
2018-11-21,MULT3,22.88,58702427.0
2018-11-21,NATU3,38.32,69092794.0
2018-11-21,PCAR4,80.73,101532462.0
2018-11-21,PETR3,27.38,328061557.0
2018-11-21,PETR4,25.17,1947083681.0
2018-11-21,QUAL3,14.03,19840564.0
2018-11-21,RADL3,63.1,79832692.0
2018-11-21,RAIL3,17.77,202977473.0
2018-11-21,RENT3,28.24,93294172.0
2018-11-21,SANB11,42.24,46476064.0
2018-11-21,SBSP3,27.65,75222700.0
2018-11-21,SMLS3,38.9,49786672.0
2018-11-21,SUZB3,36.15,189359925.0
2018-11-21,TAEE11,22.49,34693887.0
2018-11-21,TIMP3,11.47,38056360.0
2018-11-21,UGPA3,45.53,141228907.0
2018-11-21,USIM5,9.21,117011242.0
2018-11-21,VALE3,54.53,1007794112.0
2018-11-21,VIVT4,46.25,119155147.0
2018-11-21,VVAR11,15.0,59134428.0
2018-11-21,WEGE3,17.96,55469251.0
2018-11-22,ABEV3,16.5,125152908.0
2018-11-22,B3SA3,26.59,74066664.0
2018-11-22,BBAS3,44.45,471164073.0
2018-11-22,BBDC3,32.63,49974297.0
2018-11-22,BBDC4,36.8,239630206.0
2018-11-22,BBSE3,26.83,56832378.0
2018-11-22,BRAP4,33.06,52901419.0
2018-11-22,BRFS3,22.5,188944258.0
2018-11-22,BRKM5,54.33,36529593.0
2018-11-22,BRML3,12.22,24398334.0
2018-11-22,BTOW3,36.08,85021599.0
2018-11-22,CCRO3,11.22,50683259.0
2018-11-22,CIEL3,9.27,58672640.0
2018-11-22,CMIG4,12.22,277295775.0
2018-11-22,CPLE6,29.11,8689270.0
2018-11-22,CSAN3,33.43,13330000.0
2018-11-22,CSNA3,8.95,35147528.0
2018-11-22,CVCB3,57.76,29830218.0
2018-11-22,CYRE3,14.34,34568400.0
2018-11-22,ECOR3,9.14,17191767.0
2018-11-22,EGIE3,41.15,11402988.0
2018-11-22,ELET3,24.68,37441737.0
2018-11-22,ELET6,27.82,25076730.0
2018-11-22,EMBR3,21.21,47476974.0
2018-11-22,ENBR3,13.5,27032268.0
2018-11-22,EQTL3,71.91,51979071.0
2018-11-22,ESTC3,23.36,21255999.0
2018-11-22,FIBR3,71.37,31904305.0
2018-11-22,FLRY3,20.23,56412831.0
2018-11-22,GGBR4,15.38,144087023.0
2018-11-22,GOAU4,7.35,63152634.0
2018-11-22,GOLL4,22.08,98352220.0
2018-11-22,HYPE3,30.56,14307066.0
2018-11-22,IGTA3,39.36,16236989.0
2018-11-22,ITSA4,11.84,85421689.0
2018-11-22,ITUB4,34.61,229381267.0
2018-11-22,JBSS3,11.15,64747322.0
2018-11-22,KLBN11,17.55,33479008.0
2018-11-22,KROT3,10.86,24627264.0
2018-11-22,LAME4,18.13,28638739.0
2018-11-22,LREN3,38.8,47380125.0
2018-11-22,MGLU3,160.0,177441372.0
2018-11-22,MRFG3,6.38,11655146.0
2018-11-22,MRVE3,12.25,19291881.0
2018-11-22,MULT3,23.05,31322369.0
2018-11-22,NATU3,38.37,42956791.0
2018-11-22,PCAR4,81.39,28200569.0
2018-11-22,PETR3,27.33,118934755.0
2018-11-22,PETR4,25.15,787412889.0
2018-11-22,QUAL3,13.9,10723953.0
2018-11-22,RADL3,63.2,27010782.0
2018-11-22,RAIL3,17.74,56363413.0
2018-11-22,RENT3,27.83,60725242.0
2018-11-22,SANB11,41.78,30864163.0
2018-11-22,SBSP3,27.52,15507550.0
2018-11-22,SMLS3,39.36,20186782.0
2018-11-22,SUZB3,37.92,115587157.0
2018-11-22,TAEE11,22.75,35987877.0
2018-11-22,TIMP3,11.38,13952383.0
2018-11-22,UGPA3,45.4,54525057.0
2018-11-22,USIM5,9.06,67093162.0
2018-11-22,VALE3,54.04,500332111.0
2018-11-22,VIVT4,45.75,25036584.0
2018-11-22,VVAR11,14.75,43561382.0
2018-11-22,WEGE3,17.62,26488586.0
2018-11-23,ABEV3,16.2,243481101.0
2018-11-23,B3SA3,26.4,144314455.0
2018-11-23,BBAS3,44.8,657063759.0
2018-11-23,BBDC3,32.7,85859855.0
2018-11-23,BBDC4,36.72,372280430.0
2018-11-23,BBSE3,27.2,95433363.0
2018-11-23,BRAP4,31.17,111026401.0
2018-11-23,BRFS3,21.64,155498158.0
2018-11-23,BRKM5,54.11,38565574.0
2018-11-23,BRML3,12.3,55025516.0
2018-11-23,BTOW3,37.3,145670903.0
2018-11-23,CCRO3,11.43,93017397.0
2018-11-23,CIEL3,9.25,80923992.0
2018-11-23,CMIG4,12.3,197473688.0
2018-11-23,CPLE6,28.95,14067029.0
2018-11-23,CSAN3,33.1,43431787.0
2018-11-23,CSNA3,8.63,71864003.0
2018-11-23,CVCB3,58.15,28525541.0
2018-11-23,CYRE3,14.02,51061397.0
2018-11-23,ECOR3,9.17,28786840.0
2018-11-23,EGIE3,41.08,20196358.0
2018-11-23,ELET3,24.57,158300500.0
2018-11-23,ELET6,27.65,186172290.0
2018-11-23,EMBR3,20.87,66175013.0
2018-11-23,ENBR3,13.18,50542756.0
2018-11-23,EQTL3,72.48,63299418.0
2018-11-23,ESTC3,22.69,53519421.0
2018-11-23,FIBR3,71.3,48716610.0
2018-11-23,FLRY3,19.98,47640810.0
2018-11-23,GGBR4,14.92,172562761.0
2018-11-23,GOAU4,7.01,159864321.0
2018-11-23,GOLL4,21.9,123182700.0
2018-11-23,HYPE3,31.25,39832489.0
2018-11-23,IGTA3,39.2,33239821.0
2018-11-23,ITSA4,11.86,151016762.0
2018-11-23,ITUB4,34.57,410162443.0
2018-11-23,JBSS3,10.86,56299029.0
2018-11-23,KLBN11,17.16,63176142.0
2018-11-23,KROT3,10.95,73714221.0
2018-11-23,LAME4,18.06,52173292.0
2018-11-23,LREN3,39.23,73711273.0
2018-11-23,MGLU3,162.35,193723073.0
2018-11-23,MRFG3,6.27,15430272.0
2018-11-23,MRVE3,12.04,26182002.0
2018-11-23,MULT3,23.06,29644526.0
2018-11-23,NATU3,38.42,71448568.0
2018-11-23,PCAR4,83.15,72557896.0
2018-11-23,PETR3,26.69,499748479.0
2018-11-23,PETR4,24.37,1898392710.0
2018-11-23,QUAL3,13.54,18942427.0
2018-11-23,RADL3,62.71,58662775.0
2018-11-23,RAIL3,17.3,112695646.0
2018-11-23,RENT3,27.9,70530293.0
2018-11-23,SANB11,42.21,36516874.0
2018-11-23,SBSP3,27.67,32810063.0
2018-11-23,SMLS3,40.35,43357696.0
2018-11-23,SUZB3,37.15,172634730.0
2018-11-23,TAEE11,22.3,19819333.0
2018-11-23,TIMP3,11.18,59870266.0
2018-11-23,UGPA3,45.6,114244728.0
2018-11-23,USIM5,8.62,154129585.0
2018-11-23,VALE3,50.35,1718233694.0
2018-11-23,VIVT4,45.7,50518838.0
2018-11-23,VVAR11,14.58,54222043.0
2018-11-23,WEGE3,17.68,41305966.0
2018-11-26,ABEV3,16.15,248212083.0
2018-11-26,B3SA3,26.39,284259479.0
2018-11-26,BBAS3,44.01,508009782.0
2018-11-26,BBDC3,32.0,114045191.0
2018-11-26,BBDC4,36.19,573477548.0
2018-11-26,BBSE3,27.0,78159047.0
2018-11-26,BRAP4,30.5,79575958.0
2018-11-26,BRFS3,21.8,142863727.0
2018-11-26,BRKM5,54.57,83603868.0
2018-11-26,BRML3,12.25,95108781.0
2018-11-26,BTOW3,37.6,178303623.0
2018-11-26,CCRO3,11.0,142676369.0
2018-11-26,CIEL3,8.75,120774191.0
2018-11-26,CMIG4,12.1,193323021.0
2018-11-26,CPLE6,29.7,34419333.0
2018-11-26,CSAN3,31.92,44516484.0
2018-11-26,CSNA3,8.45,55833929.0
2018-11-26,CVCB3,57.24,52174039.0
2018-11-26,CYRE3,13.85,36747667.0
2018-11-26,ECOR3,8.69,24096370.0
2018-11-26,EGIE3,41.6,41339841.0
2018-11-26,ELET3,24.72,138620634.0
2018-11-26,ELET6,27.63,78278132.0
2018-11-26,EMBR3,21.24,48749966.0
2018-11-26,ENBR3,13.16,51523146.0
2018-11-26,EQTL3,72.2,92370919.0
2018-11-26,ESTC3,22.95,81881862.0
2018-11-26,FIBR3,71.67,99760525.0
2018-11-26,FLRY3,19.96,29859124.0
2018-11-26,GGBR4,14.8,211504807.0
2018-11-26,GOAU4,6.86,176711732.0
2018-11-26,GOLL4,20.25,144141763.0
2018-11-26,HYPE3,31.11,45155480.0
2018-11-26,IGTA3,38.79,40367946.0
2018-11-26,ITSA4,11.64,222380347.0
2018-11-26,ITUB4,34.0,743772436.0
2018-11-26,JBSS3,11.12,94863487.0
2018-11-26,KLBN11,17.22,65764011.0
2018-11-26,KROT3,10.61,150203892.0
2018-11-26,LAME4,17.88,70757230.0
2018-11-26,LREN3,38.03,122997645.0
2018-11-26,MGLU3,158.17,222129421.0
2018-11-26,MRFG3,6.08,24934202.0
2018-11-26,MRVE3,11.98,42257163.0
2018-11-26,MULT3,22.95,63887303.0
2018-11-26,NATU3,38.53,87429547.0
2018-11-26,PCAR4,85.0,221517682.0
2018-11-26,PETR3,27.1,526153191.0
2018-11-26,PETR4,24.25,1524297209.0
2018-11-26,QUAL3,13.18,32629788.0
2018-11-26,RADL3,62.17,43365932.0
2018-11-26,RAIL3,16.94,113300279.0
2018-11-26,RENT3,27.59,101677843.0
2018-11-26,SANB11,40.7,104274842.0
2018-11-26,SBSP3,27.65,200418165.0
2018-11-26,SMLS3,39.65,39855529.0
2018-11-26,SUZB3,37.89,142615805.0
2018-11-26,TAEE11,21.97,42343151.0
2018-11-26,TIMP3,11.38,60902779.0
2018-11-26,UGPA3,45.25,112530592.0
2018-11-26,USIM5,8.53,103396334.0
2018-11-26,VALE3,50.12,1517353779.0
2018-11-26,VIVT4,45.55,66828765.0
2018-11-26,WEGE3,17.74,68976009.0
2018-11-27,ABEV3,16.54,346723574.0
2018-11-27,B3SA3,28.06,330642555.0
2018-11-27,BBAS3,45.05,603563437.0
2018-11-27,BBDC3,33.3,100189569.0
2018-11-27,BBDC4,37.67,478867856.0
2018-11-27,BBSE3,27.78,94879568.0
2018-11-27,BRAP4,30.4,54545242.0
2018-11-27,BRFS3,22.06,128597351.0
2018-11-27,BRKM5,54.53,74020312.0
2018-11-27,BRML3,12.67,114612720.0
2018-11-27,BTOW3,37.84,235177278.0
2018-11-27,CCRO3,11.44,63665047.0
2018-11-27,CIEL3,8.6,258458220.0
2018-11-27,CMIG4,12.41,249764118.0
2018-11-27,CPLE6,31.91,51444621.0
2018-11-27,CSAN3,32.52,33839113.0
2018-11-27,CSNA3,8.56,53438437.0
2018-11-27,CVCB3,59.45,89971180.0
2018-11-27,CYRE3,14.2,34151021.0
2018-11-27,ECOR3,9.0,30103053.0
2018-11-27,EGIE3,43.55,72578076.0
2018-11-27,ELET3,25.8,178619432.0
2018-11-27,ELET6,28.93,92006345.0
2018-11-27,EMBR3,21.48,80128325.0
2018-11-27,ENBR3,13.39,59338832.0
2018-11-27,EQTL3,74.18,93722575.0
2018-11-27,ESTC3,24.14,120912529.0
2018-11-27,FIBR3,71.03,77647516.0
2018-11-27,FLRY3,21.24,34791363.0
2018-11-27,GGBR4,14.7,199309721.0
2018-11-27,GOAU4,6.98,114015205.0
2018-11-27,GOLL4,20.6,84910781.0
2018-11-27,HYPE3,31.55,52295741.0
2018-11-27,IGTA3,39.67,55505000.0
2018-11-27,ITSA4,12.09,258577511.0
2018-11-27,ITUB4,35.15,606257555.0
2018-11-27,JBSS3,11.45,106772401.0
2018-11-27,KLBN11,17.3,89849448.0
2018-11-27,KROT3,10.93,110434539.0
2018-11-27,LAME4,18.49,85421580.0
2018-11-27,LREN3,39.49,133825101.0
2018-11-27,MGLU3,168.77,237187766.0
2018-11-27,MRFG3,6.13,24545475.0
2018-11-27,MRVE3,12.23,55949441.0
2018-11-27,MULT3,23.23,99121178.0
2018-11-27,NATU3,38.25,54990528.0
2018-11-27,PCAR4,85.49,130522881.0
2018-11-27,PETR3,28.02,413872614.0
2018-11-27,PETR4,25.53,2261074378.0
2018-11-27,QUAL3,13.32,35562268.0
2018-11-27,RADL3,62.8,73379032.0
2018-11-27,RAIL3,17.52,133748743.0
2018-11-27,RENT3,28.0,131629283.0
2018-11-27,SANB11,42.0,75054091.0
2018-11-27,SBSP3,28.4,79288208.0
2018-11-27,SMLS3,42.25,58716834.0
2018-11-27,SUZB3,37.01,136106952.0
2018-11-27,TAEE11,22.62,49078872.0
2018-11-27,TIMP3,11.85,42223292.0
2018-11-27,UGPA3,46.1,125472945.0
2018-11-27,USIM5,8.72,119528458.0
2018-11-27,VALE3,49.92,1273834166.0
2018-11-27,VIVT4,46.75,152138906.0
2018-11-27,WEGE3,18.05,54552861.0
2018-11-28,ABEV3,16.69,309770433.0
2018-11-28,B3SA3,28.2,272061466.0
2018-11-28,BBAS3,45.76,599380604.0
2018-11-28,BBDC3,34.38,102078078.0
2018-11-28,BBDC4,38.44,649283530.0
2018-11-28,BBSE3,28.71,124951553.0
2018-11-28,BRAP4,31.4,74119101.0
2018-11-28,BRFS3,22.08,125157248.0
2018-11-28,BRKM5,54.89,60746876.0
2018-11-28,BRML3,12.85,135119030.0
2018-11-28,BTOW3,39.3,177403982.0
2018-11-28,CCRO3,11.46,114085235.0
2018-11-28,CIEL3,9.12,483065247.0
2018-11-28,CMIG4,12.47,167329828.0
2018-11-28,CPLE6,32.45,68130882.0
2018-11-28,CSAN3,32.49,37841564.0
2018-11-28,CSNA3,8.66,73845244.0
2018-11-28,CVCB3,61.51,60057308.0
2018-11-28,CYRE3,14.17,39266465.0
2018-11-28,ECOR3,8.91,18103429.0
2018-11-28,EGIE3,44.0,43054352.0
2018-11-28,ELET3,25.73,102848348.0
2018-11-28,ELET6,29.03,65270038.0
2018-11-28,EMBR3,21.74,81125079.0
2018-11-28,ENBR3,13.63,71134673.0
2018-11-28,EQTL3,74.45,167089379.0
2018-11-28,ESTC3,24.74,96609808.0
2018-11-28,FIBR3,71.09,157789342.0
2018-11-28,FLRY3,21.81,56375623.0
2018-11-28,GGBR4,15.07,210377822.0
2018-11-28,GOAU4,7.04,112906295.0
2018-11-28,GOLL4,20.9,92531223.0
2018-11-28,HYPE3,31.85,60825260.0
2018-11-28,IGTA3,39.4,60365974.0
2018-11-28,ITSA4,12.37,222096731.0
2018-11-28,ITUB4,36.03,688240929.0
2018-11-28,JBSS3,11.51,52653395.0
2018-11-28,KLBN11,17.05,71822886.0
2018-11-28,KROT3,10.96,69198199.0
2018-11-28,LAME4,19.68,165573090.0
2018-11-28,LREN3,39.5,129721724.0
2018-11-28,MGLU3,170.05,332648158.0
2018-11-28,MRFG3,6.2,10167370.0
2018-11-28,MRVE3,12.25,50659218.0
2018-11-28,MULT3,23.25,90388687.0
2018-11-28,NATU3,39.3,65746701.0
2018-11-28,PCAR4,86.5,210239502.0
2018-11-28,PETR3,27.67,541331149.0
2018-11-28,PETR4,25.38,2367020817.0
2018-11-28,QUAL3,13.97,32551926.0
2018-11-28,RADL3,62.4,158109667.0
2018-11-28,RAIL3,17.48,148744015.0
2018-11-28,RENT3,28.02,198109130.0
2018-11-28,SANB11,43.03,59824595.0
2018-11-28,SBSP3,28.77,53527309.0
2018-11-28,SMLS3,42.51,32760697.0
2018-11-28,SUZB3,36.74,172693519.0
2018-11-28,TAEE11,22.65,25839785.0
2018-11-28,TIMP3,12.04,32289524.0
2018-11-28,UGPA3,47.2,157039392.0
2018-11-28,USIM5,8.69,227354083.0
2018-11-28,VALE3,52.3,1497792983.0
2018-11-28,VIVT4,46.75,104392933.0
2018-11-28,WEGE3,18.14,34812770.0
2018-11-29,ABEV3,16.64,366202282.0
2018-11-29,B3SA3,28.65,174156997.0
2018-11-29,BBAS3,45.24,440943168.0
2018-11-29,BBDC3,34.62,83362584.0
2018-11-29,BBDC4,38.92,537504877.0
2018-11-29,BBSE3,28.48,89797694.0
2018-11-29,BRAP4,31.49,46439998.0
2018-11-29,BRFS3,22.5,88083579.0
2018-11-29,BRKM5,55.83,75856385.0
2018-11-29,BRML3,12.96,120439170.0
2018-11-29,BTOW3,38.73,102153497.0
2018-11-29,CCRO3,12.74,286821339.0
2018-11-29,CIEL3,8.91,116803586.0
2018-11-29,CMIG4,12.63,116239653.0
2018-11-29,CPLE6,32.6,39707961.0
2018-11-29,CSAN3,33.88,54053007.0
2018-11-29,CSNA3,8.78,53461579.0
2018-11-29,CVCB3,60.62,49991485.0
2018-11-29,CYRE3,13.82,45404881.0
2018-11-29,ECOR3,9.41,64908102.0
2018-11-29,EGIE3,43.85,34599590.0
2018-11-29,ELET3,25.77,75050651.0
2018-11-29,ELET6,29.25,71095620.0
2018-11-29,EMBR3,21.75,73761720.0
2018-11-29,ENBR3,13.7,46825302.0
2018-11-29,EQTL3,74.0,46311506.0
2018-11-29,ESTC3,25.55,109624418.0
2018-11-29,FIBR3,72.28,91085159.0
2018-11-29,FLRY3,21.74,16142499.0
2018-11-29,GGBR4,15.1,152401462.0
2018-11-29,GOAU4,7.11,105466032.0
2018-11-29,GOLL4,21.35,69971125.0
2018-11-29,HYPE3,32.1,36864036.0
2018-11-29,IGTA3,39.27,53653353.0
2018-11-29,ITSA4,12.49,303447661.0
2018-11-29,ITUB4,36.35,525977349.0
2018-11-29,JBSS3,11.75,76446061.0
2018-11-29,KLBN11,17.05,79675088.0
2018-11-29,KROT3,10.9,118963275.0
2018-11-29,LAME4,19.98,80203311.0
2018-11-29,LREN3,39.44,239752040.0
2018-11-29,MGLU3,171.24,292284882.0
2018-11-29,MRFG3,6.2,13336729.0
2018-11-29,MRVE3,12.12,62526363.0
2018-11-29,MULT3,23.5,92608249.0
2018-11-29,NATU3,40.38,89437760.0
2018-11-29,PCAR4,83.53,159339661.0
2018-11-29,PETR3,27.85,254365350.0
2018-11-29,PETR4,25.17,1654755900.0
2018-11-29,QUAL3,14.2,49689893.0
2018-11-29,RADL3,62.18,68481334.0
2018-11-29,RAIL3,17.6,113875848.0
2018-11-29,RENT3,27.82,125835647.0
2018-11-29,SANB11,43.5,66271553.0
2018-11-29,SBSP3,28.71,28224416.0
2018-11-29,SMLS3,43.41,33146746.0
2018-11-29,SUZB3,38.93,245833268.0
2018-11-29,TAEE11,22.65,23834886.0
2018-11-29,TIMP3,12.04,27621418.0
2018-11-29,UGPA3,48.42,141300949.0
2018-11-29,USIM5,8.98,151368734.0
2018-11-29,VALE3,52.0,1214866826.0
2018-11-29,VIVT4,46.75,69027357.0
2018-11-29,WEGE3,18.21,52474193.0
2018-11-30,ABEV3,16.92,590720096.0
2018-11-30,B3SA3,28.2,214302010.0
2018-11-30,BBAS3,44.63,505114369.0
2018-11-30,BBDC3,33.59,166943194.0
2018-11-30,BBDC4,38.46,610897812.0
2018-11-30,BBSE3,28.32,315419463.0
2018-11-30,BRAP4,31.78,84298985.0
2018-11-30,BRFS3,22.17,150076104.0
2018-11-30,BRKM5,54.18,108834513.0
2018-11-30,BRML3,13.01,85436541.0
2018-11-30,BTOW3,38.27,819873084.0
2018-11-30,CCRO3,12.99,264399790.0
2018-11-30,CIEL3,9.52,324926700.0
2018-11-30,CMIG4,12.71,178489868.0
2018-11-30,CPLE6,32.5,34043131.0
2018-11-30,CSAN3,34.46,73297130.0
2018-11-30,CSNA3,8.87,81397529.0
2018-11-30,CVCB3,61.85,95137078.0
2018-11-30,CYRE3,14.24,35563299.0
2018-11-30,ECOR3,9.3,27468860.0
2018-11-30,EGIE3,43.01,90496670.0
2018-11-30,ELET3,24.43,162768180.0
2018-11-30,ELET6,28.32,150523204.0
2018-11-30,EMBR3,21.8,83641072.0
2018-11-30,ENBR3,13.69,573131286.0
2018-11-30,EQTL3,72.64,97468587.0
2018-11-30,ESTC3,24.75,106945695.0
2018-11-30,FIBR3,73.22,246504078.0
2018-11-30,FLRY3,21.6,34354881.0
2018-11-30,GGBR4,15.48,192882695.0
2018-11-30,GOAU4,7.32,82863793.0
2018-11-30,GOLL4,21.6,73901153.0
2018-11-30,HYPE3,32.1,154777806.0
2018-11-30,IGTA3,39.13,41530779.0
2018-11-30,ITSA4,12.34,503796088.0
2018-11-30,ITUB4,36.02,791259872.0
2018-11-30,JBSS3,11.77,87683661.0
2018-11-30,KLBN11,16.75,134358444.0
2018-11-30,KROT3,10.5,495593960.0
2018-11-30,LAME4,19.71,132042968.0
2018-11-30,LREN3,39.1,171219575.0
2018-11-30,MGLU3,164.63,292466581.0
2018-11-30,MRFG3,6.2,11610674.0
2018-11-30,MRVE3,12.13,34806609.0
2018-11-30,MULT3,23.21,76710681.0
2018-11-30,NATU3,40.91,120551326.0
2018-11-30,PCAR4,83.41,137174481.0
2018-11-30,PETR3,28.13,329330019.0
2018-11-30,PETR4,25.46,2303004357.0
2018-11-30,QUAL3,13.86,185548129.0
2018-11-30,RADL3,62.13,100203166.0
2018-11-30,RAIL3,17.44,168721186.0
2018-11-30,RENT3,26.91,199681480.0
2018-11-30,SANB11,42.72,96381480.0
2018-11-30,SBSP3,28.23,52557358.0
2018-11-30,SMLS3,44.2,60726274.0
2018-11-30,SUZB3,40.89,505421732.0
2018-11-30,TAEE11,22.48,30213120.0
2018-11-30,TIMP3,11.86,64545589.0
2018-11-30,UGPA3,47.25,114269653.0
2018-11-30,USIM5,9.35,210601754.0
2018-11-30,VALE3,52.8,1558424964.0
2018-11-30,VIVT4,46.01,119041079.0
2018-11-30,WEGE3,17.82,71598904.0
2018-12-03,ABEV3,16.74,461667433.0
2018-12-03,B3SA3,28.15,319960785.0
2018-12-03,BBAS3,44.1,556561766.0
2018-12-03,BBDC3,33.48,102669127.0
2018-12-03,BBDC4,37.8,882725814.0
2018-12-03,BBSE3,27.94,103639817.0
2018-12-03,BRAP4,32.15,153163014.0
2018-12-03,BRFS3,22.55,622460550.0
2018-12-03,BRKM5,53.64,79737023.0
2018-12-03,BRML3,13.1,135397071.0
2018-12-03,BTOW3,39.29,84607596.0
2018-12-03,CCRO3,12.9,128848191.0
2018-12-03,CIEL3,9.66,130723357.0
2018-12-03,CMIG4,12.65,298519271.0
2018-12-03,CPLE6,33.4,42041614.0
2018-12-03,CSAN3,35.23,55506708.0
2018-12-03,CSNA3,9.18,76829074.0
2018-12-03,CVCB3,61.09,103181690.0
2018-12-03,CYRE3,14.26,32478159.0
2018-12-03,ECOR3,9.48,43845748.0
2018-12-03,EGIE3,43.3,57166952.0
2018-12-03,ELET3,24.6,99317839.0
2018-12-03,ELET6,28.68,61000057.0
2018-12-03,EMBR3,21.8,85304892.0
2018-12-03,ENBR3,14.03,74860437.0
2018-12-03,EQTL3,73.5,85008318.0
2018-12-03,ESTC3,25.14,97494602.0
2018-12-03,FIBR3,73.77,256105821.0
2018-12-03,FLRY3,21.56,30969832.0
2018-12-03,GGBR4,16.15,356321456.0
2018-12-03,GOAU4,7.6,204278663.0
2018-12-03,GOLL4,21.35,76049381.0
2018-12-03,HYPE3,32.19,49387977.0
2018-12-03,IGTA3,38.44,52781169.0
2018-12-03,ITSA4,12.23,296667484.0
2018-12-03,ITUB4,35.55,857347560.0
2018-12-03,JBSS3,11.96,112066024.0
2018-12-03,KLBN11,16.76,197897582.0
2018-12-03,KROT3,10.59,203904551.0
2018-12-03,LAME4,19.77,123325773.0
2018-12-03,LREN3,39.17,181041400.0
2018-12-03,MGLU3,162.13,186368331.0
2018-12-03,MRFG3,6.36,17084788.0
2018-12-03,MRVE3,12.06,46682767.0
2018-12-03,MULT3,22.87,82440531.0
2018-12-03,NATU3,41.57,113005069.0
2018-12-03,PCAR4,85.98,158551074.0
2018-12-03,PETR3,28.93,626714608.0
2018-12-03,PETR4,25.94,2375311814.0
2018-12-03,QUAL3,14.02,23152312.0
2018-12-03,RADL3,63.46,158735044.0
2018-12-03,RAIL3,16.78,218874368.0
2018-12-03,RENT3,26.56,156434913.0
2018-12-03,SANB11,43.06,56834953.0
2018-12-03,SBSP3,28.46,58940062.0
2018-12-03,SMLS3,43.4,44197342.0
2018-12-03,SUZB3,41.6,238330069.0
2018-12-03,TAEE11,22.52,35587601.0
2018-12-03,TIMP3,11.86,57359179.0
2018-12-03,UGPA3,47.58,112386105.0
2018-12-03,USIM5,9.79,213954419.0
2018-12-03,VALE3,54.11,1769910366.0
2018-12-03,VIVT4,46.31,72922211.0
2018-12-03,WEGE3,17.96,65246470.0
2018-12-04,ABEV3,16.65,559947131.0
2018-12-04,B3SA3,27.9,345326427.0
2018-12-04,BBAS3,43.66,486840074.0
2018-12-04,BBDC3,33.5,86531213.0
2018-12-04,BBDC4,37.68,691321517.0
2018-12-04,BBSE3,27.5,105666305.0
2018-12-04,BRAP4,31.54,107837553.0
2018-12-04,BRFS3,22.4,149483985.0
2018-12-04,BRKM5,52.66,61730141.0
2018-12-04,BRML3,13.14,95861596.0
2018-12-04,BTOW3,39.4,107573581.0
2018-12-04,CCRO3,12.3,179073633.0
2018-12-04,CIEL3,9.53,179961877.0
2018-12-04,CMIG4,12.53,150904884.0
2018-12-04,CPLE6,33.1,30396338.0
2018-12-04,CSAN3,34.68,47207292.0
2018-12-04,CSNA3,8.91,49649560.0
2018-12-04,CVCB3,58.85,77908208.0
2018-12-04,CYRE3,14.03,33203435.0
2018-12-04,ECOR3,9.36,49355550.0
2018-12-04,EGIE3,43.5,56924935.0
2018-12-04,ELET3,24.36,130201908.0
2018-12-04,ELET6,28.49,85635960.0
2018-12-04,EMBR3,21.39,81237620.0
2018-12-04,ENBR3,13.82,66142180.0
2018-12-04,EQTL3,72.15,81852249.0
2018-12-04,ESTC3,24.39,66424222.0
2018-12-04,FIBR3,67.55,123455242.0
2018-12-04,FLRY3,21.55,37585871.0
2018-12-04,GGBR4,15.81,223199593.0
2018-12-04,GOAU4,7.39,91212016.0
2018-12-04,GOLL4,20.46,79182024.0
2018-12-04,HYPE3,31.46,83862086.0
2018-12-04,IGTA3,38.25,65719391.0
2018-12-04,ITSA4,12.05,324157526.0
2018-12-04,ITUB4,35.51,830706940.0
2018-12-04,JBSS3,11.48,111795934.0
2018-12-04,KLBN11,16.28,105674225.0
2018-12-04,KROT3,10.2,89022295.0
2018-12-04,LAME4,19.57,87953809.0
2018-12-04,LREN3,38.36,170626463.0
2018-12-04,MGLU3,164.8,275322324.0
2018-12-04,MRFG3,6.25,25289927.0
2018-12-04,MRVE3,11.79,45894038.0
2018-12-04,MULT3,22.74,77844620.0
2018-12-04,NATU3,41.0,98753049.0
2018-12-04,PCAR4,84.78,241835934.0
2018-12-04,PETR3,28.42,395509430.0
2018-12-04,PETR4,25.34,1721135188.0
2018-12-04,QUAL3,13.83,36719983.0
2018-12-04,RADL3,64.0,134702733.0
2018-12-04,RAIL3,16.35,154575580.0
2018-12-04,RENT3,26.37,126812662.0
2018-12-04,SANB11,42.48,61922139.0
2018-12-04,SBSP3,28.51,113124653.0
2018-12-04,SMLS3,42.15,29856093.0
2018-12-04,SUZB3,39.65,306042548.0
2018-12-04,TAEE11,22.72,43540599.0
2018-12-04,TIMP3,11.87,40699545.0
2018-12-04,UGPA3,47.03,107161636.0
2018-12-04,USIM5,9.38,168700658.0
2018-12-04,VALE3,52.88,1438900836.0
2018-12-04,VIVT4,45.94,83356438.0
2018-12-04,WEGE3,18.04,66396868.0
2018-12-05,ABEV3,16.54,152171267.0
2018-12-05,B3SA3,28.21,119293682.0
2018-12-05,BBAS3,44.1,216890251.0
2018-12-05,BBDC3,33.62,28588440.0
2018-12-05,BBDC4,37.66,223549304.0
2018-12-05,BBSE3,27.8,74073686.0
2018-12-05,BRAP4,31.65,21912036.0
2018-12-05,BRFS3,23.35,129281895.0
2018-12-05,BRKM5,51.0,97281075.0
2018-12-05,BRML3,13.0,60784961.0
2018-12-05,BTOW3,39.9,44710494.0
2018-12-05,CCRO3,12.6,57535310.0
2018-12-05,CIEL3,9.27,90445603.0
2018-12-05,CMIG4,12.42,100174153.0
2018-12-05,CPLE6,34.2,43226391.0
2018-12-05,CSAN3,33.65,34490177.0
2018-12-05,CSNA3,8.94,33338539.0
2018-12-05,CVCB3,59.4,39352985.0
2018-12-05,CYRE3,14.4,44991027.0
2018-12-05,ECOR3,9.77,28820890.0
2018-12-05,EGIE3,44.07,22046847.0
2018-12-05,ELET3,24.65,62250176.0
2018-12-05,ELET6,28.57,47554588.0
2018-12-05,EMBR3,21.5,24728954.0
2018-12-05,ENBR3,13.93,45715042.0
2018-12-05,EQTL3,72.7,66015419.0
2018-12-05,ESTC3,24.7,51315026.0
2018-12-05,FIBR3,67.8,36322992.0
2018-12-05,FLRY3,21.4,21127503.0
2018-12-05,GGBR4,16.0,107209108.0
2018-12-05,GOAU4,7.47,58626988.0
2018-12-05,GOLL4,20.85,44331641.0
2018-12-05,HYPE3,31.64,27901152.0
2018-12-05,IGTA3,39.0,25256005.0
2018-12-05,ITSA4,12.05,240996977.0
2018-12-05,ITUB4,35.53,496778077.0
2018-12-05,JBSS3,12.11,114222965.0
2018-12-05,KLBN11,16.29,42718170.0
2018-12-05,KROT3,10.24,57748559.0
2018-12-05,LAME4,19.78,56870926.0
2018-12-05,LREN3,39.4,75023936.0
2018-12-05,MGLU3,164.91,79056204.0
2018-12-05,MRFG3,6.33,21065972.0
2018-12-05,MRVE3,11.96,40533115.0
2018-12-05,MULT3,23.07,22224980.0
2018-12-05,NATU3,41.89,56829435.0
2018-12-05,PCAR4,83.41,128296961.0
2018-12-05,PETR3,28.59,124572957.0
2018-12-05,PETR4,25.56,1375504422.0
2018-12-05,QUAL3,14.58,47230143.0
2018-12-05,RADL3,62.69,113274554.0
2018-12-05,RAIL3,16.6,115454430.0
2018-12-05,RENT3,26.5,50699374.0
2018-12-05,SANB11,43.0,25219236.0
2018-12-05,SBSP3,28.68,23220683.0
2018-12-05,SMLS3,43.8,38090174.0
2018-12-05,SUZB3,39.79,122940180.0
2018-12-05,TAEE11,22.85,54584207.0
2018-12-05,TIMP3,11.94,22524201.0
2018-12-05,UGPA3,47.3,101400113.0
2018-12-05,USIM5,9.49,89814030.0
2018-12-05,VALE3,52.8,511029656.0
2018-12-05,VIVT4,46.63,21584783.0
2018-12-05,WEGE3,17.85,27237547.0
2018-12-06,ABEV3,16.39,294160801.0
2018-12-06,B3SA3,28.59,333670625.0
2018-12-06,BBAS3,44.37,360994329.0
2018-12-06,BBDC3,34.09,57230865.0
2018-12-06,BBDC4,38.07,429770214.0
2018-12-06,BBSE3,28.5,153925060.0
2018-12-06,BRAP4,31.41,52010641.0
2018-12-06,BRFS3,23.08,149505773.0
2018-12-06,BRKM5,50.3,100640028.0
2018-12-06,BRML3,12.83,99325658.0
2018-12-06,BTOW3,39.26,91830340.0
2018-12-06,CCRO3,12.42,64199823.0
2018-12-06,CIEL3,9.63,123036790.0
2018-12-06,CMIG4,12.33,109288941.0
2018-12-06,CPLE6,33.07,41006894.0
2018-12-06,CSAN3,33.68,46568648.0
2018-12-06,CSNA3,8.99,40522857.0
2018-12-06,CVCB3,59.56,48231358.0
2018-12-06,CYRE3,14.7,43903581.0
2018-12-06,ECOR3,9.65,32800971.0
2018-12-06,EGIE3,44.27,54074924.0
2018-12-06,ELET3,24.73,86483693.0
2018-12-06,ELET6,28.7,65508944.0
2018-12-06,EMBR3,21.0,72562958.0
2018-12-06,ENBR3,13.82,37465448.0
2018-12-06,EQTL3,71.25,133222525.0
2018-12-06,ESTC3,24.84,55904128.0
2018-12-06,FIBR3,67.59,89800694.0
2018-12-06,FLRY3,21.92,27074507.0
2018-12-06,GGBR4,15.82,192018740.0
2018-12-06,GOAU4,7.37,95591623.0
2018-12-06,GOLL4,20.41,62777678.0
2018-12-06,HYPE3,31.84,53887588.0
2018-12-06,IGTA3,38.76,62052967.0
2018-12-06,ITSA4,12.36,296055414.0
2018-12-06,ITUB4,35.85,656511420.0
2018-12-06,JBSS3,12.2,101704287.0
2018-12-06,KLBN11,16.22,103575944.0
2018-12-06,KROT3,10.19,80995460.0
2018-12-06,LAME4,19.81,60161959.0
2018-12-06,LREN3,39.91,101985507.0
2018-12-06,MGLU3,165.33,118136724.0
2018-12-06,MRFG3,6.34,19264194.0
2018-12-06,MRVE3,12.0,83851950.0
2018-12-06,MULT3,23.24,48264613.0
2018-12-06,NATU3,42.5,77500395.0
2018-12-06,PCAR4,85.2,115367523.0
2018-12-06,PETR3,27.4,315470585.0
2018-12-06,PETR4,24.59,2438754935.0
2018-12-06,QUAL3,14.76,48860400.0
2018-12-06,RADL3,62.8,66668062.0
2018-12-06,RAIL3,16.25,148289283.0
2018-12-06,RENT3,27.1,127838497.0
2018-12-06,SANB11,43.62,64716291.0
2018-12-06,SBSP3,28.56,40070982.0
2018-12-06,SMLS3,44.1,40227075.0
2018-12-06,SUZB3,39.24,154913705.0
2018-12-06,TAEE11,22.87,49443282.0
2018-12-06,TIMP3,11.7,40357293.0
2018-12-06,UGPA3,48.99,84271083.0
2018-12-06,USIM5,9.3,180335041.0
2018-12-06,VALE3,52.3,1107907007.0
2018-12-06,VIVT4,46.67,101389125.0
2018-12-06,WEGE3,17.83,50153629.0
2018-12-07,ABEV3,16.11,274895842.0
2018-12-07,B3SA3,28.5,321378945.0
2018-12-07,BBAS3,44.03,347693121.0
2018-12-07,BBDC3,33.65,86439066.0
2018-12-07,BBDC4,37.89,418130695.0
2018-12-07,BBSE3,28.69,244435120.0
2018-12-07,BRAP4,30.75,46842639.0
2018-12-07,BRFS3,22.8,102036913.0
2018-12-07,BRKM5,49.81,71711293.0
2018-12-07,BRML3,13.06,107275745.0
2018-12-07,BTOW3,37.98,100347316.0
2018-12-07,CCRO3,12.25,103559417.0
2018-12-07,CIEL3,9.48,107574795.0
2018-12-07,CMIG4,12.2,160789885.0
2018-12-07,CPLE6,32.5,29447829.0
2018-12-07,CSAN3,34.29,38635780.0
2018-12-07,CSNA3,8.69,61451828.0
2018-12-07,CVCB3,58.5,43175354.0
2018-12-07,CYRE3,14.75,29799862.0
2018-12-07,ECOR3,9.59,28712039.0
2018-12-07,EGIE3,44.53,101459132.0
2018-12-07,ELET3,25.29,167747350.0
2018-12-07,ELET6,29.04,113244407.0
2018-12-07,EMBR3,20.47,93369842.0
2018-12-07,ENBR3,13.8,44358796.0
2018-12-07,EQTL3,70.37,103261851.0
2018-12-07,ESTC3,24.16,66505358.0
2018-12-07,FIBR3,66.99,121051630.0
2018-12-07,FLRY3,21.2,35868265.0
2018-12-07,GGBR4,15.67,202097396.0
2018-12-07,GOAU4,7.36,65960119.0
2018-12-07,GOLL4,19.81,76545736.0
2018-12-07,HYPE3,31.55,34705761.0
2018-12-07,IGTA3,38.69,78151853.0
2018-12-07,ITSA4,12.12,318210106.0
2018-12-07,ITUB4,35.56,608279469.0
2018-12-07,JBSS3,12.05,65821187.0
2018-12-07,KLBN11,15.93,90037749.0
2018-12-07,KROT3,10.14,80780340.0
2018-12-07,LAME4,19.47,67097719.0
2018-12-07,LREN3,39.14,161346256.0
2018-12-07,MGLU3,164.35,133222788.0
2018-12-07,MRFG3,6.26,12565844.0
2018-12-07,MRVE3,11.98,48432901.0
2018-12-07,MULT3,23.2,48793342.0
2018-12-07,NATU3,42.66,101981107.0
2018-12-07,PCAR4,83.6,96465614.0
2018-12-07,PETR3,27.85,384958965.0
2018-12-07,PETR4,24.77,2208383686.0
2018-12-07,QUAL3,14.3,25706160.0
2018-12-07,RADL3,61.43,74237825.0
2018-12-07,RAIL3,16.21,202458658.0
2018-12-07,RENT3,27.07,168062159.0
2018-12-07,SANB11,43.65,102049089.0
2018-12-07,SBSP3,28.83,89854982.0
2018-12-07,SMLS3,42.91,32341903.0
2018-12-07,SUZB3,38.15,365859407.0
2018-12-07,TAEE11,22.2,50545924.0
2018-12-07,TIMP3,11.82,39433463.0
2018-12-07,UGPA3,48.02,111736520.0
2018-12-07,USIM5,9.0,199598005.0
2018-12-07,VALE3,51.29,1015598751.0
2018-12-07,VIVT4,46.76,113674549.0
2018-12-07,WEGE3,17.69,52688227.0
2018-12-10,ABEV3,15.89,330227111.0
2018-12-10,B3SA3,27.51,196729163.0
2018-12-10,BBAS3,42.74,411192668.0
2018-12-10,BBDC3,32.89,71250126.0
2018-12-10,BBDC4,37.16,719237288.0
2018-12-10,BBSE3,28.4,105099860.0
2018-12-10,BRAP4,30.08,48998510.0
2018-12-10,BRFS3,21.74,97385871.0
2018-12-10,BRKM5,49.39,67153900.0
2018-12-10,BRML3,12.7,109947090.0
2018-12-10,BTOW3,37.22,89334911.0
2018-12-10,CCRO3,12.02,69582444.0
2018-12-10,CIEL3,9.08,114231906.0
2018-12-10,CMIG4,12.19,92225486.0
2018-12-10,CPLE6,31.83,19886800.0
2018-12-10,CSAN3,33.51,25696283.0
2018-12-10,CSNA3,8.48,43933069.0
2018-12-10,CVCB3,57.53,35715344.0
2018-12-10,CYRE3,15.0,110398246.0
2018-12-10,ECOR3,9.48,14893696.0
2018-12-10,EGIE3,44.05,57216130.0
2018-12-10,ELET3,24.8,112894363.0
2018-12-10,ELET6,28.67,87614610.0
2018-12-10,EMBR3,20.88,81347434.0
2018-12-10,ENBR3,13.84,47008323.0
2018-12-10,EQTL3,69.71,54322521.0
2018-12-10,ESTC3,23.83,98518931.0
2018-12-10,FIBR3,66.68,153211876.0
2018-12-10,FLRY3,20.57,18365620.0
2018-12-10,GGBR4,15.33,197378797.0
2018-12-10,GOAU4,7.16,96981250.0
2018-12-10,GOLL4,18.4,110044842.0
2018-12-10,HYPE3,32.03,116953630.0
2018-12-10,IGTA3,38.45,37389693.0
2018-12-10,ITSA4,11.75,260015414.0
2018-12-10,ITUB4,34.61,525913888.0
2018-12-10,JBSS3,11.75,55480793.0
2018-12-10,KLBN11,16.05,89458784.0
2018-12-10,KROT3,9.75,208815076.0
2018-12-10,LAME4,18.97,48343315.0
2018-12-10,LREN3,38.25,95153792.0
2018-12-10,MGLU3,160.53,112294054.0
2018-12-10,MRFG3,5.92,19037689.0
2018-12-10,MRVE3,11.7,51883574.0
2018-12-10,MULT3,22.92,51489849.0
2018-12-10,NATU3,41.89,88513747.0
2018-12-10,PCAR4,81.45,101878147.0
2018-12-10,PETR3,26.47,322846733.0
2018-12-10,PETR4,23.44,1765514103.0
2018-12-10,QUAL3,14.0,15684581.0
2018-12-10,RADL3,60.9,33826713.0
2018-12-10,RAIL3,15.8,126806265.0
2018-12-10,RENT3,26.81,121857969.0
2018-12-10,SANB11,42.3,46080422.0
2018-12-10,SBSP3,28.47,35582137.0
2018-12-10,SMLS3,42.2,31866704.0
2018-12-10,SUZB3,37.25,172651790.0
2018-12-10,TAEE11,22.23,34736183.0
2018-12-10,TIMP3,11.5,22609284.0
2018-12-10,UGPA3,47.39,84180633.0
2018-12-10,USIM5,8.7,125962012.0
2018-12-10,VALE3,50.2,726571640.0
2018-12-10,VIVT4,46.59,75029331.0
2018-12-10,WEGE3,17.21,43544531.0
2018-12-11,ABEV3,15.95,289589232.0
2018-12-11,B3SA3,27.59,250159780.0
2018-12-11,BBAS3,42.99,400607861.0
2018-12-11,BBDC3,33.01,66502788.0
2018-12-11,BBDC4,37.59,620162605.0
2018-12-11,BBSE3,28.46,114996756.0
2018-12-11,BRAP4,30.12,76463150.0
2018-12-11,BRFS3,21.5,94332637.0
2018-12-11,BRKM5,48.92,74658245.0
2018-12-11,BRML3,12.77,98484229.0
2018-12-11,BTOW3,37.44,89298997.0
2018-12-11,CCRO3,12.15,94945089.0
2018-12-11,CIEL3,9.15,98846337.0
2018-12-11,CMIG4,12.35,97742620.0
2018-12-11,CPLE6,32.0,45948936.0
2018-12-11,CSAN3,33.08,37790875.0
2018-12-11,CSNA3,8.67,48043611.0
2018-12-11,CVCB3,58.52,122629423.0
2018-12-11,CYRE3,15.25,40944948.0
2018-12-11,ECOR3,9.63,21795958.0
2018-12-11,EGIE3,43.72,68962730.0
2018-12-11,ELET3,25.77,171117770.0
2018-12-11,ELET6,29.61,103872930.0
2018-12-11,EMBR3,21.03,62901194.0
2018-12-11,ENBR3,13.9,33078852.0
2018-12-11,EQTL3,70.9,92206589.0
2018-12-11,ESTC3,23.95,87631481.0
2018-12-11,FIBR3,66.09,110526616.0
2018-12-11,FLRY3,20.27,34270589.0
2018-12-11,GGBR4,15.48,175003963.0
2018-12-11,GOAU4,7.07,168656506.0
2018-12-11,GOLL4,20.8,183864053.0
2018-12-11,HYPE3,31.88,72207192.0
2018-12-11,IGTA3,38.79,82502004.0
2018-12-11,ITSA4,11.79,342495457.0
2018-12-11,ITUB4,34.92,687600023.0
2018-12-11,JBSS3,11.35,80478935.0
2018-12-11,KLBN11,15.9,63421310.0
2018-12-11,KROT3,9.75,83643377.0
2018-12-11,LAME4,19.38,107594578.0
2018-12-11,LREN3,39.38,140139814.0
2018-12-11,MGLU3,164.39,104888256.0
2018-12-11,MRFG3,5.89,25767001.0
2018-12-11,MRVE3,11.99,71467762.0
2018-12-11,MULT3,23.06,62912946.0
2018-12-11,NATU3,42.75,86356126.0
2018-12-11,PCAR4,82.5,149596487.0
2018-12-11,PETR3,26.3,314708605.0
2018-12-11,PETR4,23.29,1510050802.0
2018-12-11,QUAL3,14.02,25210544.0
2018-12-11,RADL3,62.95,178642126.0
2018-12-11,RAIL3,16.3,178451502.0
2018-12-11,RENT3,27.23,169523818.0
2018-12-11,SANB11,41.68,49572286.0
2018-12-11,SBSP3,29.09,64561791.0
2018-12-11,SMLS3,43.7,28230738.0
2018-12-11,SUZB3,35.83,297744398.0
2018-12-11,TAEE11,22.95,45171923.0
2018-12-11,TIMP3,11.7,62898839.0
2018-12-11,UGPA3,48.43,162353128.0
2018-12-11,USIM5,8.75,133870964.0
2018-12-11,VALE3,50.6,990439784.0
2018-12-11,VIVT4,46.9,73465660.0
2018-12-11,WEGE3,17.4,53468028.0
2018-12-12,ABEV3,15.95,335443860.0
2018-12-12,B3SA3,28.15,268089486.0
2018-12-12,BBAS3,42.98,538899234.0
2018-12-12,BBDC3,33.3,109012899.0
2018-12-12,BBDC4,37.84,916355719.0
2018-12-12,BBSE3,27.16,196137818.0
2018-12-12,BRAP4,30.05,80551281.0
2018-12-12,BRFS3,22.19,109105455.0
2018-12-12,BRKM5,49.4,90839267.0
2018-12-12,BRML3,13.18,138508337.0
2018-12-12,BTOW3,37.5,103075309.0
2018-12-12,CCRO3,12.1,127330371.0
2018-12-12,CIEL3,9.35,107547825.0
2018-12-12,CMIG4,12.59,154330230.0
2018-12-12,CPLE6,31.44,32471284.0
2018-12-12,CSAN3,33.15,51770491.0
2018-12-12,CSNA3,9.12,136395740.0
2018-12-12,CVCB3,60.27,48854260.0
2018-12-12,CYRE3,14.87,53635549.0
2018-12-12,ECOR3,9.4,37324142.0
2018-12-12,EGIE3,34.32,76724980.0
2018-12-12,ELET3,25.27,112606001.0
2018-12-12,ELET6,29.21,75301383.0
2018-12-12,EMBR3,21.02,66920248.0
2018-12-12,ENBR3,13.68,49316737.0
2018-12-12,EQTL3,71.2,78331042.0
2018-12-12,ESTC3,23.96,100158440.0
2018-12-12,FIBR3,66.25,77298665.0
2018-12-12,FLRY3,20.0,46230900.0
2018-12-12,GGBR4,15.4,180343536.0
2018-12-12,GOAU4,7.1,102370922.0
2018-12-12,GOLL4,20.9,134683525.0
2018-12-12,HYPE3,31.7,158909160.0
2018-12-12,IGTA3,39.72,89081377.0
2018-12-12,ITSA4,11.91,290526870.0
2018-12-12,ITUB4,35.16,1128069806.0
2018-12-12,JBSS3,11.51,87433011.0
2018-12-12,KLBN11,15.79,104226643.0
2018-12-12,KROT3,9.8,165257980.0
2018-12-12,LAME4,19.8,134001478.0
2018-12-12,LREN3,39.52,122881636.0
2018-12-12,MGLU3,168.0,145803160.0
2018-12-12,MRFG3,5.8,14927476.0
2018-12-12,MRVE3,11.67,75705915.0
2018-12-12,MULT3,23.73,74052970.0
2018-12-12,NATU3,43.82,151296714.0
2018-12-12,PCAR4,82.95,99093965.0
2018-12-12,PETR3,26.39,286512202.0
2018-12-12,PETR4,23.3,1490141178.0
2018-12-12,QUAL3,13.94,35198013.0
2018-12-12,RADL3,64.05,81848622.0
2018-12-12,RAIL3,16.38,165661061.0
2018-12-12,RENT3,27.91,164039479.0
2018-12-12,SANB11,42.63,51706046.0
2018-12-12,SBSP3,30.92,204932995.0
2018-12-12,SMLS3,43.84,37311802.0
2018-12-12,SUZB3,36.29,129845754.0
2018-12-12,TAEE11,23.57,82019102.0
2018-12-12,TIMP3,11.95,42214144.0
2018-12-12,UGPA3,50.0,175755346.0
2018-12-12,USIM5,9.36,255595291.0
2018-12-12,VALE3,50.37,804996158.0
2018-12-12,VIVT4,46.95,94060365.0
2018-12-12,WEGE3,17.3,77766042.0
2018-12-13,ABEV3,16.32,220127115.0
2018-12-13,B3SA3,27.7,250868809.0
2018-12-13,BBAS3,44.08,350212519.0
2018-12-13,BBDC3,34.26,58431726.0
2018-12-13,BBDC4,38.84,317310657.0
2018-12-13,BBSE3,27.29,187654380.0
2018-12-13,BRAP4,30.0,78215422.0
2018-12-13,BRFS3,22.68,107198311.0
2018-12-13,BRKM5,48.65,86196749.0
2018-12-13,BRML3,13.14,81906954.0
2018-12-13,BTOW3,37.15,65591392.0
2018-12-13,CCRO3,12.22,58525595.0
2018-12-13,CIEL3,9.26,84213984.0
2018-12-13,CMIG4,12.78,107776302.0
2018-12-13,CPLE6,32.34,63164554.0
2018-12-13,CSAN3,33.42,32766962.0
2018-12-13,CSNA3,9.07,53837194.0
2018-12-13,CVCB3,61.65,93038320.0
2018-12-13,CYRE3,15.21,64414335.0
2018-12-13,ECOR3,9.52,33432861.0
2018-12-13,EGIE3,34.25,64102622.0
2018-12-13,ELET3,24.99,91751036.0
2018-12-13,ELET6,29.23,65662413.0
2018-12-13,EMBR3,20.8,75906545.0
2018-12-13,ENBR3,14.03,35874789.0
2018-12-13,EQTL3,71.91,51833136.0
2018-12-13,ESTC3,24.32,72231501.0
2018-12-13,FIBR3,66.84,60454246.0
2018-12-13,FLRY3,20.03,26346360.0
2018-12-13,GGBR4,15.34,142871767.0
2018-12-13,GOAU4,7.16,64981326.0
2018-12-13,GOLL4,22.0,206194236.0
2018-12-13,HYPE3,31.53,43240504.0
2018-12-13,IGTA3,39.55,65447058.0
2018-12-13,ITSA4,12.1,189639434.0
2018-12-13,ITUB4,35.78,580710727.0
2018-12-13,JBSS3,12.0,81063314.0
2018-12-13,KLBN11,16.0,66546067.0
2018-12-13,KROT3,9.54,97870413.0
2018-12-13,LAME4,19.95,48471013.0
2018-12-13,LREN3,39.66,100976359.0
2018-12-13,MGLU3,167.5,100388724.0
2018-12-13,MRFG3,5.81,8170435.0
2018-12-13,MRVE3,11.96,39398136.0
2018-12-13,MULT3,23.79,37031810.0
2018-12-13,NATU3,43.99,145661936.0
2018-12-13,PCAR4,82.5,89438649.0
2018-12-13,PETR3,26.53,139390385.0
2018-12-13,PETR4,23.36,1439277033.0
2018-12-13,QUAL3,13.95,19476566.0
2018-12-13,RADL3,63.14,49249702.0
2018-12-13,RAIL3,16.4,122241645.0
2018-12-13,RENT3,27.95,119025186.0
2018-12-13,SANB11,43.42,40650260.0
2018-12-13,SBSP3,31.22,79939429.0
2018-12-13,SMLS3,43.55,37372314.0
2018-12-13,SUZB3,37.57,185537415.0
2018-12-13,TAEE11,23.71,54435271.0
2018-12-13,TIMP3,12.08,29559145.0
2018-12-13,UGPA3,49.3,114711241.0
2018-12-13,USIM5,9.65,197937521.0
2018-12-13,VALE3,50.6,768703133.0
2018-12-13,VIVT4,47.9,74627238.0
2018-12-13,WEGE3,17.37,61558734.0
2018-12-14,ABEV3,16.06,186282908.0
2018-12-14,B3SA3,27.35,190443709.0
2018-12-14,BBAS3,44.1,313697180.0
2018-12-14,BBDC3,33.84,63106759.0
2018-12-14,BBDC4,38.4,464355004.0
2018-12-14,BBSE3,27.15,68804784.0
2018-12-14,BRAP4,29.83,64572035.0
2018-12-14,BRFS3,23.0,146874795.0
2018-12-14,BRKM5,48.0,64267882.0
2018-12-14,BRML3,13.11,77452797.0
2018-12-14,BTOW3,37.6,69178259.0
2018-12-14,CCRO3,12.05,49248349.0
2018-12-14,CIEL3,9.44,76978731.0
2018-12-14,CMIG4,12.87,98445251.0
2018-12-14,CPLE6,32.5,36725656.0
2018-12-14,CSAN3,33.33,26584031.0
2018-12-14,CSNA3,9.08,39984376.0
2018-12-14,CVCB3,60.65,69443711.0
2018-12-14,CYRE3,15.46,36471634.0
2018-12-14,ECOR3,9.7,24106255.0
2018-12-14,EGIE3,34.37,37816909.0
2018-12-14,ELET3,24.41,126172514.0
2018-12-14,ELET6,28.5,85189700.0
2018-12-14,EMBR3,20.73,43162419.0
2018-12-14,ENBR3,13.98,25278464.0
2018-12-14,EQTL3,71.92,50518787.0
2018-12-14,ESTC3,24.85,106277021.0
2018-12-14,FIBR3,66.76,247503422.0
2018-12-14,FLRY3,19.61,72325397.0
2018-12-14,GGBR4,15.13,168017228.0
2018-12-14,GOAU4,7.04,83198195.0
2018-12-14,GOLL4,23.65,245037752.0
2018-12-14,HYPE3,30.97,61878478.0
2018-12-14,IGTA3,39.38,45203982.0
2018-12-14,ITSA4,12.18,187270977.0
2018-12-14,ITUB4,35.52,432258130.0
2018-12-14,JBSS3,12.08,53218100.0
2018-12-14,KLBN11,16.02,397583699.0
2018-12-14,KROT3,9.36,128693334.0
2018-12-14,LAME4,19.86,37361381.0
2018-12-14,LREN3,39.5,83076458.0
2018-12-14,MGLU3,170.6,187924486.0
2018-12-14,MRFG3,5.76,6085964.0
2018-12-14,MRVE3,11.79,46622889.0
2018-12-14,MULT3,23.5,30557275.0
2018-12-14,NATU3,44.1,74282831.0
2018-12-14,PCAR4,80.5,154848849.0
2018-12-14,PETR3,26.33,170482480.0
2018-12-14,PETR4,23.05,1046298427.0
2018-12-14,QUAL3,14.05,16779579.0
2018-12-14,RADL3,62.62,47041477.0
2018-12-14,RAIL3,16.25,76295120.0
2018-12-14,RENT3,28.3,180966787.0
2018-12-14,SANB11,43.66,44918325.0
2018-12-14,SBSP3,30.64,49380487.0
2018-12-14,SMLS3,43.9,30016823.0
2018-12-14,SUZB3,37.1,159768059.0
2018-12-14,TAEE11,24.12,45540412.0
2018-12-14,TIMP3,12.23,25920678.0
2018-12-14,UGPA3,49.71,111031016.0
2018-12-14,USIM5,9.38,118875603.0
2018-12-14,VALE3,50.88,858323605.0
2018-12-14,VIVT4,48.5,103444047.0
2018-12-14,WEGE3,17.35,68740431.0
2018-12-17,ABEV3,16.1,247908800.0
2018-12-17,B3SA3,26.8,399564845.0
2018-12-17,BBAS3,43.7,288897561.0
2018-12-17,BBDC3,33.15,57493617.0
2018-12-17,BBDC4,37.65,428916741.0
2018-12-17,BBSE3,26.75,84752591.0
2018-12-17,BRAP4,30.31,127741816.0
2018-12-17,BRFS3,23.0,146481288.0
2018-12-17,BRKM5,47.56,59725068.0
2018-12-17,BRML3,12.9,109267401.0
2018-12-17,BTOW3,36.57,43391257.0
2018-12-17,CCRO3,11.79,102172245.0
2018-12-17,CIEL3,9.45,70869305.0
2018-12-17,CMIG4,12.53,106536068.0
2018-12-17,CPLE6,32.4,25533912.0
2018-12-17,CSAN3,32.77,40671778.0
2018-12-17,CSNA3,9.29,68259807.0
2018-12-17,CVCB3,59.85,51339076.0
2018-12-17,CYRE3,15.18,53200112.0
2018-12-17,ECOR3,9.48,33692624.0
2018-12-17,EGIE3,33.9,33287711.0
2018-12-17,ELET3,23.97,82815769.0
2018-12-17,ELET6,27.88,59901537.0
2018-12-17,EMBR3,21.25,179426806.0
2018-12-17,ENBR3,13.83,27995934.0
2018-12-17,EQTL3,70.83,55778667.0
2018-12-17,ESTC3,24.29,48491689.0
2018-12-17,FIBR3,66.52,147871541.0
2018-12-17,FLRY3,19.47,41556856.0
2018-12-17,GGBR4,15.1,195991932.0
2018-12-17,GOAU4,7.13,104566379.0
2018-12-17,GOLL4,23.69,257585236.0
2018-12-17,HYPE3,30.58,50078873.0
2018-12-17,IGTA3,38.2,57209564.0
2018-12-17,ITSA4,11.85,191285898.0
2018-12-17,ITUB4,34.57,507257101.0
2018-12-17,JBSS3,11.9,44400923.0
2018-12-17,KLBN11,15.72,49332516.0
2018-12-17,KROT3,9.12,167975199.0
2018-12-17,LAME4,19.45,49320568.0
2018-12-17,LREN3,38.8,96554082.0
2018-12-17,MGLU3,170.07,148408495.0
2018-12-17,MRFG3,5.57,8288226.0
2018-12-17,MRVE3,11.68,40732071.0
2018-12-17,MULT3,23.0,43490624.0
2018-12-17,NATU3,44.1,84549212.0
2018-12-17,PCAR4,80.98,74835623.0
2018-12-17,PETR3,26.05,180502738.0
2018-12-17,PETR4,22.87,1240596484.0
2018-12-17,QUAL3,13.64,32801182.0
2018-12-17,RADL3,60.9,38731683.0
2018-12-17,RAIL3,15.99,111611327.0
2018-12-17,RENT3,27.72,109381185.0
2018-12-17,SANB11,42.64,39234793.0
2018-12-17,SBSP3,30.24,27917534.0
2018-12-17,SMLS3,45.0,68039223.0
2018-12-17,SUZB3,36.22,145087522.0
2018-12-17,TAEE11,23.6,30902233.0
2018-12-17,TIMP3,11.97,22854795.0
2018-12-17,UGPA3,49.5,128376202.0
2018-12-17,USIM5,9.79,226116003.0
2018-12-17,VALE3,51.25,1104420898.0
2018-12-17,VIVT4,47.32,69757492.0
2018-12-17,WEGE3,16.92,62420882.0
2018-12-18,ABEV3,15.88,222587239.0
2018-12-18,B3SA3,26.65,241901068.0
2018-12-18,BBAS3,43.8,353677352.0
2018-12-18,BBDC3,33.69,74874971.0
2018-12-18,BBDC4,38.35,351929939.0
2018-12-18,BBSE3,27.0,85802352.0
2018-12-18,BRAP4,30.85,72875673.0
2018-12-18,BRFS3,23.3,125424981.0
2018-12-18,BRKM5,47.62,44384244.0
2018-12-18,BRML3,12.76,69790984.0
2018-12-18,BTOW3,36.66,122353977.0
2018-12-18,CCRO3,11.73,72309164.0
2018-12-18,CIEL3,9.35,71451679.0
2018-12-18,CMIG4,12.65,93225161.0
2018-12-18,CPLE6,32.3,21641177.0
2018-12-18,CSAN3,33.2,29484211.0
2018-12-18,CSNA3,9.26,56876723.0
2018-12-18,CVCB3,61.0,47073983.0
2018-12-18,CYRE3,15.5,68773494.0
2018-12-18,ECOR3,9.45,60218954.0
2018-12-18,EGIE3,33.72,49176643.0
2018-12-18,ELET3,24.82,79455161.0
2018-12-18,ELET6,28.69,44783556.0
2018-12-18,EMBR3,21.45,101400077.0
2018-12-18,ENBR3,14.09,31049402.0
2018-12-18,EQTL3,70.62,62889196.0
2018-12-18,ESTC3,23.88,129429406.0
2018-12-18,FIBR3,67.1,140438353.0
2018-12-18,FLRY3,19.77,37801223.0
2018-12-18,GGBR4,15.22,191368172.0
2018-12-18,GOAU4,7.14,67174627.0
2018-12-18,GOLL4,25.12,206141459.0
2018-12-18,HYPE3,30.75,72818037.0
2018-12-18,IGTA3,38.2,62044118.0
2018-12-18,ITSA4,11.9,206718264.0
2018-12-18,ITUB4,35.12,508124370.0
2018-12-18,JBSS3,11.92,72254569.0
2018-12-18,KLBN11,16.35,93572314.0
2018-12-18,KROT3,9.1,215773370.0
2018-12-18,LAME4,19.24,97541955.0
2018-12-18,LREN3,38.8,130366004.0
2018-12-18,MGLU3,175.9,171883352.0
2018-12-18,MRFG3,5.45,10098473.0
2018-12-18,MRVE3,12.2,47981730.0
2018-12-18,MULT3,23.01,40300900.0
2018-12-18,NATU3,43.95,75391464.0
2018-12-18,PCAR4,81.7,101188451.0
2018-12-18,PETR3,25.17,246259199.0
2018-12-18,PETR4,22.0,1674870014.0
2018-12-18,QUAL3,13.6,19365743.0
2018-12-18,RADL3,58.96,67255812.0
2018-12-18,RAIL3,16.25,194488981.0
2018-12-18,RENT3,27.62,76396316.0
2018-12-18,SANB11,44.0,81711556.0
2018-12-18,SBSP3,30.05,47157611.0
2018-12-18,SMLS3,45.46,34001618.0
2018-12-18,SUZB3,37.45,173303791.0
2018-12-18,TAEE11,22.75,39921229.0
2018-12-18,TIMP3,12.49,48388933.0
2018-12-18,UGPA3,49.8,135546029.0
2018-12-18,USIM5,9.6,168232208.0
2018-12-18,VALE3,51.44,983185918.0
2018-12-18,VIVT4,48.5,194234262.0
2018-12-18,WEGE3,16.83,72626550.0
2018-12-19,ABEV3,15.4,205059716.0
2018-12-19,B3SA3,26.16,315220809.0
2018-12-19,BBAS3,43.8,335203464.0
2018-12-19,BBDC3,33.15,109992359.0
2018-12-19,BBDC4,37.8,405350952.0
2018-12-19,BBSE3,26.5,92860031.0
2018-12-19,BRAP4,30.22,61759936.0
2018-12-19,BRFS3,22.75,111499666.0
2018-12-19,BRKM5,47.61,55136204.0
2018-12-19,BRML3,12.82,93877292.0
2018-12-19,BTOW3,38.15,156834335.0
2018-12-19,CCRO3,11.79,85439097.0
2018-12-19,CIEL3,9.54,98325259.0
2018-12-19,CMIG4,13.02,239377627.0
2018-12-19,CPLE6,31.38,27790064.0
2018-12-19,CSAN3,32.8,49460230.0
2018-12-19,CSNA3,9.25,87833184.0
2018-12-19,CVCB3,59.5,49973654.0
2018-12-19,CYRE3,14.96,50978100.0
2018-12-19,ECOR3,9.4,51096414.0
2018-12-19,EGIE3,32.97,63155160.0
2018-12-19,ELET3,23.8,176756922.0
2018-12-19,ELET6,27.57,83936500.0
2018-12-19,EMBR3,20.8,82800619.0
2018-12-19,ENBR3,14.0,29661940.0
2018-12-19,EQTL3,70.26,51865645.0
2018-12-19,ESTC3,23.46,87648141.0
2018-12-19,FIBR3,67.0,97247281.0
2018-12-19,FLRY3,19.53,40286148.0
2018-12-19,GGBR4,15.15,168033929.0
2018-12-19,GOAU4,7.05,76053599.0
2018-12-19,GOLL4,24.59,208367009.0
2018-12-19,HYPE3,29.99,84849966.0
2018-12-19,IGTA3,38.63,69471716.0
2018-12-19,ITSA4,11.89,218077677.0
2018-12-19,ITUB4,34.65,528295834.0
2018-12-19,JBSS3,11.54,59776189.0
2018-12-19,KLBN11,16.49,128227081.0
2018-12-19,KROT3,8.76,169824431.0
2018-12-19,LAME4,19.12,337674085.0
2018-12-19,LREN3,38.87,124410152.0
2018-12-19,MGLU3,177.01,180136598.0
2018-12-19,MRFG3,5.36,9737931.0
2018-12-19,MRVE3,12.3,67621857.0
2018-12-19,MULT3,23.45,73931319.0
2018-12-19,NATU3,43.5,105949620.0
2018-12-19,PCAR4,79.06,110230769.0
2018-12-19,PETR3,24.76,759333678.0
2018-12-19,PETR4,22.25,3840233614.0
2018-12-19,QUAL3,13.26,24346327.0
2018-12-19,RADL3,59.51,113052346.0
2018-12-19,RAIL3,16.6,223895921.0
2018-12-19,RENT3,27.83,83573890.0
2018-12-19,SANB11,43.46,65750710.0
2018-12-19,SBSP3,29.79,50492080.0
2018-12-19,SMLS3,45.4,24058261.0
2018-12-19,SUZB3,36.89,199593673.0
2018-12-19,TAEE11,22.48,41560106.0
2018-12-19,TIMP3,12.19,43371396.0
2018-12-19,UGPA3,49.5,110554462.0
2018-12-19,USIM5,9.7,159017966.0
2018-12-19,VALE3,50.01,1262213308.0
2018-12-19,VIVT4,46.57,120114943.0
2018-12-19,WEGE3,17.1,68706646.0
2018-12-20,ABEV3,15.21,225001941.0
2018-12-20,B3SA3,26.1,358731519.0
2018-12-20,BBAS3,44.08,341364819.0
2018-12-20,BBDC3,33.5,68199486.0
2018-12-20,BBDC4,38.0,557297030.0
2018-12-20,BBSE3,26.26,102926232.0
2018-12-20,BRAP4,30.53,132125337.0
2018-12-20,BRFS3,22.5,85408510.0
2018-12-20,BRKM5,46.95,57851274.0
2018-12-20,BRML3,12.75,65761286.0
2018-12-20,BTOW3,39.34,117918509.0
2018-12-20,CCRO3,11.61,86090545.0
2018-12-20,CIEL3,9.05,107999973.0
2018-12-20,CMIG4,13.53,247182330.0
2018-12-20,CPLE6,31.35,38578095.0
2018-12-20,CSAN3,32.02,64684370.0
2018-12-20,CSNA3,8.94,132236292.0
2018-12-20,CVCB3,61.05,62535737.0
2018-12-20,CYRE3,14.91,107469896.0
2018-12-20,ECOR3,9.42,35059958.0
2018-12-20,EGIE3,33.5,47240116.0
2018-12-20,ELET3,23.1,102699514.0
2018-12-20,ELET6,26.94,60743197.0
2018-12-20,EMBR3,20.35,71524717.0
2018-12-20,ENBR3,14.17,42616684.0
2018-12-20,EQTL3,70.5,70396514.0
2018-12-20,ESTC3,23.33,67665982.0
2018-12-20,FIBR3,66.98,86896453.0
2018-12-20,FLRY3,19.63,34612981.0
2018-12-20,GGBR4,14.55,197090671.0
2018-12-20,GOAU4,6.83,79643391.0
2018-12-20,GOLL4,25.38,168876938.0
2018-12-20,HYPE3,30.55,51636787.0
2018-12-20,IGTA3,38.45,35147589.0
2018-12-20,ITSA4,11.88,203776497.0
2018-12-20,ITUB4,34.64,948291754.0
2018-12-20,JBSS3,11.4,70829926.0
2018-12-20,KLBN11,16.21,100621325.0
2018-12-20,KROT3,8.71,908202142.0
2018-12-20,LAME4,19.05,66368192.0
2018-12-20,LREN3,39.51,155713145.0
2018-12-20,MGLU3,177.94,180378338.0
2018-12-20,MRFG3,5.3,15826338.0
2018-12-20,MRVE3,12.7,73296371.0
2018-12-20,MULT3,23.39,58048975.0
2018-12-20,NATU3,42.99,80301168.0
2018-12-20,PCAR4,80.46,79169675.0
2018-12-20,PETR3,24.16,315513129.0
2018-12-20,PETR4,21.49,3076980248.0
2018-12-20,QUAL3,13.15,18344958.0
2018-12-20,RADL3,57.76,94915180.0
2018-12-20,RAIL3,16.63,132369826.0
2018-12-20,RENT3,28.04,91487671.0
2018-12-20,SANB11,42.38,63664676.0
2018-12-20,SBSP3,30.6,47334580.0
2018-12-20,SMLS3,45.68,15886572.0
2018-12-20,SUZB3,36.71,155048606.0
2018-12-20,TAEE11,22.7,41881023.0
2018-12-20,TIMP3,12.0,25658611.0
2018-12-20,UGPA3,50.54,97424305.0
2018-12-20,USIM5,9.25,248382078.0
2018-12-20,VALE3,49.81,1277518438.0
2018-12-20,VIVT4,46.5,65989066.0
2018-12-20,WEGE3,17.25,53819422.0
2018-12-21,ABEV3,15.17,707509863.0
2018-12-21,B3SA3,26.74,587335260.0
2018-12-21,BBAS3,44.09,616532048.0
2018-12-21,BBDC3,33.26,142698234.0
2018-12-21,BBDC4,37.71,860035061.0
2018-12-21,BBSE3,26.9,134742467.0
2018-12-21,BRAP4,31.12,106570541.0
2018-12-21,BRFS3,22.07,123431649.0
2018-12-21,BRKM5,46.71,77915708.0
2018-12-21,BRML3,12.7,81919179.0
2018-12-21,BTOW3,39.52,98648878.0
2018-12-21,CCRO3,11.6,96301443.0
2018-12-21,CIEL3,9.1,112697547.0
2018-12-21,CMIG4,13.38,275502899.0
2018-12-21,CPLE6,29.87,48197641.0
2018-12-21,CSAN3,32.31,60441679.0
2018-12-21,CSNA3,8.81,148785231.0
2018-12-21,CVCB3,61.72,40629004.0
2018-12-21,CYRE3,14.91,114986013.0
2018-12-21,ECOR3,9.25,18888288.0
2018-12-21,EGIE3,32.95,68279986.0
2018-12-21,ELET3,22.7,119918610.0
2018-12-21,ELET6,26.41,95806818.0
2018-12-21,EMBR3,21.47,131775097.0
2018-12-21,ENBR3,13.91,28084359.0
2018-12-21,EQTL3,70.54,88813967.0
2018-12-21,ESTC3,22.87,62092664.0
2018-12-21,FIBR3,67.82,221564511.0
2018-12-21,FLRY3,19.73,58552140.0
2018-12-21,GGBR4,14.71,184120277.0
2018-12-21,GOAU4,6.8,81405281.0
2018-12-21,GOLL4,24.74,101523307.0
2018-12-21,HYPE3,30.43,91816294.0
2018-12-21,IGTA3,38.98,67414043.0
2018-12-21,ITSA4,11.75,562434421.0
2018-12-21,ITUB4,34.48,973676803.0
2018-12-21,JBSS3,11.76,93675442.0
2018-12-21,KLBN11,16.07,131824603.0
2018-12-21,KROT3,9.07,231185976.0
2018-12-21,LAME4,19.28,125345823.0
2018-12-21,LREN3,41.3,254474510.0
2018-12-21,MGLU3,182.76,219289830.0
2018-12-21,MRFG3,5.34,10706113.0
2018-12-21,MRVE3,12.01,89752014.0
2018-12-21,MULT3,22.95,88816754.0
2018-12-21,NATU3,43.22,94825373.0
2018-12-21,PCAR4,81.86,108257124.0
2018-12-21,PETR3,24.18,448441960.0
2018-12-21,PETR4,21.55,1956002425.0
2018-12-21,QUAL3,12.9,26250943.0
2018-12-21,RADL3,59.1,113309090.0
2018-12-21,RAIL3,16.41,211614557.0
2018-12-21,RENT3,28.96,230328667.0
2018-12-21,SANB11,42.08,109480954.0
2018-12-21,SBSP3,30.52,73134662.0
2018-12-21,SMLS3,45.0,27495829.0
2018-12-21,SUZB3,38.8,257347874.0
2018-12-21,TAEE11,23.38,44018094.0
2018-12-21,TIMP3,12.08,50516630.0
2018-12-21,UGPA3,49.6,177335678.0
2018-12-21,USIM5,9.21,140003853.0
2018-12-21,VALE3,50.86,1437350581.0
2018-12-21,VIVT4,47.0,144537857.0
2018-12-21,WEGE3,17.34,60000596.0
2018-12-26,ABEV3,15.14,174272108.0
2018-12-26,B3SA3,26.05,212206857.0
2018-12-26,BBAS3,44.38,323504231.0
2018-12-26,BBDC3,32.48,57080199.0
2018-12-26,BBDC4,36.6,482234525.0
2018-12-26,BBSE3,26.8,104777821.0
2018-12-26,BRAP4,30.91,37232523.0
2018-12-26,BRFS3,21.9,69910992.0
2018-12-26,BRKM5,46.4,53070413.0
2018-12-26,BRML3,12.69,49505471.0
2018-12-26,BTOW3,38.0,55930923.0
2018-12-26,CCRO3,11.42,45254298.0
2018-12-26,CIEL3,8.88,73983251.0
2018-12-26,CMIG4,13.21,96672504.0
2018-12-26,CPLE6,29.91,24666654.0
2018-12-26,CSAN3,32.62,24715195.0
2018-12-26,CSNA3,8.63,59896669.0
2018-12-26,CVCB3,61.74,40838793.0
2018-12-26,CYRE3,14.83,27389577.0
2018-12-26,ECOR3,9.3,12801482.0
2018-12-26,EGIE3,33.02,23373125.0
2018-12-26,ELET3,22.42,44287546.0
2018-12-26,ELET6,26.15,54106520.0
2018-12-26,EMBR3,21.47,69279083.0
2018-12-26,ENBR3,14.05,22054974.0
2018-12-26,EQTL3,71.21,43330285.0
2018-12-26,ESTC3,22.5,44589361.0
2018-12-26,FIBR3,67.62,50631847.0
2018-12-26,FLRY3,19.52,38975740.0
2018-12-26,GGBR4,14.79,93808065.0
2018-12-26,GOAU4,6.84,49871695.0
2018-12-26,GOLL4,24.5,59551963.0
2018-12-26,HYPE3,29.9,18567540.0
2018-12-26,IGTA3,38.54,61842121.0
2018-12-26,ITSA4,11.6,222896615.0
2018-12-26,ITUB4,33.73,645045418.0
2018-12-26,JBSS3,11.5,45594312.0
2018-12-26,KLBN11,15.68,39543310.0
2018-12-26,KROT3,8.6,105186138.0
2018-12-26,LAME4,19.06,51282632.0
2018-12-26,LREN3,40.4,111382604.0
2018-12-26,MGLU3,176.76,142693288.0
2018-12-26,MRFG3,5.56,28161191.0
2018-12-26,MRVE3,11.69,27639535.0
2018-12-26,MULT3,22.88,32323482.0
2018-12-26,NATU3,43.9,65028897.0
2018-12-26,PCAR4,77.76,152099165.0
2018-12-26,PETR3,24.58,308419147.0
2018-12-26,PETR4,21.68,1621973206.0
2018-12-26,QUAL3,12.69,23405348.0
2018-12-26,RADL3,57.8,24829185.0
2018-12-26,RAIL3,16.21,57106990.0
2018-12-26,RENT3,28.8,85296479.0
2018-12-26,SANB11,41.41,47579430.0
2018-12-26,SBSP3,30.73,30532768.0
2018-12-26,SMLS3,43.5,24540903.0
2018-12-26,SUZB3,38.75,106997183.0
2018-12-26,TAEE11,23.28,21487314.0
2018-12-26,TIMP3,12.04,15535551.0
2018-12-26,UGPA3,50.19,49406297.0
2018-12-26,USIM5,9.15,111049519.0
2018-12-26,VALE3,50.44,669735755.0
2018-12-26,VIVT4,46.95,60706766.0
2018-12-26,WEGE3,17.0,25870493.0
2018-12-27,ABEV3,15.1,190494350.0
2018-12-27,B3SA3,26.16,249456337.0
2018-12-27,BBAS3,45.12,313841764.0
2018-12-27,BBDC3,33.3,57993424.0
2018-12-27,BBDC4,37.5,408963861.0
2018-12-27,BBSE3,27.19,55806138.0
2018-12-27,BRAP4,30.5,120519626.0
2018-12-27,BRFS3,21.63,55754000.0
2018-12-27,BRKM5,46.4,58066821.0
2018-12-27,BRML3,12.88,75973716.0
2018-12-27,BTOW3,39.91,62971112.0
2018-12-27,CCRO3,11.32,43829633.0
2018-12-27,CIEL3,8.7,54296096.0
2018-12-27,CMIG4,13.43,132850731.0
2018-12-27,CPLE6,30.15,25905063.0
2018-12-27,CSAN3,32.5,34115977.0
2018-12-27,CSNA3,8.56,62485518.0
2018-12-27,CVCB3,60.48,75185271.0
2018-12-27,CYRE3,15.04,19845330.0
2018-12-27,ECOR3,9.23,18189797.0
2018-12-27,EGIE3,32.88,27210866.0
2018-12-27,ELET3,23.93,71095449.0
2018-12-27,ELET6,27.72,48962936.0
2018-12-27,EMBR3,21.05,56291825.0
2018-12-27,ENBR3,14.28,29970378.0
2018-12-27,EQTL3,71.5,42339104.0
2018-12-27,ESTC3,23.24,46294336.0
2018-12-27,FIBR3,67.02,104684112.0
2018-12-27,FLRY3,19.46,29351611.0
2018-12-27,GGBR4,14.42,200408511.0
2018-12-27,GOAU4,6.74,40607226.0
2018-12-27,GOLL4,24.42,144071437.0
2018-12-27,HYPE3,29.95,26062241.0
2018-12-27,IGTA3,39.99,74882451.0
2018-12-27,ITSA4,11.8,164371023.0
2018-12-27,ITUB4,34.3,465685915.0
2018-12-27,JBSS3,11.3,43920291.0
2018-12-27,KLBN11,15.5,80365437.0
2018-12-27,KROT3,8.77,62913924.0
2018-12-27,LAME4,19.16,47825032.0
2018-12-27,LREN3,41.21,94514148.0
2018-12-27,MGLU3,174.0,113077844.0
2018-12-27,MRFG3,5.45,10038828.0
2018-12-27,MRVE3,12.13,24806180.0
2018-12-27,MULT3,23.53,42812958.0
2018-12-27,NATU3,44.15,70993798.0
2018-12-27,PCAR4,78.53,96856729.0
2018-12-27,PETR3,24.44,258316970.0
2018-12-27,PETR4,21.67,1605901471.0
2018-12-27,QUAL3,12.6,14122761.0
2018-12-27,RADL3,57.16,25227344.0
2018-12-27,RAIL3,16.26,79113742.0
2018-12-27,RENT3,29.0,75401237.0
2018-12-27,SANB11,41.7,58154080.0
2018-12-27,SBSP3,30.69,29751421.0
2018-12-27,SMLS3,43.0,31574881.0
2018-12-27,SUZB3,37.02,127820092.0
2018-12-27,TAEE11,23.31,25517866.0
2018-12-27,TIMP3,11.64,22761191.0
2018-12-27,UGPA3,51.55,98342371.0
2018-12-27,USIM5,9.0,104394853.0
2018-12-27,VALE3,49.5,714974681.0
2018-12-27,VIVT4,45.58,91401603.0
2018-12-27,WEGE3,17.13,53465999.0
2018-12-28,ABEV3,15.38,239328401.0
2018-12-28,B3SA3,26.81,328780636.0
2018-12-28,BBAS3,46.49,593221787.0
2018-12-28,BBDC3,33.85,106893752.0
2018-12-28,BBDC4,38.65,464688360.0
2018-12-28,BBSE3,27.59,93091944.0
2018-12-28,BRAP4,31.69,114169102.0
2018-12-28,BRFS3,21.93,83541909.0
2018-12-28,BRKM5,47.38,76070369.0
2018-12-28,BRML3,13.07,105885904.0
2018-12-28,BTOW3,42.02,77292810.0
2018-12-28,CCRO3,11.2,65218718.0
2018-12-28,CIEL3,8.89,76938328.0
2018-12-28,CMIG4,13.86,142683573.0
2018-12-28,CPLE6,30.55,36460848.0
2018-12-28,CSAN3,33.46,25652867.0
2018-12-28,CSNA3,8.84,43859952.0
2018-12-28,CVCB3,61.18,112892173.0
2018-12-28,CYRE3,15.47,57835418.0
2018-12-28,ECOR3,9.38,21316318.0
2018-12-28,EGIE3,33.02,43552250.0
2018-12-28,ELET3,24.23,85088023.0
2018-12-28,ELET6,28.17,64260256.0
2018-12-28,EMBR3,21.68,71797004.0
2018-12-28,ENBR3,14.75,45572094.0
2018-12-28,EQTL3,74.56,173971762.0
2018-12-28,ESTC3,23.76,78317295.0
2018-12-28,FIBR3,67.6,311247926.0
2018-12-28,FLRY3,19.78,32751525.0
2018-12-28,GGBR4,14.82,131141205.0
2018-12-28,GOAU4,6.94,62276721.0
2018-12-28,GOLL4,25.1,64575275.0
2018-12-28,HYPE3,30.2,55062498.0
2018-12-28,IGTA3,41.6,53323852.0
2018-12-28,ITSA4,12.08,237309284.0
2018-12-28,ITUB4,35.5,481388890.0
2018-12-28,JBSS3,11.59,57703473.0
2018-12-28,KLBN11,15.88,40197130.0
2018-12-28,KROT3,8.87,67998425.0
2018-12-28,LAME4,19.7,81282544.0
2018-12-28,LREN3,42.4,120855512.0
2018-12-28,MGLU3,181.07,148983711.0
2018-12-28,MRFG3,5.46,13818045.0
2018-12-28,MRVE3,12.36,33739813.0
2018-12-28,MULT3,24.31,79624714.0
2018-12-28,NATU3,45.0,85257663.0
2018-12-28,PCAR4,80.98,111073159.0
2018-12-28,PETR3,25.4,241427221.0
2018-12-28,PETR4,22.68,1379680948.0
2018-12-28,QUAL3,12.89,33423695.0
2018-12-28,RADL3,57.15,65640125.0
2018-12-28,RAIL3,17.0,144408142.0
2018-12-28,RENT3,29.75,96087133.0
2018-12-28,SANB11,42.7,78372817.0
2018-12-28,SBSP3,31.5,56738157.0
2018-12-28,SMLS3,43.77,19754531.0
2018-12-28,SUZB3,38.08,148912754.0
2018-12-28,TAEE11,23.6,24852997.0
2018-12-28,TIMP3,11.85,42419784.0
2018-12-28,UGPA3,53.2,92796710.0
2018-12-28,USIM5,9.22,134233787.0
2018-12-28,VALE3,51.0,604233637.0
2018-12-28,VIVT4,46.23,79619205.0
2018-12-28,WEGE3,17.54,63025456.0
2019-01-02,ABEV3,16.15,298201954.0
2019-01-02,B3SA3,27.79,678814580.0
2019-01-02,BBAS3,48.6,723388460.0
2019-01-02,BBDC3,35.77,118185220.0
2019-01-02,BBDC4,40.39,933912177.0
2019-01-02,BBSE3,28.32,132091451.0
2019-01-02,BRAP4,31.09,66735262.0
2019-01-02,BRFS3,22.38,103267622.0
2019-01-02,BRKM5,48.31,64680771.0
2019-01-02,BRML3,13.46,189896259.0
2019-01-02,BTOW3,43.0,88637136.0
2019-01-02,CCRO3,12.0,101791381.0
2019-01-02,CIEL3,9.63,131483409.0
2019-01-02,CMIG4,14.3,170530996.0
2019-01-02,CPLE6,30.85,32251101.0
2019-01-02,CSAN3,35.7,64965051.0
2019-01-02,CSNA3,9.21,96594832.0
2019-01-02,CVCB3,61.1,214803474.0
2019-01-02,CYRE3,15.87,38098190.0
2019-01-02,ECOR3,9.72,24130444.0
2019-01-02,EGIE3,34.14,44107099.0
2019-01-02,ELET3,29.25,464093092.0
2019-01-02,ELET6,32.26,276397084.0
2019-01-02,EMBR3,21.54,77319949.0
2019-01-02,ENBR3,14.18,32973638.0
2019-01-02,EQTL3,74.91,137277251.0
2019-01-02,ESTC3,24.85,176132680.0
2019-01-02,FIBR3,67.7,205806899.0
2019-01-02,FLRY3,20.15,40420082.0
2019-01-02,GGBR4,15.2,183453286.0
2019-01-02,GOAU4,7.16,73703699.0
2019-01-02,GOLL4,25.45,94565693.0
2019-01-02,HYPE3,31.15,48177379.0
2019-01-02,IGTA3,42.43,67558526.0
2019-01-02,ITSA4,12.65,314586774.0
2019-01-02,ITUB4,37.0,933405709.0
2019-01-02,JBSS3,12.04,79447516.0
2019-01-02,KLBN11,16.31,158972414.0
2019-01-02,KROT3,9.25,220347998.0
2019-01-02,LAME4,19.72,140260603.0
2019-01-02,LREN3,43.55,176279855.0
2019-01-02,MGLU3,185.99,155335804.0
2019-01-02,MRFG3,5.65,17800223.0
2019-01-02,MRVE3,12.64,41223689.0
2019-01-02,MULT3,24.92,60218907.0
2019-01-02,NATU3,46.4,101358738.0
2019-01-02,PCAR4,82.77,113975613.0
2019-01-02,PETR3,26.65,387436832.0
2019-01-02,PETR4,24.06,2464878203.0
2019-01-02,QUAL3,13.64,28219050.0
2019-01-02,RADL3,56.7,96868096.0
2019-01-02,RAIL3,16.95,202947746.0
2019-01-02,RENT3,30.87,145591661.0
2019-01-02,SANB11,45.74,199358903.0
2019-01-02,SBSP3,34.37,202715091.0
2019-01-02,SMLS3,43.5,46051215.0
2019-01-02,SUZB3,38.6,188886142.0
2019-01-02,TAEE11,24.21,26930625.0
2019-01-02,TIMP3,12.15,47082622.0
2019-01-02,UGPA3,54.34,94303444.0
2019-01-02,USIM5,9.76,208278616.0
2019-01-02,VALE3,51.09,877485830.0
2019-01-02,VIVT4,47.18,98200360.0
2019-01-02,WEGE3,17.98,42688569.0
2019-01-03,ABEV3,16.33,365689681.0
2019-01-03,B3SA3,29.0,458502046.0
2019-01-03,BBAS3,48.8,431452350.0
2019-01-03,BBDC3,36.5,137258359.0
2019-01-03,BBDC4,40.78,785620822.0
2019-01-03,BBSE3,28.63,99837019.0
2019-01-03,BRAP4,29.9,104225501.0
2019-01-03,BRFS3,21.49,180187069.0
2019-01-03,BRKM5,48.6,51376894.0
2019-01-03,BRML3,13.55,124409124.0
2019-01-03,BTOW3,43.44,62320889.0
2019-01-03,CCRO3,12.39,97000095.0
2019-01-03,CIEL3,9.4,185225177.0
2019-01-03,CMIG4,14.0,224681305.0
2019-01-03,CPLE6,31.2,27425882.0
2019-01-03,CSAN3,36.24,77820734.0
2019-01-03,CSNA3,9.32,90442776.0
2019-01-03,CVCB3,60.71,178229822.0
2019-01-03,CYRE3,16.13,52027626.0
2019-01-03,ECOR3,9.92,21021945.0
2019-01-03,EGIE3,35.26,55724542.0
2019-01-03,ELET3,31.0,370699155.0
2019-01-03,ELET6,34.2,274058137.0
2019-01-03,EMBR3,21.9,68145582.0
2019-01-03,ENBR3,14.77,57900593.0
2019-01-03,EQTL3,77.0,147182174.0
2019-01-03,ESTC3,24.83,100518091.0
2019-01-03,FIBR3,66.3,2822619471.0
2019-01-03,FLRY3,20.45,31325619.0
2019-01-03,GGBR4,15.1,209855528.0
2019-01-03,GOAU4,7.19,69444743.0
2019-01-03,GOLL4,25.63,91400058.0
2019-01-03,HYPE3,31.6,63976569.0
2019-01-03,IGTA3,42.82,60064891.0
2019-01-03,ITSA4,12.76,478523568.0
2019-01-03,ITUB4,37.61,811511597.0
2019-01-03,JBSS3,12.23,71469129.0
2019-01-03,KLBN11,16.73,192902764.0
2019-01-03,KROT3,9.36,130659342.0
2019-01-03,LAME4,19.66,99668270.0
2019-01-03,LREN3,43.0,149191329.0
2019-01-03,MGLU3,184.0,150193947.0
2019-01-03,MRFG3,5.69,10137564.0
2019-01-03,MRVE3,12.63,40689654.0
2019-01-03,MULT3,25.1,64043130.0
2019-01-03,NATU3,46.76,84816109.0
2019-01-03,PCAR4,84.2,123098614.0
2019-01-03,PETR3,27.2,343019795.0
2019-01-03,PETR4,24.65,2317249975.0
2019-01-03,QUAL3,13.72,20888348.0
2019-01-03,RADL3,56.57,72285358.0
2019-01-03,RAIL3,17.44,275147276.0
2019-01-03,RENT3,30.36,152955596.0
2019-01-03,SANB11,47.25,132150216.0
2019-01-03,SBSP3,37.02,284317128.0
2019-01-03,SMLS3,44.0,45072468.0
2019-01-03,SUZB3,36.95,899129579.0
2019-01-03,TAEE11,24.28,49782710.0
2019-01-03,TIMP3,11.92,52402883.0
2019-01-03,UGPA3,53.33,140479045.0
2019-01-03,USIM5,9.55,180114419.0
2019-01-03,VALE3,49.0,1484680692.0
2019-01-03,VIVT4,47.6,97261437.0
2019-01-03,WEGE3,18.39,75151724.0
